solid OpenSCAD_Model
  facet normal -0.993068 -0.117541 0
    outer loop
      vertex 7.69476 6.13338 0
      vertex 7.67907 6.26594 1
      vertex 7.67907 6.26594 0
    endloop
  endfacet
  facet normal -0.993068 -0.117541 0
    outer loop
      vertex 7.67907 6.26594 1
      vertex 7.69476 6.13338 0
      vertex 7.69476 6.13338 1
    endloop
  endfacet
  facet normal -0.999229 -0.039256 0
    outer loop
      vertex 7.7 6 0
      vertex 7.69476 6.13338 1
      vertex 7.69476 6.13338 0
    endloop
  endfacet
  facet normal -0.999229 -0.039256 0
    outer loop
      vertex 7.69476 6.13338 1
      vertex 7.7 6 0
      vertex 7.7 6 1
    endloop
  endfacet
  facet normal -0.980788 -0.195079 0
    outer loop
      vertex 7.67907 6.26594 0
      vertex 7.65303 6.39686 1
      vertex 7.65303 6.39686 0
    endloop
  endfacet
  facet normal -0.980788 -0.195079 0
    outer loop
      vertex 7.65303 6.39686 1
      vertex 7.67907 6.26594 0
      vertex 7.67907 6.26594 1
    endloop
  endfacet
  facet normal 0.117541 -0.993068 0
    outer loop
      vertex 5.73406 7.67907 0
      vertex 5.86662 7.69476 1
      vertex 5.73406 7.67907 1
    endloop
  endfacet
  facet normal 0.117541 -0.993068 0
    outer loop
      vertex 5.86662 7.69476 1
      vertex 5.73406 7.67907 0
      vertex 5.86662 7.69476 0
    endloop
  endfacet
  facet normal 0.980788 0.195079 0
    outer loop
      vertex 4.34697 5.60314 1
      vertex 4.32093 5.73406 0
      vertex 4.32093 5.73406 1
    endloop
  endfacet
  facet normal 0.980788 0.195079 0
    outer loop
      vertex 4.32093 5.73406 0
      vertex 4.34697 5.60314 1
      vertex 4.34697 5.60314 0
    endloop
  endfacet
  facet normal -0.872516 -0.488585 0
    outer loop
      vertex 7.51471 6.77178 0
      vertex 7.44949 6.88825 1
      vertex 7.44949 6.88825 0
    endloop
  endfacet
  facet normal -0.872516 -0.488585 0
    outer loop
      vertex 7.44949 6.88825 1
      vertex 7.51471 6.77178 0
      vertex 7.51471 6.77178 1
    endloop
  endfacet
  facet normal 0.938191 -0.346118 0
    outer loop
      vertex 4.3832 6.52533 1
      vertex 4.4294 6.65056 0
      vertex 4.4294 6.65056 1
    endloop
  endfacet
  facet normal 0.938191 -0.346118 0
    outer loop
      vertex 4.4294 6.65056 0
      vertex 4.3832 6.52533 1
      vertex 4.3832 6.52533 0
    endloop
  endfacet
  facet normal -0.271425 0.96246 0
    outer loop
      vertex 6.52533 4.3832 0
      vertex 6.39686 4.34697 1
      vertex 6.52533 4.3832 1
    endloop
  endfacet
  facet normal -0.271425 0.96246 0
    outer loop
      vertex 6.39686 4.34697 1
      vertex 6.52533 4.3832 0
      vertex 6.39686 4.34697 0
    endloop
  endfacet
  facet normal -0.418702 0.908124 0
    outer loop
      vertex 6.77178 4.48529 0
      vertex 6.65056 4.4294 1
      vertex 6.77178 4.48529 1
    endloop
  endfacet
  facet normal -0.418702 0.908124 0
    outer loop
      vertex 6.65056 4.4294 1
      vertex 6.77178 4.48529 0
      vertex 6.65056 4.4294 0
    endloop
  endfacet
  facet normal -0.908152 0.41864 0
    outer loop
      vertex 7.51471 5.22822 0
      vertex 7.57059 5.34944 1
      vertex 7.57059 5.34944 0
    endloop
  endfacet
  facet normal -0.908152 0.41864 0
    outer loop
      vertex 7.57059 5.34944 1
      vertex 7.51471 5.22822 0
      vertex 7.51471 5.22822 1
    endloop
  endfacet
  facet normal -0.785293 0.619124 0
    outer loop
      vertex 7.29269 4.89594 0
      vertex 7.37533 5.00076 1
      vertex 7.37533 5.00076 0
    endloop
  endfacet
  facet normal -0.785293 0.619124 0
    outer loop
      vertex 7.37533 5.00076 1
      vertex 7.29269 4.89594 0
      vertex 7.29269 4.89594 1
    endloop
  endfacet
  facet normal 0.908124 -0.418702 0
    outer loop
      vertex 4.4294 6.65056 1
      vertex 4.48529 6.77178 0
      vertex 4.48529 6.77178 1
    endloop
  endfacet
  facet normal 0.908124 -0.418702 0
    outer loop
      vertex 4.48529 6.77178 0
      vertex 4.4294 6.65056 1
      vertex 4.4294 6.65056 0
    endloop
  endfacet
  facet normal 0.678806 -0.734318 0
    outer loop
      vertex 4.79792 7.20208 0
      vertex 4.89594 7.29269 1
      vertex 4.79792 7.20208 1
    endloop
  endfacet
  facet normal 0.678806 -0.734318 0
    outer loop
      vertex 4.89594 7.29269 1
      vertex 4.79792 7.20208 0
      vertex 4.89594 7.29269 0
    endloop
  endfacet
  facet normal -0.96246 -0.271425 0
    outer loop
      vertex 7.65303 6.39686 0
      vertex 7.6168 6.52533 1
      vertex 7.6168 6.52533 0
    endloop
  endfacet
  facet normal -0.96246 -0.271425 0
    outer loop
      vertex 7.6168 6.52533 1
      vertex 7.65303 6.39686 0
      vertex 7.65303 6.39686 1
    endloop
  endfacet
  facet normal 0.619124 -0.785293 0
    outer loop
      vertex 4.89594 7.29269 0
      vertex 5.00076 7.37533 1
      vertex 4.89594 7.29269 1
    endloop
  endfacet
  facet normal 0.619124 -0.785293 0
    outer loop
      vertex 5.00076 7.37533 1
      vertex 4.89594 7.29269 0
      vertex 5.00076 7.37533 0
    endloop
  endfacet
  facet normal -0.938166 -0.346184 0
    outer loop
      vertex 7.6168 6.52533 0
      vertex 7.57059 6.65056 1
      vertex 7.57059 6.65056 0
    endloop
  endfacet
  facet normal -0.938166 -0.346184 0
    outer loop
      vertex 7.57059 6.65056 1
      vertex 7.6168 6.52533 0
      vertex 7.6168 6.52533 1
    endloop
  endfacet
  facet normal 0.271425 -0.96246 0
    outer loop
      vertex 5.47467 7.6168 0
      vertex 5.60314 7.65303 1
      vertex 5.47467 7.6168 1
    endloop
  endfacet
  facet normal 0.271425 -0.96246 0
    outer loop
      vertex 5.60314 7.65303 1
      vertex 5.47467 7.6168 0
      vertex 5.60314 7.65303 0
    endloop
  endfacet
  facet normal 0.346184 -0.938166 0
    outer loop
      vertex 5.34944 7.57059 0
      vertex 5.47467 7.6168 1
      vertex 5.34944 7.57059 1
    endloop
  endfacet
  facet normal 0.346184 -0.938166 0
    outer loop
      vertex 5.47467 7.6168 1
      vertex 5.34944 7.57059 0
      vertex 5.47467 7.6168 0
    endloop
  endfacet
  facet normal -0.488585 0.872516 0
    outer loop
      vertex 6.88825 4.55051 0
      vertex 6.77178 4.48529 1
      vertex 6.88825 4.55051 1
    endloop
  endfacet
  facet normal -0.488585 0.872516 0
    outer loop
      vertex 6.77178 4.48529 1
      vertex 6.88825 4.55051 0
      vertex 6.77178 4.48529 0
    endloop
  endfacet
  facet normal -0.488585 -0.872516 0
    outer loop
      vertex 6.77178 7.51471 0
      vertex 6.88825 7.44949 1
      vertex 6.77178 7.51471 1
    endloop
  endfacet
  facet normal -0.488585 -0.872516 -0
    outer loop
      vertex 6.88825 7.44949 1
      vertex 6.77178 7.51471 0
      vertex 6.88825 7.44949 0
    endloop
  endfacet
  facet normal -0.41864 -0.908152 0
    outer loop
      vertex 6.65056 7.57059 0
      vertex 6.77178 7.51471 1
      vertex 6.65056 7.57059 1
    endloop
  endfacet
  facet normal -0.41864 -0.908152 -0
    outer loop
      vertex 6.77178 7.51471 1
      vertex 6.65056 7.57059 0
      vertex 6.77178 7.51471 0
    endloop
  endfacet
  facet normal 0.938191 0.346118 0
    outer loop
      vertex 4.4294 5.34944 1
      vertex 4.3832 5.47467 0
      vertex 4.3832 5.47467 1
    endloop
  endfacet
  facet normal 0.938191 0.346118 0
    outer loop
      vertex 4.3832 5.47467 0
      vertex 4.4294 5.34944 1
      vertex 4.4294 5.34944 0
    endloop
  endfacet
  facet normal 0.999229 -0.039256 0
    outer loop
      vertex 4.3 6 1
      vertex 4.30524 6.13338 0
      vertex 4.30524 6.13338 1
    endloop
  endfacet
  facet normal 0.999229 -0.039256 0
    outer loop
      vertex 4.30524 6.13338 0
      vertex 4.3 6 1
      vertex 4.3 6 0
    endloop
  endfacet
  facet normal -0.555599 -0.83145 0
    outer loop
      vertex 6.88825 7.44949 0
      vertex 6.99923 7.37533 1
      vertex 6.88825 7.44949 1
    endloop
  endfacet
  facet normal -0.555599 -0.83145 -0
    outer loop
      vertex 6.99923 7.37533 1
      vertex 6.88825 7.44949 0
      vertex 6.99923 7.37533 0
    endloop
  endfacet
  facet normal -0.999229 0.039256 0
    outer loop
      vertex 7.69476 5.86662 0
      vertex 7.7 6 1
      vertex 7.7 6 0
    endloop
  endfacet
  facet normal -0.999229 0.039256 0
    outer loop
      vertex 7.7 6 1
      vertex 7.69476 5.86662 0
      vertex 7.69476 5.86662 1
    endloop
  endfacet
  facet normal 0.993068 0.117541 0
    outer loop
      vertex 4.32093 5.73406 1
      vertex 4.30524 5.86662 0
      vertex 4.30524 5.86662 1
    endloop
  endfacet
  facet normal 0.993068 0.117541 0
    outer loop
      vertex 4.30524 5.86662 0
      vertex 4.32093 5.73406 1
      vertex 4.32093 5.73406 0
    endloop
  endfacet
  facet normal 0.41864 -0.908152 0
    outer loop
      vertex 5.22822 7.51471 0
      vertex 5.34944 7.57059 1
      vertex 5.22822 7.51471 1
    endloop
  endfacet
  facet normal 0.41864 -0.908152 0
    outer loop
      vertex 5.34944 7.57059 1
      vertex 5.22822 7.51471 0
      vertex 5.34944 7.57059 0
    endloop
  endfacet
  facet normal -0.346118 0.938191 0
    outer loop
      vertex 6.65056 4.4294 0
      vertex 6.52533 4.3832 1
      vertex 6.65056 4.4294 1
    endloop
  endfacet
  facet normal -0.346118 0.938191 0
    outer loop
      vertex 6.52533 4.3832 1
      vertex 6.65056 4.4294 0
      vertex 6.52533 4.3832 0
    endloop
  endfacet
  facet normal 0.619124 0.785293 -0
    outer loop
      vertex 5.00076 4.62467 0
      vertex 4.89594 4.70731 1
      vertex 5.00076 4.62467 1
    endloop
  endfacet
  facet normal 0.619124 0.785293 0
    outer loop
      vertex 4.89594 4.70731 1
      vertex 5.00076 4.62467 0
      vertex 4.89594 4.70731 0
    endloop
  endfacet
  facet normal -0.346184 -0.938166 0
    outer loop
      vertex 6.52533 7.6168 0
      vertex 6.65056 7.57059 1
      vertex 6.52533 7.6168 1
    endloop
  endfacet
  facet normal -0.346184 -0.938166 -0
    outer loop
      vertex 6.65056 7.57059 1
      vertex 6.52533 7.6168 0
      vertex 6.65056 7.57059 0
    endloop
  endfacet
  facet normal -0.993068 0.117541 0
    outer loop
      vertex 7.67907 5.73406 0
      vertex 7.69476 5.86662 1
      vertex 7.69476 5.86662 0
    endloop
  endfacet
  facet normal -0.993068 0.117541 0
    outer loop
      vertex 7.69476 5.86662 1
      vertex 7.67907 5.73406 0
      vertex 7.67907 5.73406 1
    endloop
  endfacet
  facet normal -0.039256 0.999229 0
    outer loop
      vertex 6.13338 4.30524 0
      vertex 6 4.3 1
      vertex 6.13338 4.30524 1
    endloop
  endfacet
  facet normal -0.039256 0.999229 0
    outer loop
      vertex 6 4.3 1
      vertex 6.13338 4.30524 0
      vertex 6 4.3 0
    endloop
  endfacet
  facet normal 0.908124 0.418702 0
    outer loop
      vertex 4.48529 5.22822 1
      vertex 4.4294 5.34944 0
      vertex 4.4294 5.34944 1
    endloop
  endfacet
  facet normal 0.908124 0.418702 0
    outer loop
      vertex 4.4294 5.34944 0
      vertex 4.48529 5.22822 1
      vertex 4.48529 5.22822 0
    endloop
  endfacet
  facet normal 0.872516 0.488585 0
    outer loop
      vertex 4.55051 5.11175 1
      vertex 4.48529 5.22822 0
      vertex 4.48529 5.22822 1
    endloop
  endfacet
  facet normal 0.872516 0.488585 0
    outer loop
      vertex 4.48529 5.22822 0
      vertex 4.55051 5.11175 1
      vertex 4.55051 5.11175 0
    endloop
  endfacet
  facet normal -0.678806 -0.734318 0
    outer loop
      vertex 7.10406 7.29269 0
      vertex 7.20208 7.20208 1
      vertex 7.10406 7.29269 1
    endloop
  endfacet
  facet normal -0.678806 -0.734318 -0
    outer loop
      vertex 7.20208 7.20208 1
      vertex 7.10406 7.29269 0
      vertex 7.20208 7.20208 0
    endloop
  endfacet
  facet normal -0.980788 0.195079 0
    outer loop
      vertex 7.65303 5.60314 0
      vertex 7.67907 5.73406 1
      vertex 7.67907 5.73406 0
    endloop
  endfacet
  facet normal -0.980788 0.195079 0
    outer loop
      vertex 7.67907 5.73406 1
      vertex 7.65303 5.60314 0
      vertex 7.65303 5.60314 1
    endloop
  endfacet
  facet normal -0.96246 0.271425 0
    outer loop
      vertex 7.6168 5.47467 0
      vertex 7.65303 5.60314 1
      vertex 7.65303 5.60314 0
    endloop
  endfacet
  facet normal -0.96246 0.271425 0
    outer loop
      vertex 7.65303 5.60314 1
      vertex 7.6168 5.47467 0
      vertex 7.6168 5.47467 1
    endloop
  endfacet
  facet normal 0.271425 0.96246 -0
    outer loop
      vertex 5.60314 4.34697 0
      vertex 5.47467 4.3832 1
      vertex 5.60314 4.34697 1
    endloop
  endfacet
  facet normal 0.271425 0.96246 0
    outer loop
      vertex 5.47467 4.3832 1
      vertex 5.60314 4.34697 0
      vertex 5.47467 4.3832 0
    endloop
  endfacet
  facet normal 0.734318 -0.678806 0
    outer loop
      vertex 4.70731 7.10406 1
      vertex 4.79792 7.20208 0
      vertex 4.79792 7.20208 1
    endloop
  endfacet
  facet normal 0.734318 -0.678806 0
    outer loop
      vertex 4.79792 7.20208 0
      vertex 4.70731 7.10406 1
      vertex 4.70731 7.10406 0
    endloop
  endfacet
  facet normal -0.619088 -0.785322 0
    outer loop
      vertex 6.99923 7.37533 0
      vertex 7.10406 7.29269 1
      vertex 6.99923 7.37533 1
    endloop
  endfacet
  facet normal -0.619088 -0.785322 -0
    outer loop
      vertex 7.10406 7.29269 1
      vertex 6.99923 7.37533 0
      vertex 7.10406 7.29269 0
    endloop
  endfacet
  facet normal -0.831474 0.555564 0
    outer loop
      vertex 7.37533 5.00076 0
      vertex 7.44949 5.11175 1
      vertex 7.44949 5.11175 0
    endloop
  endfacet
  facet normal -0.831474 0.555564 0
    outer loop
      vertex 7.44949 5.11175 1
      vertex 7.37533 5.00076 0
      vertex 7.37533 5.00076 1
    endloop
  endfacet
  facet normal -0.908152 -0.41864 0
    outer loop
      vertex 7.57059 6.65056 0
      vertex 7.51471 6.77178 1
      vertex 7.51471 6.77178 0
    endloop
  endfacet
  facet normal -0.908152 -0.41864 0
    outer loop
      vertex 7.51471 6.77178 1
      vertex 7.57059 6.65056 0
      vertex 7.57059 6.65056 1
    endloop
  endfacet
  facet normal -0.938166 0.346184 0
    outer loop
      vertex 7.57059 5.34944 0
      vertex 7.6168 5.47467 1
      vertex 7.6168 5.47467 0
    endloop
  endfacet
  facet normal -0.938166 0.346184 0
    outer loop
      vertex 7.6168 5.47467 1
      vertex 7.57059 5.34944 0
      vertex 7.57059 5.34944 1
    endloop
  endfacet
  facet normal 0.195079 -0.980788 0
    outer loop
      vertex 5.60314 7.65303 0
      vertex 5.73406 7.67907 1
      vertex 5.60314 7.65303 1
    endloop
  endfacet
  facet normal 0.195079 -0.980788 0
    outer loop
      vertex 5.73406 7.67907 1
      vertex 5.60314 7.65303 0
      vertex 5.73406 7.67907 0
    endloop
  endfacet
  facet normal 0.993068 -0.117541 0
    outer loop
      vertex 4.30524 6.13338 1
      vertex 4.32093 6.26594 0
      vertex 4.32093 6.26594 1
    endloop
  endfacet
  facet normal 0.993068 -0.117541 0
    outer loop
      vertex 4.32093 6.26594 0
      vertex 4.30524 6.13338 1
      vertex 4.30524 6.13338 0
    endloop
  endfacet
  facet normal 0.785293 0.619124 0
    outer loop
      vertex 4.70731 4.89594 1
      vertex 4.62467 5.00076 0
      vertex 4.62467 5.00076 1
    endloop
  endfacet
  facet normal 0.785293 0.619124 0
    outer loop
      vertex 4.62467 5.00076 0
      vertex 4.70731 4.89594 1
      vertex 4.70731 4.89594 0
    endloop
  endfacet
  facet normal -0.734318 0.678806 0
    outer loop
      vertex 7.20208 4.79792 0
      vertex 7.29269 4.89594 1
      vertex 7.29269 4.89594 0
    endloop
  endfacet
  facet normal -0.734318 0.678806 0
    outer loop
      vertex 7.29269 4.89594 1
      vertex 7.20208 4.79792 0
      vertex 7.20208 4.79792 1
    endloop
  endfacet
  facet normal -0.555599 0.83145 0
    outer loop
      vertex 6.99923 4.62467 0
      vertex 6.88825 4.55051 1
      vertex 6.99923 4.62467 1
    endloop
  endfacet
  facet normal -0.555599 0.83145 0
    outer loop
      vertex 6.88825 4.55051 1
      vertex 6.99923 4.62467 0
      vertex 6.88825 4.55051 0
    endloop
  endfacet
  facet normal 0.678806 0.734318 -0
    outer loop
      vertex 4.89594 4.70731 0
      vertex 4.79792 4.79792 1
      vertex 4.89594 4.70731 1
    endloop
  endfacet
  facet normal 0.678806 0.734318 0
    outer loop
      vertex 4.79792 4.79792 1
      vertex 4.89594 4.70731 0
      vertex 4.79792 4.79792 0
    endloop
  endfacet
  facet normal -0.195079 0.980788 0
    outer loop
      vertex 6.39686 4.34697 0
      vertex 6.26594 4.32093 1
      vertex 6.39686 4.34697 1
    endloop
  endfacet
  facet normal -0.195079 0.980788 0
    outer loop
      vertex 6.26594 4.32093 1
      vertex 6.39686 4.34697 0
      vertex 6.26594 4.32093 0
    endloop
  endfacet
  facet normal -0.117541 0.993068 0
    outer loop
      vertex 6.26594 4.32093 0
      vertex 6.13338 4.30524 1
      vertex 6.26594 4.32093 1
    endloop
  endfacet
  facet normal -0.117541 0.993068 0
    outer loop
      vertex 6.13338 4.30524 1
      vertex 6.26594 4.32093 0
      vertex 6.13338 4.30524 0
    endloop
  endfacet
  facet normal 0.488585 0.872516 -0
    outer loop
      vertex 5.22822 4.48529 0
      vertex 5.11175 4.55051 1
      vertex 5.22822 4.48529 1
    endloop
  endfacet
  facet normal 0.488585 0.872516 0
    outer loop
      vertex 5.11175 4.55051 1
      vertex 5.22822 4.48529 0
      vertex 5.11175 4.55051 0
    endloop
  endfacet
  facet normal -0.785322 -0.619088 0
    outer loop
      vertex 7.37533 6.99923 0
      vertex 7.29269 7.10406 1
      vertex 7.29269 7.10406 0
    endloop
  endfacet
  facet normal -0.785322 -0.619088 0
    outer loop
      vertex 7.29269 7.10406 1
      vertex 7.37533 6.99923 0
      vertex 7.37533 6.99923 1
    endloop
  endfacet
  facet normal 0.555564 0.831474 -0
    outer loop
      vertex 5.11175 4.55051 0
      vertex 5.00076 4.62467 1
      vertex 5.11175 4.55051 1
    endloop
  endfacet
  facet normal 0.555564 0.831474 0
    outer loop
      vertex 5.00076 4.62467 1
      vertex 5.11175 4.55051 0
      vertex 5.00076 4.62467 0
    endloop
  endfacet
  facet normal 0.96246 0.271425 0
    outer loop
      vertex 4.3832 5.47467 1
      vertex 4.34697 5.60314 0
      vertex 4.34697 5.60314 1
    endloop
  endfacet
  facet normal 0.96246 0.271425 0
    outer loop
      vertex 4.34697 5.60314 0
      vertex 4.3832 5.47467 1
      vertex 4.3832 5.47467 0
    endloop
  endfacet
  facet normal -0.039256 -0.999229 0
    outer loop
      vertex 6 7.7 0
      vertex 6.13338 7.69476 1
      vertex 6 7.7 1
    endloop
  endfacet
  facet normal -0.039256 -0.999229 -0
    outer loop
      vertex 6.13338 7.69476 1
      vertex 6 7.7 0
      vertex 6.13338 7.69476 0
    endloop
  endfacet
  facet normal 0.039256 -0.999229 0
    outer loop
      vertex 5.86662 7.69476 0
      vertex 6 7.7 1
      vertex 5.86662 7.69476 1
    endloop
  endfacet
  facet normal 0.039256 -0.999229 0
    outer loop
      vertex 6 7.7 1
      vertex 5.86662 7.69476 0
      vertex 6 7.7 0
    endloop
  endfacet
  facet normal 0.734318 0.678806 0
    outer loop
      vertex 4.79792 4.79792 1
      vertex 4.70731 4.89594 0
      vertex 4.70731 4.89594 1
    endloop
  endfacet
  facet normal 0.734318 0.678806 0
    outer loop
      vertex 4.70731 4.89594 0
      vertex 4.79792 4.79792 1
      vertex 4.79792 4.79792 0
    endloop
  endfacet
  facet normal -0.271425 -0.96246 0
    outer loop
      vertex 6.39686 7.65303 0
      vertex 6.52533 7.6168 1
      vertex 6.39686 7.65303 1
    endloop
  endfacet
  facet normal -0.271425 -0.96246 -0
    outer loop
      vertex 6.52533 7.6168 1
      vertex 6.39686 7.65303 0
      vertex 6.52533 7.6168 0
    endloop
  endfacet
  facet normal 0.488585 -0.872516 0
    outer loop
      vertex 5.11175 7.44949 0
      vertex 5.22822 7.51471 1
      vertex 5.11175 7.44949 1
    endloop
  endfacet
  facet normal 0.488585 -0.872516 0
    outer loop
      vertex 5.22822 7.51471 1
      vertex 5.11175 7.44949 0
      vertex 5.22822 7.51471 0
    endloop
  endfacet
  facet normal 0.117541 0.993068 -0
    outer loop
      vertex 5.86662 4.30524 0
      vertex 5.73406 4.32093 1
      vertex 5.86662 4.30524 1
    endloop
  endfacet
  facet normal 0.117541 0.993068 0
    outer loop
      vertex 5.73406 4.32093 1
      vertex 5.86662 4.30524 0
      vertex 5.73406 4.32093 0
    endloop
  endfacet
  facet normal 0.96246 -0.271425 0
    outer loop
      vertex 4.34697 6.39686 1
      vertex 4.3832 6.52533 0
      vertex 4.3832 6.52533 1
    endloop
  endfacet
  facet normal 0.96246 -0.271425 0
    outer loop
      vertex 4.3832 6.52533 0
      vertex 4.34697 6.39686 1
      vertex 4.34697 6.39686 0
    endloop
  endfacet
  facet normal -0.83145 -0.555599 0
    outer loop
      vertex 7.44949 6.88825 0
      vertex 7.37533 6.99923 1
      vertex 7.37533 6.99923 0
    endloop
  endfacet
  facet normal -0.83145 -0.555599 0
    outer loop
      vertex 7.37533 6.99923 1
      vertex 7.44949 6.88825 0
      vertex 7.44949 6.88825 1
    endloop
  endfacet
  facet normal -0.734318 -0.678806 0
    outer loop
      vertex 7.29269 7.10406 0
      vertex 7.20208 7.20208 1
      vertex 7.20208 7.20208 0
    endloop
  endfacet
  facet normal -0.734318 -0.678806 0
    outer loop
      vertex 7.20208 7.20208 1
      vertex 7.29269 7.10406 0
      vertex 7.29269 7.10406 1
    endloop
  endfacet
  facet normal 0.831474 0.555564 0
    outer loop
      vertex 4.62467 5.00076 1
      vertex 4.55051 5.11175 0
      vertex 4.55051 5.11175 1
    endloop
  endfacet
  facet normal 0.831474 0.555564 0
    outer loop
      vertex 4.55051 5.11175 0
      vertex 4.62467 5.00076 1
      vertex 4.62467 5.00076 0
    endloop
  endfacet
  facet normal -0.619088 0.785322 0
    outer loop
      vertex 7.10406 4.70731 0
      vertex 6.99923 4.62467 1
      vertex 7.10406 4.70731 1
    endloop
  endfacet
  facet normal -0.619088 0.785322 0
    outer loop
      vertex 6.99923 4.62467 1
      vertex 7.10406 4.70731 0
      vertex 6.99923 4.62467 0
    endloop
  endfacet
  facet normal 0.785322 -0.619088 0
    outer loop
      vertex 4.62467 6.99923 1
      vertex 4.70731 7.10406 0
      vertex 4.70731 7.10406 1
    endloop
  endfacet
  facet normal 0.785322 -0.619088 0
    outer loop
      vertex 4.70731 7.10406 0
      vertex 4.62467 6.99923 1
      vertex 4.62467 6.99923 0
    endloop
  endfacet
  facet normal -0.872516 0.488585 0
    outer loop
      vertex 7.44949 5.11175 0
      vertex 7.51471 5.22822 1
      vertex 7.51471 5.22822 0
    endloop
  endfacet
  facet normal -0.872516 0.488585 0
    outer loop
      vertex 7.51471 5.22822 1
      vertex 7.44949 5.11175 0
      vertex 7.44949 5.11175 1
    endloop
  endfacet
  facet normal 0.999229 0.039256 0
    outer loop
      vertex 4.30524 5.86662 1
      vertex 4.3 6 0
      vertex 4.3 6 1
    endloop
  endfacet
  facet normal 0.999229 0.039256 0
    outer loop
      vertex 4.3 6 0
      vertex 4.30524 5.86662 1
      vertex 4.30524 5.86662 0
    endloop
  endfacet
  facet normal 0.83145 -0.555599 0
    outer loop
      vertex 4.55051 6.88825 1
      vertex 4.62467 6.99923 0
      vertex 4.62467 6.99923 1
    endloop
  endfacet
  facet normal 0.83145 -0.555599 0
    outer loop
      vertex 4.62467 6.99923 0
      vertex 4.55051 6.88825 1
      vertex 4.55051 6.88825 0
    endloop
  endfacet
  facet normal -0.195079 -0.980788 0
    outer loop
      vertex 6.26594 7.67907 0
      vertex 6.39686 7.65303 1
      vertex 6.26594 7.67907 1
    endloop
  endfacet
  facet normal -0.195079 -0.980788 -0
    outer loop
      vertex 6.39686 7.65303 1
      vertex 6.26594 7.67907 0
      vertex 6.39686 7.65303 0
    endloop
  endfacet
  facet normal 0.346118 0.938191 -0
    outer loop
      vertex 5.47467 4.3832 0
      vertex 5.34944 4.4294 1
      vertex 5.47467 4.3832 1
    endloop
  endfacet
  facet normal 0.346118 0.938191 0
    outer loop
      vertex 5.34944 4.4294 1
      vertex 5.47467 4.3832 0
      vertex 5.34944 4.4294 0
    endloop
  endfacet
  facet normal 0.039256 0.999229 -0
    outer loop
      vertex 6 4.3 0
      vertex 5.86662 4.30524 1
      vertex 6 4.3 1
    endloop
  endfacet
  facet normal 0.039256 0.999229 0
    outer loop
      vertex 5.86662 4.30524 1
      vertex 6 4.3 0
      vertex 5.86662 4.30524 0
    endloop
  endfacet
  facet normal 0.872516 -0.488585 0
    outer loop
      vertex 4.48529 6.77178 1
      vertex 4.55051 6.88825 0
      vertex 4.55051 6.88825 1
    endloop
  endfacet
  facet normal 0.872516 -0.488585 0
    outer loop
      vertex 4.55051 6.88825 0
      vertex 4.48529 6.77178 1
      vertex 4.48529 6.77178 0
    endloop
  endfacet
  facet normal -0.678806 0.734318 0
    outer loop
      vertex 7.20208 4.79792 0
      vertex 7.10406 4.70731 1
      vertex 7.20208 4.79792 1
    endloop
  endfacet
  facet normal -0.678806 0.734318 0
    outer loop
      vertex 7.10406 4.70731 1
      vertex 7.20208 4.79792 0
      vertex 7.10406 4.70731 0
    endloop
  endfacet
  facet normal -0.117541 -0.993068 0
    outer loop
      vertex 6.13338 7.69476 0
      vertex 6.26594 7.67907 1
      vertex 6.13338 7.69476 1
    endloop
  endfacet
  facet normal -0.117541 -0.993068 -0
    outer loop
      vertex 6.26594 7.67907 1
      vertex 6.13338 7.69476 0
      vertex 6.26594 7.67907 0
    endloop
  endfacet
  facet normal 0.555564 -0.831474 0
    outer loop
      vertex 5.00076 7.37533 0
      vertex 5.11175 7.44949 1
      vertex 5.00076 7.37533 1
    endloop
  endfacet
  facet normal 0.555564 -0.831474 0
    outer loop
      vertex 5.11175 7.44949 1
      vertex 5.00076 7.37533 0
      vertex 5.11175 7.44949 0
    endloop
  endfacet
  facet normal 0.195079 0.980788 -0
    outer loop
      vertex 5.73406 4.32093 0
      vertex 5.60314 4.34697 1
      vertex 5.73406 4.32093 1
    endloop
  endfacet
  facet normal 0.195079 0.980788 0
    outer loop
      vertex 5.60314 4.34697 1
      vertex 5.73406 4.32093 0
      vertex 5.60314 4.34697 0
    endloop
  endfacet
  facet normal 0.980788 -0.195079 0
    outer loop
      vertex 4.32093 6.26594 1
      vertex 4.34697 6.39686 0
      vertex 4.34697 6.39686 1
    endloop
  endfacet
  facet normal 0.980788 -0.195079 0
    outer loop
      vertex 4.34697 6.39686 0
      vertex 4.32093 6.26594 1
      vertex 4.32093 6.26594 0
    endloop
  endfacet
  facet normal 0.418702 0.908124 -0
    outer loop
      vertex 5.34944 4.4294 0
      vertex 5.22822 4.48529 1
      vertex 5.34944 4.4294 1
    endloop
  endfacet
  facet normal 0.418702 0.908124 0
    outer loop
      vertex 5.22822 4.48529 1
      vertex 5.34944 4.4294 0
      vertex 5.22822 4.48529 0
    endloop
  endfacet
  facet normal -0.993062 -0.117594 0
    outer loop
      vertex 7.69476 69.1334 0
      vertex 7.67907 69.2659 1
      vertex 7.67907 69.2659 0
    endloop
  endfacet
  facet normal -0.993062 -0.117594 0
    outer loop
      vertex 7.67907 69.2659 1
      vertex 7.69476 69.1334 0
      vertex 7.69476 69.1334 1
    endloop
  endfacet
  facet normal -0.999229 -0.0392501 0
    outer loop
      vertex 7.7 69 0
      vertex 7.69476 69.1334 1
      vertex 7.69476 69.1334 0
    endloop
  endfacet
  facet normal -0.999229 -0.0392501 0
    outer loop
      vertex 7.69476 69.1334 1
      vertex 7.7 69 0
      vertex 7.7 69 1
    endloop
  endfacet
  facet normal -0.98081 -0.194964 0
    outer loop
      vertex 7.67907 69.2659 0
      vertex 7.65303 69.3969 1
      vertex 7.65303 69.3969 0
    endloop
  endfacet
  facet normal -0.98081 -0.194964 0
    outer loop
      vertex 7.65303 69.3969 1
      vertex 7.67907 69.2659 0
      vertex 7.67907 69.2659 1
    endloop
  endfacet
  facet normal 0.117615 -0.993059 0
    outer loop
      vertex 5.73406 70.6791 0
      vertex 5.86662 70.6948 1
      vertex 5.73406 70.6791 1
    endloop
  endfacet
  facet normal 0.117615 -0.993059 0
    outer loop
      vertex 5.86662 70.6948 1
      vertex 5.73406 70.6791 0
      vertex 5.86662 70.6948 0
    endloop
  endfacet
  facet normal 0.98081 0.194964 0
    outer loop
      vertex 4.34697 68.6031 1
      vertex 4.32093 68.7341 0
      vertex 4.32093 68.7341 1
    endloop
  endfacet
  facet normal 0.98081 0.194964 0
    outer loop
      vertex 4.32093 68.7341 0
      vertex 4.34697 68.6031 1
      vertex 4.34697 68.6031 0
    endloop
  endfacet
  facet normal -0.872391 -0.488809 0
    outer loop
      vertex 7.51471 69.7718 0
      vertex 7.44949 69.8882 1
      vertex 7.44949 69.8882 0
    endloop
  endfacet
  facet normal -0.872391 -0.488809 0
    outer loop
      vertex 7.44949 69.8882 1
      vertex 7.51471 69.7718 0
      vertex 7.51471 69.7718 1
    endloop
  endfacet
  facet normal 0.938254 -0.345948 0
    outer loop
      vertex 4.3832 69.5253 1
      vertex 4.4294 69.6506 0
      vertex 4.4294 69.6506 1
    endloop
  endfacet
  facet normal 0.938254 -0.345948 0
    outer loop
      vertex 4.4294 69.6506 0
      vertex 4.3832 69.5253 1
      vertex 4.3832 69.5253 0
    endloop
  endfacet
  facet normal -0.271216 0.962518 0
    outer loop
      vertex 6.52533 67.3832 0
      vertex 6.39686 67.347 1
      vertex 6.52533 67.3832 1
    endloop
  endfacet
  facet normal -0.271216 0.962518 0
    outer loop
      vertex 6.39686 67.347 1
      vertex 6.52533 67.3832 0
      vertex 6.39686 67.347 0
    endloop
  endfacet
  facet normal -0.117615 -0.993059 0
    outer loop
      vertex 6.13338 70.6948 0
      vertex 6.26594 70.6791 1
      vertex 6.13338 70.6948 1
    endloop
  endfacet
  facet normal -0.117615 -0.993059 -0
    outer loop
      vertex 6.26594 70.6791 1
      vertex 6.13338 70.6948 0
      vertex 6.26594 70.6791 0
    endloop
  endfacet
  facet normal -0.418764 0.908095 0
    outer loop
      vertex 6.77178 67.4853 0
      vertex 6.65056 67.4294 1
      vertex 6.77178 67.4853 1
    endloop
  endfacet
  facet normal -0.418764 0.908095 0
    outer loop
      vertex 6.65056 67.4294 1
      vertex 6.77178 67.4853 0
      vertex 6.65056 67.4294 0
    endloop
  endfacet
  facet normal -0.908126 0.418697 0
    outer loop
      vertex 7.51471 68.2282 0
      vertex 7.57059 68.3494 1
      vertex 7.57059 68.3494 0
    endloop
  endfacet
  facet normal -0.908126 0.418697 0
    outer loop
      vertex 7.57059 68.3494 1
      vertex 7.51471 68.2282 0
      vertex 7.51471 68.2282 1
    endloop
  endfacet
  facet normal -0.785523 0.618833 0
    outer loop
      vertex 7.29269 67.8959 0
      vertex 7.37533 68.0008 1
      vertex 7.37533 68.0008 0
    endloop
  endfacet
  facet normal -0.785523 0.618833 0
    outer loop
      vertex 7.37533 68.0008 1
      vertex 7.29269 67.8959 0
      vertex 7.29269 67.8959 1
    endloop
  endfacet
  facet normal 0.908097 -0.418759 0
    outer loop
      vertex 4.4294 69.6506 1
      vertex 4.48529 69.7718 0
      vertex 4.48529 69.7718 1
    endloop
  endfacet
  facet normal 0.908097 -0.418759 0
    outer loop
      vertex 4.48529 69.7718 0
      vertex 4.4294 69.6506 1
      vertex 4.4294 69.6506 0
    endloop
  endfacet
  facet normal 0.678765 -0.734355 0
    outer loop
      vertex 4.79792 70.2021 0
      vertex 4.89594 70.2927 1
      vertex 4.79792 70.2021 1
    endloop
  endfacet
  facet normal 0.678765 -0.734355 0
    outer loop
      vertex 4.89594 70.2927 1
      vertex 4.79792 70.2021 0
      vertex 4.89594 70.2927 0
    endloop
  endfacet
  facet normal -0.962421 -0.271562 0
    outer loop
      vertex 7.65303 69.3969 0
      vertex 7.6168 69.5253 1
      vertex 7.6168 69.5253 0
    endloop
  endfacet
  facet normal -0.962421 -0.271562 0
    outer loop
      vertex 7.6168 69.5253 1
      vertex 7.65303 69.3969 0
      vertex 7.65303 69.3969 1
    endloop
  endfacet
  facet normal 0.618939 -0.785439 0
    outer loop
      vertex 4.89594 70.2927 0
      vertex 5.00076 70.3753 1
      vertex 4.89594 70.2927 1
    endloop
  endfacet
  facet normal 0.618939 -0.785439 0
    outer loop
      vertex 5.00076 70.3753 1
      vertex 4.89594 70.2927 0
      vertex 5.00076 70.3753 0
    endloop
  endfacet
  facet normal -0.938229 -0.346014 0
    outer loop
      vertex 7.6168 69.5253 0
      vertex 7.57059 69.6506 1
      vertex 7.57059 69.6506 0
    endloop
  endfacet
  facet normal -0.938229 -0.346014 0
    outer loop
      vertex 7.57059 69.6506 1
      vertex 7.6168 69.5253 0
      vertex 7.6168 69.5253 1
    endloop
  endfacet
  facet normal 0.271216 -0.962518 0
    outer loop
      vertex 5.47467 70.6168 0
      vertex 5.60314 70.653 1
      vertex 5.47467 70.6168 1
    endloop
  endfacet
  facet normal 0.271216 -0.962518 0
    outer loop
      vertex 5.60314 70.653 1
      vertex 5.47467 70.6168 0
      vertex 5.60314 70.653 0
    endloop
  endfacet
  facet normal 0.346118 -0.938191 0
    outer loop
      vertex 5.34944 70.5706 0
      vertex 5.47467 70.6168 1
      vertex 5.34944 70.5706 1
    endloop
  endfacet
  facet normal 0.346118 -0.938191 0
    outer loop
      vertex 5.47467 70.6168 1
      vertex 5.34944 70.5706 0
      vertex 5.47467 70.6168 0
    endloop
  endfacet
  facet normal -0.488471 0.87258 0
    outer loop
      vertex 6.88825 67.5505 0
      vertex 6.77178 67.4853 1
      vertex 6.88825 67.5505 1
    endloop
  endfacet
  facet normal -0.488471 0.87258 0
    outer loop
      vertex 6.77178 67.4853 1
      vertex 6.88825 67.5505 0
      vertex 6.77178 67.4853 0
    endloop
  endfacet
  facet normal -0.488471 -0.87258 0
    outer loop
      vertex 6.77178 70.5147 0
      vertex 6.88825 70.4495 1
      vertex 6.77178 70.5147 1
    endloop
  endfacet
  facet normal -0.488471 -0.87258 -0
    outer loop
      vertex 6.88825 70.4495 1
      vertex 6.77178 70.5147 0
      vertex 6.88825 70.4495 0
    endloop
  endfacet
  facet normal -0.418764 -0.908095 0
    outer loop
      vertex 6.65056 70.5706 0
      vertex 6.77178 70.5147 1
      vertex 6.65056 70.5706 1
    endloop
  endfacet
  facet normal -0.418764 -0.908095 -0
    outer loop
      vertex 6.77178 70.5147 1
      vertex 6.65056 70.5706 0
      vertex 6.77178 70.5147 0
    endloop
  endfacet
  facet normal 0.938254 0.345948 0
    outer loop
      vertex 4.4294 68.3494 1
      vertex 4.3832 68.4747 0
      vertex 4.3832 68.4747 1
    endloop
  endfacet
  facet normal 0.938254 0.345948 0
    outer loop
      vertex 4.3832 68.4747 0
      vertex 4.4294 68.3494 1
      vertex 4.4294 68.3494 0
    endloop
  endfacet
  facet normal 0.999229 -0.0392501 0
    outer loop
      vertex 4.3 69 1
      vertex 4.30524 69.1334 0
      vertex 4.30524 69.1334 1
    endloop
  endfacet
  facet normal 0.999229 -0.0392501 0
    outer loop
      vertex 4.30524 69.1334 0
      vertex 4.3 69 1
      vertex 4.3 69 0
    endloop
  endfacet
  facet normal -0.555806 -0.831312 0
    outer loop
      vertex 6.88825 70.4495 0
      vertex 6.99923 70.3753 1
      vertex 6.88825 70.4495 1
    endloop
  endfacet
  facet normal -0.555806 -0.831312 -0
    outer loop
      vertex 6.99923 70.3753 1
      vertex 6.88825 70.4495 0
      vertex 6.99923 70.3753 0
    endloop
  endfacet
  facet normal -0.999229 0.0392501 0
    outer loop
      vertex 7.69476 68.8666 0
      vertex 7.7 69 1
      vertex 7.7 69 0
    endloop
  endfacet
  facet normal -0.999229 0.0392501 0
    outer loop
      vertex 7.7 69 1
      vertex 7.69476 68.8666 0
      vertex 7.69476 68.8666 1
    endloop
  endfacet
  facet normal 0.993062 0.117594 0
    outer loop
      vertex 4.32093 68.7341 1
      vertex 4.30524 68.8666 0
      vertex 4.30524 68.8666 1
    endloop
  endfacet
  facet normal 0.993062 0.117594 0
    outer loop
      vertex 4.30524 68.8666 0
      vertex 4.32093 68.7341 1
      vertex 4.32093 68.7341 0
    endloop
  endfacet
  facet normal 0.418764 -0.908095 0
    outer loop
      vertex 5.22822 70.5147 0
      vertex 5.34944 70.5706 1
      vertex 5.22822 70.5147 1
    endloop
  endfacet
  facet normal 0.418764 -0.908095 0
    outer loop
      vertex 5.34944 70.5706 1
      vertex 5.22822 70.5147 0
      vertex 5.34944 70.5706 0
    endloop
  endfacet
  facet normal -0.346118 0.938191 0
    outer loop
      vertex 6.65056 67.4294 0
      vertex 6.52533 67.3832 1
      vertex 6.65056 67.4294 1
    endloop
  endfacet
  facet normal -0.346118 0.938191 0
    outer loop
      vertex 6.52533 67.3832 1
      vertex 6.65056 67.4294 0
      vertex 6.52533 67.3832 0
    endloop
  endfacet
  facet normal 0.618939 0.785439 -0
    outer loop
      vertex 5.00076 67.6247 0
      vertex 4.89594 67.7073 1
      vertex 5.00076 67.6247 1
    endloop
  endfacet
  facet normal 0.618939 0.785439 0
    outer loop
      vertex 4.89594 67.7073 1
      vertex 5.00076 67.6247 0
      vertex 4.89594 67.7073 0
    endloop
  endfacet
  facet normal -0.346118 -0.938191 0
    outer loop
      vertex 6.52533 70.6168 0
      vertex 6.65056 70.5706 1
      vertex 6.52533 70.6168 1
    endloop
  endfacet
  facet normal -0.346118 -0.938191 -0
    outer loop
      vertex 6.65056 70.5706 1
      vertex 6.52533 70.6168 0
      vertex 6.65056 70.5706 0
    endloop
  endfacet
  facet normal -0.993062 0.117594 0
    outer loop
      vertex 7.67907 68.7341 0
      vertex 7.69476 68.8666 1
      vertex 7.69476 68.8666 0
    endloop
  endfacet
  facet normal -0.993062 0.117594 0
    outer loop
      vertex 7.69476 68.8666 1
      vertex 7.67907 68.7341 0
      vertex 7.67907 68.7341 1
    endloop
  endfacet
  facet normal -0.0389568 0.999241 0
    outer loop
      vertex 6.13338 67.3052 0
      vertex 6 67.3 1
      vertex 6.13338 67.3052 1
    endloop
  endfacet
  facet normal -0.0389568 0.999241 0
    outer loop
      vertex 6 67.3 1
      vertex 6.13338 67.3052 0
      vertex 6 67.3 0
    endloop
  endfacet
  facet normal 0.908097 0.418759 0
    outer loop
      vertex 4.48529 68.2282 1
      vertex 4.4294 68.3494 0
      vertex 4.4294 68.3494 1
    endloop
  endfacet
  facet normal 0.908097 0.418759 0
    outer loop
      vertex 4.4294 68.3494 0
      vertex 4.48529 68.2282 1
      vertex 4.48529 68.2282 0
    endloop
  endfacet
  facet normal 0.872391 0.488809 0
    outer loop
      vertex 4.55051 68.1118 1
      vertex 4.48529 68.2282 0
      vertex 4.48529 68.2282 1
    endloop
  endfacet
  facet normal 0.872391 0.488809 0
    outer loop
      vertex 4.48529 68.2282 0
      vertex 4.55051 68.1118 1
      vertex 4.55051 68.1118 0
    endloop
  endfacet
  facet normal -0.678765 -0.734355 0
    outer loop
      vertex 7.10406 70.2927 0
      vertex 7.20208 70.2021 1
      vertex 7.10406 70.2927 1
    endloop
  endfacet
  facet normal -0.678765 -0.734355 -0
    outer loop
      vertex 7.20208 70.2021 1
      vertex 7.10406 70.2927 0
      vertex 7.20208 70.2021 0
    endloop
  endfacet
  facet normal -0.98081 0.194964 0
    outer loop
      vertex 7.65303 68.6031 0
      vertex 7.67907 68.7341 1
      vertex 7.67907 68.7341 0
    endloop
  endfacet
  facet normal -0.98081 0.194964 0
    outer loop
      vertex 7.67907 68.7341 1
      vertex 7.65303 68.6031 0
      vertex 7.65303 68.6031 1
    endloop
  endfacet
  facet normal -0.962421 0.271562 0
    outer loop
      vertex 7.6168 68.4747 0
      vertex 7.65303 68.6031 1
      vertex 7.65303 68.6031 0
    endloop
  endfacet
  facet normal -0.962421 0.271562 0
    outer loop
      vertex 7.65303 68.6031 1
      vertex 7.6168 68.4747 0
      vertex 7.6168 68.4747 1
    endloop
  endfacet
  facet normal 0.271216 0.962518 -0
    outer loop
      vertex 5.60314 67.347 0
      vertex 5.47467 67.3832 1
      vertex 5.60314 67.347 1
    endloop
  endfacet
  facet normal 0.271216 0.962518 0
    outer loop
      vertex 5.47467 67.3832 1
      vertex 5.60314 67.347 0
      vertex 5.47467 67.3832 0
    endloop
  endfacet
  facet normal 0.872391 -0.488809 0
    outer loop
      vertex 4.48529 69.7718 1
      vertex 4.55051 69.8882 0
      vertex 4.55051 69.8882 1
    endloop
  endfacet
  facet normal 0.872391 -0.488809 0
    outer loop
      vertex 4.55051 69.8882 0
      vertex 4.48529 69.7718 1
      vertex 4.48529 69.7718 0
    endloop
  endfacet
  facet normal 0.734249 -0.67888 0
    outer loop
      vertex 4.70731 70.1041 1
      vertex 4.79792 70.2021 0
      vertex 4.79792 70.2021 1
    endloop
  endfacet
  facet normal 0.734249 -0.67888 0
    outer loop
      vertex 4.79792 70.2021 0
      vertex 4.70731 70.1041 1
      vertex 4.70731 70.1041 0
    endloop
  endfacet
  facet normal -0.618903 -0.785467 0
    outer loop
      vertex 6.99923 70.3753 0
      vertex 7.10406 70.2927 1
      vertex 6.99923 70.3753 1
    endloop
  endfacet
  facet normal -0.618903 -0.785467 -0
    outer loop
      vertex 7.10406 70.2927 1
      vertex 6.99923 70.3753 0
      vertex 7.10406 70.2927 0
    endloop
  endfacet
  facet normal -0.831497 0.55553 0
    outer loop
      vertex 7.37533 68.0008 0
      vertex 7.44949 68.1118 1
      vertex 7.44949 68.1118 0
    endloop
  endfacet
  facet normal -0.831497 0.55553 0
    outer loop
      vertex 7.44949 68.1118 1
      vertex 7.37533 68.0008 0
      vertex 7.37533 68.0008 1
    endloop
  endfacet
  facet normal -0.908126 -0.418697 0
    outer loop
      vertex 7.57059 69.6506 0
      vertex 7.51471 69.7718 1
      vertex 7.51471 69.7718 0
    endloop
  endfacet
  facet normal -0.908126 -0.418697 0
    outer loop
      vertex 7.51471 69.7718 1
      vertex 7.57059 69.6506 0
      vertex 7.57059 69.6506 1
    endloop
  endfacet
  facet normal -0.938229 0.346014 0
    outer loop
      vertex 7.57059 68.3494 0
      vertex 7.6168 68.4747 1
      vertex 7.6168 68.4747 0
    endloop
  endfacet
  facet normal -0.938229 0.346014 0
    outer loop
      vertex 7.6168 68.4747 1
      vertex 7.57059 68.3494 0
      vertex 7.57059 68.3494 1
    endloop
  endfacet
  facet normal 0.195511 -0.980701 0
    outer loop
      vertex 5.60314 70.653 0
      vertex 5.73406 70.6791 1
      vertex 5.60314 70.653 1
    endloop
  endfacet
  facet normal 0.195511 -0.980701 0
    outer loop
      vertex 5.73406 70.6791 1
      vertex 5.60314 70.653 0
      vertex 5.73406 70.6791 0
    endloop
  endfacet
  facet normal 0.993062 -0.117594 0
    outer loop
      vertex 4.30524 69.1334 1
      vertex 4.32093 69.2659 0
      vertex 4.32093 69.2659 1
    endloop
  endfacet
  facet normal 0.993062 -0.117594 0
    outer loop
      vertex 4.32093 69.2659 0
      vertex 4.30524 69.1334 1
      vertex 4.30524 69.1334 0
    endloop
  endfacet
  facet normal 0.785523 0.618833 0
    outer loop
      vertex 4.70731 67.8959 1
      vertex 4.62467 68.0008 0
      vertex 4.62467 68.0008 1
    endloop
  endfacet
  facet normal 0.785523 0.618833 0
    outer loop
      vertex 4.62467 68.0008 0
      vertex 4.70731 67.8959 1
      vertex 4.70731 67.8959 0
    endloop
  endfacet
  facet normal -0.734249 0.67888 0
    outer loop
      vertex 7.20208 67.7979 0
      vertex 7.29269 67.8959 1
      vertex 7.29269 67.8959 0
    endloop
  endfacet
  facet normal -0.734249 0.67888 0
    outer loop
      vertex 7.29269 67.8959 1
      vertex 7.20208 67.7979 0
      vertex 7.20208 67.7979 1
    endloop
  endfacet
  facet normal -0.555806 0.831312 0
    outer loop
      vertex 6.99923 67.6247 0
      vertex 6.88825 67.5505 1
      vertex 6.99923 67.6247 1
    endloop
  endfacet
  facet normal -0.555806 0.831312 0
    outer loop
      vertex 6.88825 67.5505 1
      vertex 6.99923 67.6247 0
      vertex 6.88825 67.5505 0
    endloop
  endfacet
  facet normal 0.678765 0.734355 -0
    outer loop
      vertex 4.89594 67.7073 0
      vertex 4.79792 67.7979 1
      vertex 4.89594 67.7073 1
    endloop
  endfacet
  facet normal 0.678765 0.734355 0
    outer loop
      vertex 4.79792 67.7979 1
      vertex 4.89594 67.7073 0
      vertex 4.79792 67.7979 0
    endloop
  endfacet
  facet normal -0.195511 0.980701 0
    outer loop
      vertex 6.39686 67.347 0
      vertex 6.26594 67.3209 1
      vertex 6.39686 67.347 1
    endloop
  endfacet
  facet normal -0.195511 0.980701 0
    outer loop
      vertex 6.26594 67.3209 1
      vertex 6.39686 67.347 0
      vertex 6.26594 67.3209 0
    endloop
  endfacet
  facet normal -0.117615 0.993059 0
    outer loop
      vertex 6.26594 67.3209 0
      vertex 6.13338 67.3052 1
      vertex 6.26594 67.3209 1
    endloop
  endfacet
  facet normal -0.117615 0.993059 0
    outer loop
      vertex 6.13338 67.3052 1
      vertex 6.26594 67.3209 0
      vertex 6.13338 67.3052 0
    endloop
  endfacet
  facet normal 0.488471 0.87258 -0
    outer loop
      vertex 5.22822 67.4853 0
      vertex 5.11175 67.5505 1
      vertex 5.22822 67.4853 1
    endloop
  endfacet
  facet normal 0.488471 0.87258 0
    outer loop
      vertex 5.11175 67.5505 1
      vertex 5.22822 67.4853 0
      vertex 5.11175 67.5505 0
    endloop
  endfacet
  facet normal -0.785523 -0.618833 0
    outer loop
      vertex 7.37533 69.9992 0
      vertex 7.29269 70.1041 1
      vertex 7.29269 70.1041 0
    endloop
  endfacet
  facet normal -0.785523 -0.618833 0
    outer loop
      vertex 7.29269 70.1041 1
      vertex 7.37533 69.9992 0
      vertex 7.37533 69.9992 1
    endloop
  endfacet
  facet normal 0.962421 0.271562 0
    outer loop
      vertex 4.3832 68.4747 1
      vertex 4.34697 68.6031 0
      vertex 4.34697 68.6031 1
    endloop
  endfacet
  facet normal 0.962421 0.271562 0
    outer loop
      vertex 4.34697 68.6031 0
      vertex 4.3832 68.4747 1
      vertex 4.3832 68.4747 0
    endloop
  endfacet
  facet normal -0.0389568 -0.999241 0
    outer loop
      vertex 6 70.7 0
      vertex 6.13338 70.6948 1
      vertex 6 70.7 1
    endloop
  endfacet
  facet normal -0.0389568 -0.999241 -0
    outer loop
      vertex 6.13338 70.6948 1
      vertex 6 70.7 0
      vertex 6.13338 70.6948 0
    endloop
  endfacet
  facet normal 0.0389568 -0.999241 0
    outer loop
      vertex 5.86662 70.6948 0
      vertex 6 70.7 1
      vertex 5.86662 70.6948 1
    endloop
  endfacet
  facet normal 0.0389568 -0.999241 0
    outer loop
      vertex 6 70.7 1
      vertex 5.86662 70.6948 0
      vertex 6 70.7 0
    endloop
  endfacet
  facet normal 0.734249 0.67888 0
    outer loop
      vertex 4.79792 67.7979 1
      vertex 4.70731 67.8959 0
      vertex 4.70731 67.8959 1
    endloop
  endfacet
  facet normal 0.734249 0.67888 0
    outer loop
      vertex 4.70731 67.8959 0
      vertex 4.79792 67.7979 1
      vertex 4.79792 67.7979 0
    endloop
  endfacet
  facet normal -0.271216 -0.962518 0
    outer loop
      vertex 6.39686 70.653 0
      vertex 6.52533 70.6168 1
      vertex 6.39686 70.653 1
    endloop
  endfacet
  facet normal -0.271216 -0.962518 -0
    outer loop
      vertex 6.52533 70.6168 1
      vertex 6.39686 70.653 0
      vertex 6.52533 70.6168 0
    endloop
  endfacet
  facet normal 0.488471 -0.87258 0
    outer loop
      vertex 5.11175 70.4495 0
      vertex 5.22822 70.5147 1
      vertex 5.11175 70.4495 1
    endloop
  endfacet
  facet normal 0.488471 -0.87258 0
    outer loop
      vertex 5.22822 70.5147 1
      vertex 5.11175 70.4495 0
      vertex 5.22822 70.5147 0
    endloop
  endfacet
  facet normal 0.117615 0.993059 -0
    outer loop
      vertex 5.86662 67.3052 0
      vertex 5.73406 67.3209 1
      vertex 5.86662 67.3052 1
    endloop
  endfacet
  facet normal 0.117615 0.993059 0
    outer loop
      vertex 5.73406 67.3209 1
      vertex 5.86662 67.3052 0
      vertex 5.73406 67.3209 0
    endloop
  endfacet
  facet normal 0.962421 -0.271562 0
    outer loop
      vertex 4.34697 69.3969 1
      vertex 4.3832 69.5253 0
      vertex 4.3832 69.5253 1
    endloop
  endfacet
  facet normal 0.962421 -0.271562 0
    outer loop
      vertex 4.3832 69.5253 0
      vertex 4.34697 69.3969 1
      vertex 4.34697 69.3969 0
    endloop
  endfacet
  facet normal -0.831497 -0.55553 0
    outer loop
      vertex 7.44949 69.8882 0
      vertex 7.37533 69.9992 1
      vertex 7.37533 69.9992 0
    endloop
  endfacet
  facet normal -0.831497 -0.55553 0
    outer loop
      vertex 7.37533 69.9992 1
      vertex 7.44949 69.8882 0
      vertex 7.44949 69.8882 1
    endloop
  endfacet
  facet normal -0.734249 -0.67888 0
    outer loop
      vertex 7.29269 70.1041 0
      vertex 7.20208 70.2021 1
      vertex 7.20208 70.2021 0
    endloop
  endfacet
  facet normal -0.734249 -0.67888 0
    outer loop
      vertex 7.20208 70.2021 1
      vertex 7.29269 70.1041 0
      vertex 7.29269 70.1041 1
    endloop
  endfacet
  facet normal -0.618903 0.785467 0
    outer loop
      vertex 7.10406 67.7073 0
      vertex 6.99923 67.6247 1
      vertex 7.10406 67.7073 1
    endloop
  endfacet
  facet normal -0.618903 0.785467 0
    outer loop
      vertex 6.99923 67.6247 1
      vertex 7.10406 67.7073 0
      vertex 6.99923 67.6247 0
    endloop
  endfacet
  facet normal 0.785523 -0.618833 0
    outer loop
      vertex 4.62467 69.9992 1
      vertex 4.70731 70.1041 0
      vertex 4.70731 70.1041 1
    endloop
  endfacet
  facet normal 0.785523 -0.618833 0
    outer loop
      vertex 4.70731 70.1041 0
      vertex 4.62467 69.9992 1
      vertex 4.62467 69.9992 0
    endloop
  endfacet
  facet normal -0.872391 0.488809 0
    outer loop
      vertex 7.44949 68.1118 0
      vertex 7.51471 68.2282 1
      vertex 7.51471 68.2282 0
    endloop
  endfacet
  facet normal -0.872391 0.488809 0
    outer loop
      vertex 7.51471 68.2282 1
      vertex 7.44949 68.1118 0
      vertex 7.44949 68.1118 1
    endloop
  endfacet
  facet normal 0.999229 0.0392501 0
    outer loop
      vertex 4.30524 68.8666 1
      vertex 4.3 69 0
      vertex 4.3 69 1
    endloop
  endfacet
  facet normal 0.999229 0.0392501 0
    outer loop
      vertex 4.3 69 0
      vertex 4.30524 68.8666 1
      vertex 4.30524 68.8666 0
    endloop
  endfacet
  facet normal 0.831497 -0.55553 0
    outer loop
      vertex 4.55051 69.8882 1
      vertex 4.62467 69.9992 0
      vertex 4.62467 69.9992 1
    endloop
  endfacet
  facet normal 0.831497 -0.55553 0
    outer loop
      vertex 4.62467 69.9992 0
      vertex 4.55051 69.8882 1
      vertex 4.55051 69.8882 0
    endloop
  endfacet
  facet normal -0.195511 -0.980701 0
    outer loop
      vertex 6.26594 70.6791 0
      vertex 6.39686 70.653 1
      vertex 6.26594 70.6791 1
    endloop
  endfacet
  facet normal -0.195511 -0.980701 -0
    outer loop
      vertex 6.39686 70.653 1
      vertex 6.26594 70.6791 0
      vertex 6.39686 70.653 0
    endloop
  endfacet
  facet normal 0.346118 0.938191 -0
    outer loop
      vertex 5.47467 67.3832 0
      vertex 5.34944 67.4294 1
      vertex 5.47467 67.3832 1
    endloop
  endfacet
  facet normal 0.346118 0.938191 0
    outer loop
      vertex 5.34944 67.4294 1
      vertex 5.47467 67.3832 0
      vertex 5.34944 67.4294 0
    endloop
  endfacet
  facet normal 0.0389568 0.999241 -0
    outer loop
      vertex 6 67.3 0
      vertex 5.86662 67.3052 1
      vertex 6 67.3 1
    endloop
  endfacet
  facet normal 0.0389568 0.999241 0
    outer loop
      vertex 5.86662 67.3052 1
      vertex 6 67.3 0
      vertex 5.86662 67.3052 0
    endloop
  endfacet
  facet normal -0.678765 0.734355 0
    outer loop
      vertex 7.20208 67.7979 0
      vertex 7.10406 67.7073 1
      vertex 7.20208 67.7979 1
    endloop
  endfacet
  facet normal -0.678765 0.734355 0
    outer loop
      vertex 7.10406 67.7073 1
      vertex 7.20208 67.7979 0
      vertex 7.10406 67.7073 0
    endloop
  endfacet
  facet normal 0.555771 -0.831335 0
    outer loop
      vertex 5.00076 70.3753 0
      vertex 5.11175 70.4495 1
      vertex 5.00076 70.3753 1
    endloop
  endfacet
  facet normal 0.555771 -0.831335 0
    outer loop
      vertex 5.11175 70.4495 1
      vertex 5.00076 70.3753 0
      vertex 5.11175 70.4495 0
    endloop
  endfacet
  facet normal 0.555771 0.831335 -0
    outer loop
      vertex 5.11175 67.5505 0
      vertex 5.00076 67.6247 1
      vertex 5.11175 67.5505 1
    endloop
  endfacet
  facet normal 0.555771 0.831335 0
    outer loop
      vertex 5.00076 67.6247 1
      vertex 5.11175 67.5505 0
      vertex 5.00076 67.6247 0
    endloop
  endfacet
  facet normal 0.195511 0.980701 -0
    outer loop
      vertex 5.73406 67.3209 0
      vertex 5.60314 67.347 1
      vertex 5.73406 67.3209 1
    endloop
  endfacet
  facet normal 0.195511 0.980701 0
    outer loop
      vertex 5.60314 67.347 1
      vertex 5.73406 67.3209 0
      vertex 5.60314 67.347 0
    endloop
  endfacet
  facet normal 0.831497 0.55553 0
    outer loop
      vertex 4.62467 68.0008 1
      vertex 4.55051 68.1118 0
      vertex 4.55051 68.1118 1
    endloop
  endfacet
  facet normal 0.831497 0.55553 0
    outer loop
      vertex 4.55051 68.1118 0
      vertex 4.62467 68.0008 1
      vertex 4.62467 68.0008 0
    endloop
  endfacet
  facet normal 0.98081 -0.194964 0
    outer loop
      vertex 4.32093 69.2659 1
      vertex 4.34697 69.3969 0
      vertex 4.34697 69.3969 1
    endloop
  endfacet
  facet normal 0.98081 -0.194964 0
    outer loop
      vertex 4.34697 69.3969 0
      vertex 4.32093 69.2659 1
      vertex 4.32093 69.2659 0
    endloop
  endfacet
  facet normal 0.418764 0.908095 -0
    outer loop
      vertex 5.34944 67.4294 0
      vertex 5.22822 67.4853 1
      vertex 5.34944 67.4294 1
    endloop
  endfacet
  facet normal 0.418764 0.908095 0
    outer loop
      vertex 5.22822 67.4853 1
      vertex 5.34944 67.4294 0
      vertex 5.22822 67.4853 0
    endloop
  endfacet
  facet normal -0.992794 -0.11983 0
    outer loop
      vertex 135.695 6.13338 0
      vertex 135.679 6.26594 1
      vertex 135.679 6.26594 0
    endloop
  endfacet
  facet normal -0.992794 -0.11983 0
    outer loop
      vertex 135.679 6.26594 1
      vertex 135.695 6.13338 0
      vertex 135.695 6.13338 1
    endloop
  endfacet
  facet normal -0.999298 -0.0374606 0
    outer loop
      vertex 135.7 6 0
      vertex 135.695 6.13338 1
      vertex 135.695 6.13338 0
    endloop
  endfacet
  facet normal -0.999298 -0.0374606 0
    outer loop
      vertex 135.695 6.13338 1
      vertex 135.7 6 0
      vertex 135.7 6 1
    endloop
  endfacet
  facet normal -0.980845 -0.19479 0
    outer loop
      vertex 135.679 6.26594 0
      vertex 135.653 6.39686 1
      vertex 135.653 6.39686 0
    endloop
  endfacet
  facet normal -0.980845 -0.19479 0
    outer loop
      vertex 135.653 6.39686 1
      vertex 135.679 6.26594 0
      vertex 135.679 6.26594 1
    endloop
  endfacet
  facet normal 0.117158 -0.993113 0
    outer loop
      vertex 133.734 7.67907 0
      vertex 133.867 7.69476 1
      vertex 133.734 7.67907 1
    endloop
  endfacet
  facet normal 0.117158 -0.993113 0
    outer loop
      vertex 133.867 7.69476 1
      vertex 133.734 7.67907 0
      vertex 133.867 7.69476 0
    endloop
  endfacet
  facet normal 0.980845 0.19479 0
    outer loop
      vertex 132.347 5.60314 1
      vertex 132.321 5.73406 0
      vertex 132.321 5.73406 1
    endloop
  endfacet
  facet normal 0.980845 0.19479 0
    outer loop
      vertex 132.321 5.73406 0
      vertex 132.347 5.60314 1
      vertex 132.347 5.60314 0
    endloop
  endfacet
  facet normal -0.870021 -0.493014 0
    outer loop
      vertex 135.515 6.77178 0
      vertex 135.449 6.88825 1
      vertex 135.449 6.88825 0
    endloop
  endfacet
  facet normal -0.870021 -0.493014 0
    outer loop
      vertex 135.449 6.88825 1
      vertex 135.515 6.77178 0
      vertex 135.515 6.77178 1
    endloop
  endfacet
  facet normal 0.938677 -0.344799 0
    outer loop
      vertex 132.383 6.52533 1
      vertex 132.429 6.65056 0
      vertex 132.429 6.65056 1
    endloop
  endfacet
  facet normal 0.938677 -0.344799 0
    outer loop
      vertex 132.429 6.65056 0
      vertex 132.383 6.52533 1
      vertex 132.383 6.52533 0
    endloop
  endfacet
  facet normal -0.272347 0.962199 0
    outer loop
      vertex 134.525 4.3832 0
      vertex 134.397 4.34697 1
      vertex 134.525 4.3832 1
    endloop
  endfacet
  facet normal -0.272347 0.962199 0
    outer loop
      vertex 134.397 4.34697 1
      vertex 134.525 4.3832 0
      vertex 134.397 4.34697 0
    endloop
  endfacet
  facet normal -0.419329 0.907834 0
    outer loop
      vertex 134.772 4.48529 0
      vertex 134.651 4.4294 1
      vertex 134.772 4.48529 1
    endloop
  endfacet
  facet normal -0.419329 0.907834 0
    outer loop
      vertex 134.651 4.4294 1
      vertex 134.772 4.48529 0
      vertex 134.651 4.4294 0
    endloop
  endfacet
  facet normal -0.90781 0.419381 0
    outer loop
      vertex 135.515 5.22822 0
      vertex 135.571 5.34944 1
      vertex 135.571 5.34944 0
    endloop
  endfacet
  facet normal -0.90781 0.419381 0
    outer loop
      vertex 135.571 5.34944 1
      vertex 135.515 5.22822 0
      vertex 135.515 5.22822 1
    endloop
  endfacet
  facet normal -0.787625 0.616154 0
    outer loop
      vertex 135.293 4.89594 0
      vertex 135.375 5.00076 1
      vertex 135.375 5.00076 0
    endloop
  endfacet
  facet normal -0.787625 0.616154 0
    outer loop
      vertex 135.375 5.00076 1
      vertex 135.293 4.89594 0
      vertex 135.293 4.89594 1
    endloop
  endfacet
  facet normal 0.90781 -0.419381 0
    outer loop
      vertex 132.429 6.65056 1
      vertex 132.485 6.77178 0
      vertex 132.485 6.77178 1
    endloop
  endfacet
  facet normal 0.90781 -0.419381 0
    outer loop
      vertex 132.485 6.77178 0
      vertex 132.429 6.65056 1
      vertex 132.429 6.65056 0
    endloop
  endfacet
  facet normal 0.67888 -0.734249 0
    outer loop
      vertex 132.798 7.20208 0
      vertex 132.896 7.29269 1
      vertex 132.798 7.20208 1
    endloop
  endfacet
  facet normal 0.67888 -0.734249 0
    outer loop
      vertex 132.896 7.29269 1
      vertex 132.798 7.20208 0
      vertex 132.896 7.29269 0
    endloop
  endfacet
  facet normal -0.962909 -0.269827 0
    outer loop
      vertex 135.653 6.39686 0
      vertex 135.617 6.52533 1
      vertex 135.617 6.52533 0
    endloop
  endfacet
  facet normal -0.962909 -0.269827 0
    outer loop
      vertex 135.617 6.52533 1
      vertex 135.653 6.39686 0
      vertex 135.653 6.39686 1
    endloop
  endfacet
  facet normal 0.618469 -0.785809 0
    outer loop
      vertex 132.896 7.29269 0
      vertex 133.001 7.37533 1
      vertex 132.896 7.29269 1
    endloop
  endfacet
  facet normal 0.618469 -0.785809 0
    outer loop
      vertex 133.001 7.37533 1
      vertex 132.896 7.29269 0
      vertex 133.001 7.37533 0
    endloop
  endfacet
  facet normal -0.938677 -0.344799 0
    outer loop
      vertex 135.617 6.52533 0
      vertex 135.571 6.65056 1
      vertex 135.571 6.65056 0
    endloop
  endfacet
  facet normal -0.938677 -0.344799 0
    outer loop
      vertex 135.571 6.65056 1
      vertex 135.617 6.52533 0
      vertex 135.617 6.52533 1
    endloop
  endfacet
  facet normal 0.272347 -0.962199 0
    outer loop
      vertex 133.475 7.6168 0
      vertex 133.603 7.65303 1
      vertex 133.475 7.6168 1
    endloop
  endfacet
  facet normal 0.272347 -0.962199 0
    outer loop
      vertex 133.603 7.65303 1
      vertex 133.475 7.6168 0
      vertex 133.603 7.65303 0
    endloop
  endfacet
  facet normal 0.34432 -0.938852 0
    outer loop
      vertex 133.349 7.57059 0
      vertex 133.475 7.6168 1
      vertex 133.349 7.57059 1
    endloop
  endfacet
  facet normal 0.34432 -0.938852 0
    outer loop
      vertex 133.475 7.6168 1
      vertex 133.349 7.57059 0
      vertex 133.475 7.6168 0
    endloop
  endfacet
  facet normal -0.49009 0.871672 0
    outer loop
      vertex 134.888 4.55051 0
      vertex 134.772 4.48529 1
      vertex 134.888 4.55051 1
    endloop
  endfacet
  facet normal -0.49009 0.871672 0
    outer loop
      vertex 134.772 4.48529 1
      vertex 134.888 4.55051 0
      vertex 134.772 4.48529 0
    endloop
  endfacet
  facet normal -0.49009 -0.871672 0
    outer loop
      vertex 134.772 7.51471 0
      vertex 134.888 7.44949 1
      vertex 134.772 7.51471 1
    endloop
  endfacet
  facet normal -0.49009 -0.871672 -0
    outer loop
      vertex 134.888 7.44949 1
      vertex 134.772 7.51471 0
      vertex 134.888 7.44949 0
    endloop
  endfacet
  facet normal -0.419268 -0.907863 0
    outer loop
      vertex 134.651 7.57059 0
      vertex 134.772 7.51471 1
      vertex 134.651 7.57059 1
    endloop
  endfacet
  facet normal -0.419268 -0.907863 -0
    outer loop
      vertex 134.772 7.51471 1
      vertex 134.651 7.57059 0
      vertex 134.772 7.51471 0
    endloop
  endfacet
  facet normal 0.938677 0.344799 0
    outer loop
      vertex 132.429 5.34944 1
      vertex 132.383 5.47467 0
      vertex 132.383 5.47467 1
    endloop
  endfacet
  facet normal 0.938677 0.344799 0
    outer loop
      vertex 132.383 5.47467 0
      vertex 132.429 5.34944 1
      vertex 132.429 5.34944 0
    endloop
  endfacet
  facet normal 0.999298 -0.0374606 0
    outer loop
      vertex 132.3 6 1
      vertex 132.305 6.13338 0
      vertex 132.305 6.13338 1
    endloop
  endfacet
  facet normal 0.999298 -0.0374606 0
    outer loop
      vertex 132.305 6.13338 0
      vertex 132.3 6 1
      vertex 132.3 6 0
    endloop
  endfacet
  facet normal -0.55553 -0.831497 0
    outer loop
      vertex 134.888 7.44949 0
      vertex 134.999 7.37533 1
      vertex 134.888 7.44949 1
    endloop
  endfacet
  facet normal -0.55553 -0.831497 -0
    outer loop
      vertex 134.999 7.37533 1
      vertex 134.888 7.44949 0
      vertex 134.999 7.37533 0
    endloop
  endfacet
  facet normal -0.999298 0.0374606 0
    outer loop
      vertex 135.695 5.86662 0
      vertex 135.7 6 1
      vertex 135.7 6 0
    endloop
  endfacet
  facet normal -0.999298 0.0374606 0
    outer loop
      vertex 135.7 6 1
      vertex 135.695 5.86662 0
      vertex 135.695 5.86662 1
    endloop
  endfacet
  facet normal 0.992794 0.11983 0
    outer loop
      vertex 132.321 5.73406 1
      vertex 132.305 5.86662 0
      vertex 132.305 5.86662 1
    endloop
  endfacet
  facet normal 0.992794 0.11983 0
    outer loop
      vertex 132.305 5.86662 0
      vertex 132.321 5.73406 1
      vertex 132.321 5.73406 0
    endloop
  endfacet
  facet normal 0.419268 -0.907863 0
    outer loop
      vertex 133.228 7.51471 0
      vertex 133.349 7.57059 1
      vertex 133.228 7.51471 1
    endloop
  endfacet
  facet normal 0.419268 -0.907863 0
    outer loop
      vertex 133.349 7.57059 1
      vertex 133.228 7.51471 0
      vertex 133.349 7.57059 0
    endloop
  endfacet
  facet normal -0.344255 0.938876 0
    outer loop
      vertex 134.651 4.4294 0
      vertex 134.525 4.3832 1
      vertex 134.651 4.4294 1
    endloop
  endfacet
  facet normal -0.344255 0.938876 0
    outer loop
      vertex 134.525 4.3832 1
      vertex 134.651 4.4294 0
      vertex 134.525 4.3832 0
    endloop
  endfacet
  facet normal 0.618469 0.785809 -0
    outer loop
      vertex 133.001 4.62467 0
      vertex 132.896 4.70731 1
      vertex 133.001 4.62467 1
    endloop
  endfacet
  facet normal 0.618469 0.785809 0
    outer loop
      vertex 132.896 4.70731 1
      vertex 133.001 4.62467 0
      vertex 132.896 4.70731 0
    endloop
  endfacet
  facet normal -0.34432 -0.938852 0
    outer loop
      vertex 134.525 7.6168 0
      vertex 134.651 7.57059 1
      vertex 134.525 7.6168 1
    endloop
  endfacet
  facet normal -0.34432 -0.938852 -0
    outer loop
      vertex 134.651 7.57059 1
      vertex 134.525 7.6168 0
      vertex 134.651 7.57059 0
    endloop
  endfacet
  facet normal -0.992794 0.11983 0
    outer loop
      vertex 135.679 5.73406 0
      vertex 135.695 5.86662 1
      vertex 135.695 5.86662 0
    endloop
  endfacet
  facet normal -0.992794 0.11983 0
    outer loop
      vertex 135.695 5.86662 1
      vertex 135.679 5.73406 0
      vertex 135.679 5.73406 1
    endloop
  endfacet
  facet normal -0.039368 0.999225 0
    outer loop
      vertex 134.133 4.30524 0
      vertex 134 4.3 1
      vertex 134.133 4.30524 1
    endloop
  endfacet
  facet normal -0.039368 0.999225 0
    outer loop
      vertex 134 4.3 1
      vertex 134.133 4.30524 0
      vertex 134 4.3 0
    endloop
  endfacet
  facet normal 0.90781 0.419381 0
    outer loop
      vertex 132.485 5.22822 1
      vertex 132.429 5.34944 0
      vertex 132.429 5.34944 1
    endloop
  endfacet
  facet normal 0.90781 0.419381 0
    outer loop
      vertex 132.429 5.34944 0
      vertex 132.485 5.22822 1
      vertex 132.485 5.22822 0
    endloop
  endfacet
  facet normal 0.870021 0.493014 0
    outer loop
      vertex 132.551 5.11175 1
      vertex 132.485 5.22822 0
      vertex 132.485 5.22822 1
    endloop
  endfacet
  facet normal 0.870021 0.493014 0
    outer loop
      vertex 132.485 5.22822 0
      vertex 132.551 5.11175 1
      vertex 132.551 5.11175 0
    endloop
  endfacet
  facet normal -0.67888 -0.734249 0
    outer loop
      vertex 135.104 7.29269 0
      vertex 135.202 7.20208 1
      vertex 135.104 7.29269 1
    endloop
  endfacet
  facet normal -0.67888 -0.734249 -0
    outer loop
      vertex 135.202 7.20208 1
      vertex 135.104 7.29269 0
      vertex 135.202 7.20208 0
    endloop
  endfacet
  facet normal -0.980845 0.19479 0
    outer loop
      vertex 135.653 5.60314 0
      vertex 135.679 5.73406 1
      vertex 135.679 5.73406 0
    endloop
  endfacet
  facet normal -0.980845 0.19479 0
    outer loop
      vertex 135.679 5.73406 1
      vertex 135.653 5.60314 0
      vertex 135.653 5.60314 1
    endloop
  endfacet
  facet normal -0.962909 0.269827 0
    outer loop
      vertex 135.617 5.47467 0
      vertex 135.653 5.60314 1
      vertex 135.653 5.60314 0
    endloop
  endfacet
  facet normal -0.962909 0.269827 0
    outer loop
      vertex 135.653 5.60314 1
      vertex 135.617 5.47467 0
      vertex 135.617 5.47467 1
    endloop
  endfacet
  facet normal 0.272347 0.962199 -0
    outer loop
      vertex 133.603 4.34697 0
      vertex 133.475 4.3832 1
      vertex 133.603 4.34697 1
    endloop
  endfacet
  facet normal 0.272347 0.962199 0
    outer loop
      vertex 133.475 4.3832 1
      vertex 133.603 4.34697 0
      vertex 133.475 4.3832 0
    endloop
  endfacet
  facet normal 0.870021 -0.493014 0
    outer loop
      vertex 132.485 6.77178 1
      vertex 132.551 6.88825 0
      vertex 132.551 6.88825 1
    endloop
  endfacet
  facet normal 0.870021 -0.493014 0
    outer loop
      vertex 132.551 6.88825 0
      vertex 132.485 6.77178 1
      vertex 132.485 6.77178 0
    endloop
  endfacet
  facet normal 0.732863 -0.680377 0
    outer loop
      vertex 132.707 7.10406 1
      vertex 132.798 7.20208 0
      vertex 132.798 7.20208 1
    endloop
  endfacet
  facet normal 0.732863 -0.680377 0
    outer loop
      vertex 132.798 7.20208 0
      vertex 132.707 7.10406 1
      vertex 132.707 7.10406 0
    endloop
  endfacet
  facet normal -0.618469 -0.785809 0
    outer loop
      vertex 134.999 7.37533 0
      vertex 135.104 7.29269 1
      vertex 134.999 7.37533 1
    endloop
  endfacet
  facet normal -0.618469 -0.785809 -0
    outer loop
      vertex 135.104 7.29269 1
      vertex 134.999 7.37533 0
      vertex 135.104 7.29269 0
    endloop
  endfacet
  facet normal -0.832027 0.554735 0
    outer loop
      vertex 135.375 5.00076 0
      vertex 135.449 5.11175 1
      vertex 135.449 5.11175 0
    endloop
  endfacet
  facet normal -0.832027 0.554735 0
    outer loop
      vertex 135.449 5.11175 1
      vertex 135.375 5.00076 0
      vertex 135.375 5.00076 1
    endloop
  endfacet
  facet normal -0.90781 -0.419381 0
    outer loop
      vertex 135.571 6.65056 0
      vertex 135.515 6.77178 1
      vertex 135.515 6.77178 0
    endloop
  endfacet
  facet normal -0.90781 -0.419381 0
    outer loop
      vertex 135.515 6.77178 1
      vertex 135.571 6.65056 0
      vertex 135.571 6.65056 1
    endloop
  endfacet
  facet normal -0.938677 0.344799 0
    outer loop
      vertex 135.571 5.34944 0
      vertex 135.617 5.47467 1
      vertex 135.617 5.47467 0
    endloop
  endfacet
  facet normal -0.938677 0.344799 0
    outer loop
      vertex 135.617 5.47467 1
      vertex 135.571 5.34944 0
      vertex 135.571 5.34944 1
    endloop
  endfacet
  facet normal 0.194964 -0.98081 0
    outer loop
      vertex 133.603 7.65303 0
      vertex 133.734 7.67907 1
      vertex 133.603 7.65303 1
    endloop
  endfacet
  facet normal 0.194964 -0.98081 0
    outer loop
      vertex 133.734 7.67907 1
      vertex 133.603 7.65303 0
      vertex 133.734 7.67907 0
    endloop
  endfacet
  facet normal 0.992794 -0.11983 0
    outer loop
      vertex 132.305 6.13338 1
      vertex 132.321 6.26594 0
      vertex 132.321 6.26594 1
    endloop
  endfacet
  facet normal 0.992794 -0.11983 0
    outer loop
      vertex 132.321 6.26594 0
      vertex 132.305 6.13338 1
      vertex 132.305 6.13338 0
    endloop
  endfacet
  facet normal 0.787625 0.616154 0
    outer loop
      vertex 132.707 4.89594 1
      vertex 132.625 5.00076 0
      vertex 132.625 5.00076 1
    endloop
  endfacet
  facet normal 0.787625 0.616154 0
    outer loop
      vertex 132.625 5.00076 0
      vertex 132.707 4.89594 1
      vertex 132.707 4.89594 0
    endloop
  endfacet
  facet normal -0.732863 0.680377 0
    outer loop
      vertex 135.202 4.79792 0
      vertex 135.293 4.89594 1
      vertex 135.293 4.89594 0
    endloop
  endfacet
  facet normal -0.732863 0.680377 0
    outer loop
      vertex 135.293 4.89594 1
      vertex 135.202 4.79792 0
      vertex 135.202 4.79792 1
    endloop
  endfacet
  facet normal -0.55553 0.831497 0
    outer loop
      vertex 134.999 4.62467 0
      vertex 134.888 4.55051 1
      vertex 134.999 4.62467 1
    endloop
  endfacet
  facet normal -0.55553 0.831497 0
    outer loop
      vertex 134.888 4.55051 1
      vertex 134.999 4.62467 0
      vertex 134.888 4.55051 0
    endloop
  endfacet
  facet normal 0.67888 0.734249 -0
    outer loop
      vertex 132.896 4.70731 0
      vertex 132.798 4.79792 1
      vertex 132.896 4.70731 1
    endloop
  endfacet
  facet normal 0.67888 0.734249 0
    outer loop
      vertex 132.798 4.79792 1
      vertex 132.896 4.70731 0
      vertex 132.798 4.79792 0
    endloop
  endfacet
  facet normal -0.194964 0.98081 0
    outer loop
      vertex 134.397 4.34697 0
      vertex 134.266 4.32093 1
      vertex 134.397 4.34697 1
    endloop
  endfacet
  facet normal -0.194964 0.98081 0
    outer loop
      vertex 134.266 4.32093 1
      vertex 134.397 4.34697 0
      vertex 134.266 4.32093 0
    endloop
  endfacet
  facet normal -0.117158 0.993113 0
    outer loop
      vertex 134.266 4.32093 0
      vertex 134.133 4.30524 1
      vertex 134.266 4.32093 1
    endloop
  endfacet
  facet normal -0.117158 0.993113 0
    outer loop
      vertex 134.133 4.30524 1
      vertex 134.266 4.32093 0
      vertex 134.133 4.30524 0
    endloop
  endfacet
  facet normal 0.49009 0.871672 -0
    outer loop
      vertex 133.228 4.48529 0
      vertex 133.112 4.55051 1
      vertex 133.228 4.48529 1
    endloop
  endfacet
  facet normal 0.49009 0.871672 0
    outer loop
      vertex 133.112 4.55051 1
      vertex 133.228 4.48529 0
      vertex 133.112 4.55051 0
    endloop
  endfacet
  facet normal -0.787654 -0.616118 0
    outer loop
      vertex 135.375 6.99923 0
      vertex 135.293 7.10406 1
      vertex 135.293 7.10406 0
    endloop
  endfacet
  facet normal -0.787654 -0.616118 0
    outer loop
      vertex 135.293 7.10406 1
      vertex 135.375 6.99923 0
      vertex 135.375 6.99923 1
    endloop
  endfacet
  facet normal 0.55553 0.831497 -0
    outer loop
      vertex 133.112 4.55051 0
      vertex 133.001 4.62467 1
      vertex 133.112 4.55051 1
    endloop
  endfacet
  facet normal 0.55553 0.831497 0
    outer loop
      vertex 133.001 4.62467 1
      vertex 133.112 4.55051 0
      vertex 133.001 4.62467 0
    endloop
  endfacet
  facet normal 0.962909 0.269827 0
    outer loop
      vertex 132.383 5.47467 1
      vertex 132.347 5.60314 0
      vertex 132.347 5.60314 1
    endloop
  endfacet
  facet normal 0.962909 0.269827 0
    outer loop
      vertex 132.347 5.60314 0
      vertex 132.383 5.47467 1
      vertex 132.383 5.47467 0
    endloop
  endfacet
  facet normal -0.039368 -0.999225 0
    outer loop
      vertex 134 7.7 0
      vertex 134.133 7.69476 1
      vertex 134 7.7 1
    endloop
  endfacet
  facet normal -0.039368 -0.999225 -0
    outer loop
      vertex 134.133 7.69476 1
      vertex 134 7.7 0
      vertex 134.133 7.69476 0
    endloop
  endfacet
  facet normal 0.039368 -0.999225 0
    outer loop
      vertex 133.867 7.69476 0
      vertex 134 7.7 1
      vertex 133.867 7.69476 1
    endloop
  endfacet
  facet normal 0.039368 -0.999225 0
    outer loop
      vertex 134 7.7 1
      vertex 133.867 7.69476 0
      vertex 134 7.7 0
    endloop
  endfacet
  facet normal 0.732863 0.680377 0
    outer loop
      vertex 132.798 4.79792 1
      vertex 132.707 4.89594 0
      vertex 132.707 4.89594 1
    endloop
  endfacet
  facet normal 0.732863 0.680377 0
    outer loop
      vertex 132.707 4.89594 0
      vertex 132.798 4.79792 1
      vertex 132.798 4.79792 0
    endloop
  endfacet
  facet normal -0.272347 -0.962199 0
    outer loop
      vertex 134.397 7.65303 0
      vertex 134.525 7.6168 1
      vertex 134.397 7.65303 1
    endloop
  endfacet
  facet normal -0.272347 -0.962199 -0
    outer loop
      vertex 134.525 7.6168 1
      vertex 134.397 7.65303 0
      vertex 134.525 7.6168 0
    endloop
  endfacet
  facet normal 0.49009 -0.871672 0
    outer loop
      vertex 133.112 7.44949 0
      vertex 133.228 7.51471 1
      vertex 133.112 7.44949 1
    endloop
  endfacet
  facet normal 0.49009 -0.871672 0
    outer loop
      vertex 133.228 7.51471 1
      vertex 133.112 7.44949 0
      vertex 133.228 7.51471 0
    endloop
  endfacet
  facet normal 0.117158 0.993113 -0
    outer loop
      vertex 133.867 4.30524 0
      vertex 133.734 4.32093 1
      vertex 133.867 4.30524 1
    endloop
  endfacet
  facet normal 0.117158 0.993113 0
    outer loop
      vertex 133.734 4.32093 1
      vertex 133.867 4.30524 0
      vertex 133.734 4.32093 0
    endloop
  endfacet
  facet normal 0.962909 -0.269827 0
    outer loop
      vertex 132.347 6.39686 1
      vertex 132.383 6.52533 0
      vertex 132.383 6.52533 1
    endloop
  endfacet
  facet normal 0.962909 -0.269827 0
    outer loop
      vertex 132.383 6.52533 0
      vertex 132.347 6.39686 1
      vertex 132.347 6.39686 0
    endloop
  endfacet
  facet normal -0.832004 -0.554769 0
    outer loop
      vertex 135.449 6.88825 0
      vertex 135.375 6.99923 1
      vertex 135.375 6.99923 0
    endloop
  endfacet
  facet normal -0.832004 -0.554769 0
    outer loop
      vertex 135.375 6.99923 1
      vertex 135.449 6.88825 0
      vertex 135.449 6.88825 1
    endloop
  endfacet
  facet normal -0.732863 -0.680377 0
    outer loop
      vertex 135.293 7.10406 0
      vertex 135.202 7.20208 1
      vertex 135.202 7.20208 0
    endloop
  endfacet
  facet normal -0.732863 -0.680377 0
    outer loop
      vertex 135.202 7.20208 1
      vertex 135.293 7.10406 0
      vertex 135.293 7.10406 1
    endloop
  endfacet
  facet normal 0.832027 0.554735 0
    outer loop
      vertex 132.625 5.00076 1
      vertex 132.551 5.11175 0
      vertex 132.551 5.11175 1
    endloop
  endfacet
  facet normal 0.832027 0.554735 0
    outer loop
      vertex 132.551 5.11175 0
      vertex 132.625 5.00076 1
      vertex 132.625 5.00076 0
    endloop
  endfacet
  facet normal -0.618469 0.785809 0
    outer loop
      vertex 135.104 4.70731 0
      vertex 134.999 4.62467 1
      vertex 135.104 4.70731 1
    endloop
  endfacet
  facet normal -0.618469 0.785809 0
    outer loop
      vertex 134.999 4.62467 1
      vertex 135.104 4.70731 0
      vertex 134.999 4.62467 0
    endloop
  endfacet
  facet normal 0.787654 -0.616118 0
    outer loop
      vertex 132.625 6.99923 1
      vertex 132.707 7.10406 0
      vertex 132.707 7.10406 1
    endloop
  endfacet
  facet normal 0.787654 -0.616118 0
    outer loop
      vertex 132.707 7.10406 0
      vertex 132.625 6.99923 1
      vertex 132.625 6.99923 0
    endloop
  endfacet
  facet normal -0.870021 0.493014 0
    outer loop
      vertex 135.449 5.11175 0
      vertex 135.515 5.22822 1
      vertex 135.515 5.22822 0
    endloop
  endfacet
  facet normal -0.870021 0.493014 0
    outer loop
      vertex 135.515 5.22822 1
      vertex 135.449 5.11175 0
      vertex 135.449 5.11175 1
    endloop
  endfacet
  facet normal 0.999298 0.0374606 0
    outer loop
      vertex 132.305 5.86662 1
      vertex 132.3 6 0
      vertex 132.3 6 1
    endloop
  endfacet
  facet normal 0.999298 0.0374606 0
    outer loop
      vertex 132.3 6 0
      vertex 132.305 5.86662 1
      vertex 132.305 5.86662 0
    endloop
  endfacet
  facet normal 0.832004 -0.554769 0
    outer loop
      vertex 132.551 6.88825 1
      vertex 132.625 6.99923 0
      vertex 132.625 6.99923 1
    endloop
  endfacet
  facet normal 0.832004 -0.554769 0
    outer loop
      vertex 132.625 6.99923 0
      vertex 132.551 6.88825 1
      vertex 132.551 6.88825 0
    endloop
  endfacet
  facet normal -0.194964 -0.98081 0
    outer loop
      vertex 134.266 7.67907 0
      vertex 134.397 7.65303 1
      vertex 134.266 7.67907 1
    endloop
  endfacet
  facet normal -0.194964 -0.98081 -0
    outer loop
      vertex 134.397 7.65303 1
      vertex 134.266 7.67907 0
      vertex 134.397 7.65303 0
    endloop
  endfacet
  facet normal 0.344255 0.938876 -0
    outer loop
      vertex 133.475 4.3832 0
      vertex 133.349 4.4294 1
      vertex 133.475 4.3832 1
    endloop
  endfacet
  facet normal 0.344255 0.938876 0
    outer loop
      vertex 133.349 4.4294 1
      vertex 133.475 4.3832 0
      vertex 133.349 4.4294 0
    endloop
  endfacet
  facet normal 0.039368 0.999225 -0
    outer loop
      vertex 134 4.3 0
      vertex 133.867 4.30524 1
      vertex 134 4.3 1
    endloop
  endfacet
  facet normal 0.039368 0.999225 0
    outer loop
      vertex 133.867 4.30524 1
      vertex 134 4.3 0
      vertex 133.867 4.30524 0
    endloop
  endfacet
  facet normal -0.67888 0.734249 0
    outer loop
      vertex 135.202 4.79792 0
      vertex 135.104 4.70731 1
      vertex 135.202 4.79792 1
    endloop
  endfacet
  facet normal -0.67888 0.734249 0
    outer loop
      vertex 135.104 4.70731 1
      vertex 135.202 4.79792 0
      vertex 135.104 4.70731 0
    endloop
  endfacet
  facet normal -0.117158 -0.993113 0
    outer loop
      vertex 134.133 7.69476 0
      vertex 134.266 7.67907 1
      vertex 134.133 7.69476 1
    endloop
  endfacet
  facet normal -0.117158 -0.993113 -0
    outer loop
      vertex 134.266 7.67907 1
      vertex 134.133 7.69476 0
      vertex 134.266 7.67907 0
    endloop
  endfacet
  facet normal 0.55553 -0.831497 0
    outer loop
      vertex 133.001 7.37533 0
      vertex 133.112 7.44949 1
      vertex 133.001 7.37533 1
    endloop
  endfacet
  facet normal 0.55553 -0.831497 0
    outer loop
      vertex 133.112 7.44949 1
      vertex 133.001 7.37533 0
      vertex 133.112 7.44949 0
    endloop
  endfacet
  facet normal 0.194964 0.98081 -0
    outer loop
      vertex 133.734 4.32093 0
      vertex 133.603 4.34697 1
      vertex 133.734 4.32093 1
    endloop
  endfacet
  facet normal 0.194964 0.98081 0
    outer loop
      vertex 133.603 4.34697 1
      vertex 133.734 4.32093 0
      vertex 133.603 4.34697 0
    endloop
  endfacet
  facet normal 0.980845 -0.19479 0
    outer loop
      vertex 132.321 6.26594 1
      vertex 132.347 6.39686 0
      vertex 132.347 6.39686 1
    endloop
  endfacet
  facet normal 0.980845 -0.19479 0
    outer loop
      vertex 132.347 6.39686 0
      vertex 132.321 6.26594 1
      vertex 132.321 6.26594 0
    endloop
  endfacet
  facet normal 0.419329 0.907834 -0
    outer loop
      vertex 133.349 4.4294 0
      vertex 133.228 4.48529 1
      vertex 133.349 4.4294 1
    endloop
  endfacet
  facet normal 0.419329 0.907834 0
    outer loop
      vertex 133.228 4.48529 1
      vertex 133.349 4.4294 0
      vertex 133.228 4.48529 0
    endloop
  endfacet
  facet normal -0.992788 -0.119884 0
    outer loop
      vertex 135.695 69.1334 0
      vertex 135.679 69.2659 1
      vertex 135.679 69.2659 0
    endloop
  endfacet
  facet normal -0.992788 -0.119884 0
    outer loop
      vertex 135.679 69.2659 1
      vertex 135.695 69.1334 0
      vertex 135.695 69.1334 1
    endloop
  endfacet
  facet normal -0.999298 -0.037455 0
    outer loop
      vertex 135.7 69 0
      vertex 135.695 69.1334 1
      vertex 135.695 69.1334 0
    endloop
  endfacet
  facet normal -0.999298 -0.037455 0
    outer loop
      vertex 135.695 69.1334 1
      vertex 135.7 69 0
      vertex 135.7 69 1
    endloop
  endfacet
  facet normal -0.980868 -0.194676 0
    outer loop
      vertex 135.679 69.2659 0
      vertex 135.653 69.3969 1
      vertex 135.653 69.3969 0
    endloop
  endfacet
  facet normal -0.980868 -0.194676 0
    outer loop
      vertex 135.653 69.3969 1
      vertex 135.679 69.2659 0
      vertex 135.679 69.2659 1
    endloop
  endfacet
  facet normal 0.0390679 0.999237 -0
    outer loop
      vertex 134 67.3 0
      vertex 133.867 67.3052 1
      vertex 134 67.3 1
    endloop
  endfacet
  facet normal 0.0390679 0.999237 0
    outer loop
      vertex 133.867 67.3052 1
      vertex 134 67.3 0
      vertex 133.867 67.3052 0
    endloop
  endfacet
  facet normal -0.117231 0.993105 0
    outer loop
      vertex 134.266 67.3209 0
      vertex 134.133 67.3052 1
      vertex 134.266 67.3209 1
    endloop
  endfacet
  facet normal -0.117231 0.993105 0
    outer loop
      vertex 134.133 67.3052 1
      vertex 134.266 67.3209 0
      vertex 134.133 67.3052 0
    endloop
  endfacet
  facet normal -0.869894 -0.493239 0
    outer loop
      vertex 135.515 69.7718 0
      vertex 135.449 69.8882 1
      vertex 135.449 69.8882 0
    endloop
  endfacet
  facet normal -0.869894 -0.493239 0
    outer loop
      vertex 135.449 69.8882 1
      vertex 135.515 69.7718 0
      vertex 135.515 69.7718 1
    endloop
  endfacet
  facet normal -0.555737 0.831358 0
    outer loop
      vertex 134.999 67.6247 0
      vertex 134.888 67.5505 1
      vertex 134.999 67.6247 1
    endloop
  endfacet
  facet normal -0.555737 0.831358 0
    outer loop
      vertex 134.888 67.5505 1
      vertex 134.999 67.6247 0
      vertex 134.888 67.5505 0
    endloop
  endfacet
  facet normal -0.272139 0.962258 0
    outer loop
      vertex 134.525 67.3832 0
      vertex 134.397 67.347 1
      vertex 134.525 67.3832 1
    endloop
  endfacet
  facet normal -0.272139 0.962258 0
    outer loop
      vertex 134.397 67.347 1
      vertex 134.525 67.3832 0
      vertex 134.397 67.347 0
    endloop
  endfacet
  facet normal -0.419391 -0.907806 0
    outer loop
      vertex 134.651 70.5706 0
      vertex 134.772 70.5147 1
      vertex 134.651 70.5706 1
    endloop
  endfacet
  facet normal -0.419391 -0.907806 -0
    outer loop
      vertex 134.772 70.5147 1
      vertex 134.651 70.5706 0
      vertex 134.772 70.5147 0
    endloop
  endfacet
  facet normal 0.67884 -0.734286 0
    outer loop
      vertex 132.798 70.2021 0
      vertex 132.896 70.2927 1
      vertex 132.798 70.2021 1
    endloop
  endfacet
  facet normal 0.67884 -0.734286 0
    outer loop
      vertex 132.896 70.2927 1
      vertex 132.798 70.2021 0
      vertex 132.896 70.2927 0
    endloop
  endfacet
  facet normal -0.907784 0.419438 0
    outer loop
      vertex 135.515 68.2282 0
      vertex 135.571 68.3494 1
      vertex 135.571 68.3494 0
    endloop
  endfacet
  facet normal -0.907784 0.419438 0
    outer loop
      vertex 135.571 68.3494 1
      vertex 135.515 68.2282 0
      vertex 135.515 68.2282 1
    endloop
  endfacet
  facet normal 0.272139 0.962258 -0
    outer loop
      vertex 133.603 67.347 0
      vertex 133.475 67.3832 1
      vertex 133.603 67.347 1
    endloop
  endfacet
  facet normal 0.272139 0.962258 0
    outer loop
      vertex 133.475 67.3832 1
      vertex 133.603 67.347 0
      vertex 133.475 67.3832 0
    endloop
  endfacet
  facet normal 0.419391 0.907806 -0
    outer loop
      vertex 133.349 67.4294 0
      vertex 133.228 67.4853 1
      vertex 133.349 67.4294 1
    endloop
  endfacet
  facet normal 0.419391 0.907806 0
    outer loop
      vertex 133.228 67.4853 1
      vertex 133.349 67.4294 0
      vertex 133.228 67.4853 0
    endloop
  endfacet
  facet normal -0.787854 0.615863 0
    outer loop
      vertex 135.293 67.8959 0
      vertex 135.375 68.0008 1
      vertex 135.375 68.0008 0
    endloop
  endfacet
  facet normal -0.787854 0.615863 0
    outer loop
      vertex 135.375 68.0008 1
      vertex 135.293 67.8959 0
      vertex 135.293 67.8959 1
    endloop
  endfacet
  facet normal 0.117231 0.993105 -0
    outer loop
      vertex 133.867 67.3052 0
      vertex 133.734 67.3209 1
      vertex 133.867 67.3052 1
    endloop
  endfacet
  facet normal 0.117231 0.993105 0
    outer loop
      vertex 133.734 67.3209 1
      vertex 133.867 67.3052 0
      vertex 133.734 67.3209 0
    endloop
  endfacet
  facet normal 0.732793 -0.680451 0
    outer loop
      vertex 132.707 70.1041 1
      vertex 132.798 70.2021 0
      vertex 132.798 70.2021 1
    endloop
  endfacet
  facet normal 0.732793 -0.680451 0
    outer loop
      vertex 132.798 70.2021 0
      vertex 132.707 70.1041 1
      vertex 132.707 70.1041 0
    endloop
  endfacet
  facet normal -0.962871 -0.269964 0
    outer loop
      vertex 135.653 69.3969 0
      vertex 135.617 69.5253 1
      vertex 135.617 69.5253 0
    endloop
  endfacet
  facet normal -0.962871 -0.269964 0
    outer loop
      vertex 135.617 69.5253 1
      vertex 135.653 69.3969 0
      vertex 135.653 69.3969 1
    endloop
  endfacet
  facet normal -0.938739 -0.344629 0
    outer loop
      vertex 135.617 69.5253 0
      vertex 135.571 69.6506 1
      vertex 135.571 69.6506 0
    endloop
  endfacet
  facet normal -0.938739 -0.344629 0
    outer loop
      vertex 135.571 69.6506 1
      vertex 135.617 69.5253 0
      vertex 135.617 69.5253 1
    endloop
  endfacet
  facet normal 0.938739 0.344629 0
    outer loop
      vertex 132.429 68.3494 1
      vertex 132.383 68.4747 0
      vertex 132.383 68.4747 1
    endloop
  endfacet
  facet normal 0.938739 0.344629 0
    outer loop
      vertex 132.383 68.4747 0
      vertex 132.429 68.3494 1
      vertex 132.429 68.3494 0
    endloop
  endfacet
  facet normal -0.992788 0.119884 0
    outer loop
      vertex 135.679 68.7341 0
      vertex 135.695 68.8666 1
      vertex 135.695 68.8666 0
    endloop
  endfacet
  facet normal -0.992788 0.119884 0
    outer loop
      vertex 135.695 68.8666 1
      vertex 135.679 68.7341 0
      vertex 135.679 68.7341 1
    endloop
  endfacet
  facet normal 0.907784 -0.419438 0
    outer loop
      vertex 132.429 69.6506 1
      vertex 132.485 69.7718 0
      vertex 132.485 69.7718 1
    endloop
  endfacet
  facet normal 0.907784 -0.419438 0
    outer loop
      vertex 132.485 69.7718 0
      vertex 132.429 69.6506 1
      vertex 132.429 69.6506 0
    endloop
  endfacet
  facet normal 0.618284 -0.785955 0
    outer loop
      vertex 132.896 70.2927 0
      vertex 133.001 70.3753 1
      vertex 132.896 70.2927 1
    endloop
  endfacet
  facet normal 0.618284 -0.785955 0
    outer loop
      vertex 133.001 70.3753 1
      vertex 132.896 70.2927 0
      vertex 133.001 70.3753 0
    endloop
  endfacet
  facet normal 0.272139 -0.962258 0
    outer loop
      vertex 133.475 70.6168 0
      vertex 133.603 70.653 1
      vertex 133.475 70.6168 1
    endloop
  endfacet
  facet normal 0.272139 -0.962258 0
    outer loop
      vertex 133.603 70.653 1
      vertex 133.475 70.6168 0
      vertex 133.603 70.653 0
    endloop
  endfacet
  facet normal -0.489976 0.871736 0
    outer loop
      vertex 134.888 67.5505 0
      vertex 134.772 67.4853 1
      vertex 134.888 67.5505 1
    endloop
  endfacet
  facet normal -0.489976 0.871736 0
    outer loop
      vertex 134.772 67.4853 1
      vertex 134.888 67.5505 0
      vertex 134.772 67.4853 0
    endloop
  endfacet
  facet normal -0.555737 -0.831358 0
    outer loop
      vertex 134.888 70.4495 0
      vertex 134.999 70.3753 1
      vertex 134.888 70.4495 1
    endloop
  endfacet
  facet normal -0.555737 -0.831358 -0
    outer loop
      vertex 134.999 70.3753 1
      vertex 134.888 70.4495 0
      vertex 134.999 70.3753 0
    endloop
  endfacet
  facet normal -0.787854 -0.615863 0
    outer loop
      vertex 135.375 69.9992 0
      vertex 135.293 70.1041 1
      vertex 135.293 70.1041 0
    endloop
  endfacet
  facet normal -0.787854 -0.615863 0
    outer loop
      vertex 135.293 70.1041 1
      vertex 135.375 69.9992 0
      vertex 135.375 69.9992 1
    endloop
  endfacet
  facet normal -0.999298 0.037455 0
    outer loop
      vertex 135.695 68.8666 0
      vertex 135.7 69 1
      vertex 135.7 69 0
    endloop
  endfacet
  facet normal -0.999298 0.037455 0
    outer loop
      vertex 135.7 69 1
      vertex 135.695 68.8666 0
      vertex 135.695 68.8666 1
    endloop
  endfacet
  facet normal 0.489976 -0.871736 0
    outer loop
      vertex 133.112 70.4495 0
      vertex 133.228 70.5147 1
      vertex 133.112 70.4495 1
    endloop
  endfacet
  facet normal 0.489976 -0.871736 0
    outer loop
      vertex 133.228 70.5147 1
      vertex 133.112 70.4495 0
      vertex 133.228 70.5147 0
    endloop
  endfacet
  facet normal -0.344255 -0.938876 0
    outer loop
      vertex 134.525 70.6168 0
      vertex 134.651 70.5706 1
      vertex 134.525 70.6168 1
    endloop
  endfacet
  facet normal -0.344255 -0.938876 -0
    outer loop
      vertex 134.651 70.5706 1
      vertex 134.525 70.6168 0
      vertex 134.651 70.5706 0
    endloop
  endfacet
  facet normal -0.0390679 -0.999237 0
    outer loop
      vertex 134 70.7 0
      vertex 134.133 70.6948 1
      vertex 134 70.7 1
    endloop
  endfacet
  facet normal -0.0390679 -0.999237 -0
    outer loop
      vertex 134.133 70.6948 1
      vertex 134 70.7 0
      vertex 134.133 70.6948 0
    endloop
  endfacet
  facet normal 0.195396 -0.980724 0
    outer loop
      vertex 133.603 70.653 0
      vertex 133.734 70.6791 1
      vertex 133.603 70.653 1
    endloop
  endfacet
  facet normal 0.195396 -0.980724 0
    outer loop
      vertex 133.734 70.6791 1
      vertex 133.603 70.653 0
      vertex 133.734 70.6791 0
    endloop
  endfacet
  facet normal -0.938739 0.344629 0
    outer loop
      vertex 135.571 68.3494 0
      vertex 135.617 68.4747 1
      vertex 135.617 68.4747 0
    endloop
  endfacet
  facet normal -0.938739 0.344629 0
    outer loop
      vertex 135.617 68.4747 1
      vertex 135.571 68.3494 0
      vertex 135.571 68.3494 1
    endloop
  endfacet
  facet normal 0.992788 -0.119884 0
    outer loop
      vertex 132.305 69.1334 1
      vertex 132.321 69.2659 0
      vertex 132.321 69.2659 1
    endloop
  endfacet
  facet normal 0.992788 -0.119884 0
    outer loop
      vertex 132.321 69.2659 0
      vertex 132.305 69.1334 1
      vertex 132.305 69.1334 0
    endloop
  endfacet
  facet normal 0.787854 0.615863 0
    outer loop
      vertex 132.707 67.8959 1
      vertex 132.625 68.0008 0
      vertex 132.625 68.0008 1
    endloop
  endfacet
  facet normal 0.787854 0.615863 0
    outer loop
      vertex 132.625 68.0008 0
      vertex 132.707 67.8959 1
      vertex 132.707 67.8959 0
    endloop
  endfacet
  facet normal 0.938739 -0.344629 0
    outer loop
      vertex 132.383 69.5253 1
      vertex 132.429 69.6506 0
      vertex 132.429 69.6506 1
    endloop
  endfacet
  facet normal 0.938739 -0.344629 0
    outer loop
      vertex 132.429 69.6506 0
      vertex 132.383 69.5253 1
      vertex 132.383 69.5253 0
    endloop
  endfacet
  facet normal 0.907784 0.419438 0
    outer loop
      vertex 132.485 68.2282 1
      vertex 132.429 68.3494 0
      vertex 132.429 68.3494 1
    endloop
  endfacet
  facet normal 0.907784 0.419438 0
    outer loop
      vertex 132.429 68.3494 0
      vertex 132.485 68.2282 1
      vertex 132.485 68.2282 0
    endloop
  endfacet
  facet normal 0.83205 0.5547 0
    outer loop
      vertex 132.625 68.0008 1
      vertex 132.551 68.1118 0
      vertex 132.551 68.1118 1
    endloop
  endfacet
  facet normal 0.83205 0.5547 0
    outer loop
      vertex 132.551 68.1118 0
      vertex 132.625 68.0008 1
      vertex 132.625 68.0008 0
    endloop
  endfacet
  facet normal 0.992788 0.119884 0
    outer loop
      vertex 132.321 68.7341 1
      vertex 132.305 68.8666 0
      vertex 132.305 68.8666 1
    endloop
  endfacet
  facet normal 0.992788 0.119884 0
    outer loop
      vertex 132.305 68.8666 0
      vertex 132.321 68.7341 1
      vertex 132.321 68.7341 0
    endloop
  endfacet
  facet normal -0.962871 0.269964 0
    outer loop
      vertex 135.617 68.4747 0
      vertex 135.653 68.6031 1
      vertex 135.653 68.6031 0
    endloop
  endfacet
  facet normal -0.962871 0.269964 0
    outer loop
      vertex 135.653 68.6031 1
      vertex 135.617 68.4747 0
      vertex 135.617 68.4747 1
    endloop
  endfacet
  facet normal 0.555737 0.831358 -0
    outer loop
      vertex 133.112 67.5505 0
      vertex 133.001 67.6247 1
      vertex 133.112 67.5505 1
    endloop
  endfacet
  facet normal 0.555737 0.831358 0
    outer loop
      vertex 133.001 67.6247 1
      vertex 133.112 67.5505 0
      vertex 133.001 67.6247 0
    endloop
  endfacet
  facet normal -0.618284 -0.785955 0
    outer loop
      vertex 134.999 70.3753 0
      vertex 135.104 70.2927 1
      vertex 134.999 70.3753 1
    endloop
  endfacet
  facet normal -0.618284 -0.785955 -0
    outer loop
      vertex 135.104 70.2927 1
      vertex 134.999 70.3753 0
      vertex 135.104 70.2927 0
    endloop
  endfacet
  facet normal -0.732793 -0.680451 0
    outer loop
      vertex 135.293 70.1041 0
      vertex 135.202 70.2021 1
      vertex 135.202 70.2021 0
    endloop
  endfacet
  facet normal -0.732793 -0.680451 0
    outer loop
      vertex 135.202 70.2021 1
      vertex 135.293 70.1041 0
      vertex 135.293 70.1041 1
    endloop
  endfacet
  facet normal 0.344255 -0.938876 0
    outer loop
      vertex 133.349 70.5706 0
      vertex 133.475 70.6168 1
      vertex 133.349 70.5706 1
    endloop
  endfacet
  facet normal 0.344255 -0.938876 0
    outer loop
      vertex 133.475 70.6168 1
      vertex 133.349 70.5706 0
      vertex 133.475 70.6168 0
    endloop
  endfacet
  facet normal 0.980868 0.194676 0
    outer loop
      vertex 132.347 68.6031 1
      vertex 132.321 68.7341 0
      vertex 132.321 68.7341 1
    endloop
  endfacet
  facet normal 0.980868 0.194676 0
    outer loop
      vertex 132.321 68.7341 0
      vertex 132.347 68.6031 1
      vertex 132.347 68.6031 0
    endloop
  endfacet
  facet normal -0.83205 0.5547 0
    outer loop
      vertex 135.375 68.0008 0
      vertex 135.449 68.1118 1
      vertex 135.449 68.1118 0
    endloop
  endfacet
  facet normal -0.83205 0.5547 0
    outer loop
      vertex 135.449 68.1118 1
      vertex 135.375 68.0008 0
      vertex 135.375 68.0008 1
    endloop
  endfacet
  facet normal -0.67884 -0.734286 0
    outer loop
      vertex 135.104 70.2927 0
      vertex 135.202 70.2021 1
      vertex 135.104 70.2927 1
    endloop
  endfacet
  facet normal -0.67884 -0.734286 -0
    outer loop
      vertex 135.202 70.2021 1
      vertex 135.104 70.2927 0
      vertex 135.202 70.2021 0
    endloop
  endfacet
  facet normal -0.907784 -0.419438 0
    outer loop
      vertex 135.571 69.6506 0
      vertex 135.515 69.7718 1
      vertex 135.515 69.7718 0
    endloop
  endfacet
  facet normal -0.907784 -0.419438 0
    outer loop
      vertex 135.515 69.7718 1
      vertex 135.571 69.6506 0
      vertex 135.571 69.6506 1
    endloop
  endfacet
  facet normal 0.195396 0.980724 -0
    outer loop
      vertex 133.734 67.3209 0
      vertex 133.603 67.347 1
      vertex 133.734 67.3209 1
    endloop
  endfacet
  facet normal 0.195396 0.980724 0
    outer loop
      vertex 133.603 67.347 1
      vertex 133.734 67.3209 0
      vertex 133.603 67.347 0
    endloop
  endfacet
  facet normal 0.869894 -0.493239 0
    outer loop
      vertex 132.485 69.7718 1
      vertex 132.551 69.8882 0
      vertex 132.551 69.8882 1
    endloop
  endfacet
  facet normal 0.869894 -0.493239 0
    outer loop
      vertex 132.551 69.8882 0
      vertex 132.485 69.7718 1
      vertex 132.485 69.7718 0
    endloop
  endfacet
  facet normal 0.999298 0.037455 0
    outer loop
      vertex 132.305 68.8666 1
      vertex 132.3 69 0
      vertex 132.3 69 1
    endloop
  endfacet
  facet normal 0.999298 0.037455 0
    outer loop
      vertex 132.3 69 0
      vertex 132.305 68.8666 1
      vertex 132.305 68.8666 0
    endloop
  endfacet
  facet normal 0.0390679 -0.999237 0
    outer loop
      vertex 133.867 70.6948 0
      vertex 134 70.7 1
      vertex 133.867 70.6948 1
    endloop
  endfacet
  facet normal 0.0390679 -0.999237 0
    outer loop
      vertex 134 70.7 1
      vertex 133.867 70.6948 0
      vertex 134 70.7 0
    endloop
  endfacet
  facet normal 0.117231 -0.993105 0
    outer loop
      vertex 133.734 70.6791 0
      vertex 133.867 70.6948 1
      vertex 133.734 70.6791 1
    endloop
  endfacet
  facet normal 0.117231 -0.993105 0
    outer loop
      vertex 133.867 70.6948 1
      vertex 133.734 70.6791 0
      vertex 133.867 70.6948 0
    endloop
  endfacet
  facet normal -0.195396 -0.980724 0
    outer loop
      vertex 134.266 70.6791 0
      vertex 134.397 70.653 1
      vertex 134.266 70.6791 1
    endloop
  endfacet
  facet normal -0.195396 -0.980724 -0
    outer loop
      vertex 134.397 70.653 1
      vertex 134.266 70.6791 0
      vertex 134.397 70.653 0
    endloop
  endfacet
  facet normal 0.732793 0.680451 0
    outer loop
      vertex 132.798 67.7979 1
      vertex 132.707 67.8959 0
      vertex 132.707 67.8959 1
    endloop
  endfacet
  facet normal 0.732793 0.680451 0
    outer loop
      vertex 132.707 67.8959 0
      vertex 132.798 67.7979 1
      vertex 132.798 67.7979 0
    endloop
  endfacet
  facet normal 0.67884 0.734286 -0
    outer loop
      vertex 132.896 67.7073 0
      vertex 132.798 67.7979 1
      vertex 132.896 67.7073 1
    endloop
  endfacet
  facet normal 0.67884 0.734286 0
    outer loop
      vertex 132.798 67.7979 1
      vertex 132.896 67.7073 0
      vertex 132.798 67.7979 0
    endloop
  endfacet
  facet normal -0.618284 0.785955 0
    outer loop
      vertex 135.104 67.7073 0
      vertex 134.999 67.6247 1
      vertex 135.104 67.7073 1
    endloop
  endfacet
  facet normal -0.618284 0.785955 0
    outer loop
      vertex 134.999 67.6247 1
      vertex 135.104 67.7073 0
      vertex 134.999 67.6247 0
    endloop
  endfacet
  facet normal -0.344255 0.938876 0
    outer loop
      vertex 134.651 67.4294 0
      vertex 134.525 67.3832 1
      vertex 134.651 67.4294 1
    endloop
  endfacet
  facet normal -0.344255 0.938876 0
    outer loop
      vertex 134.525 67.3832 1
      vertex 134.651 67.4294 0
      vertex 134.525 67.3832 0
    endloop
  endfacet
  facet normal 0.419391 -0.907806 0
    outer loop
      vertex 133.228 70.5147 0
      vertex 133.349 70.5706 1
      vertex 133.228 70.5147 1
    endloop
  endfacet
  facet normal 0.419391 -0.907806 0
    outer loop
      vertex 133.349 70.5706 1
      vertex 133.228 70.5147 0
      vertex 133.349 70.5706 0
    endloop
  endfacet
  facet normal -0.195396 0.980724 0
    outer loop
      vertex 134.397 67.347 0
      vertex 134.266 67.3209 1
      vertex 134.397 67.347 1
    endloop
  endfacet
  facet normal -0.195396 0.980724 0
    outer loop
      vertex 134.266 67.3209 1
      vertex 134.397 67.347 0
      vertex 134.266 67.3209 0
    endloop
  endfacet
  facet normal 0.555737 -0.831358 0
    outer loop
      vertex 133.001 70.3753 0
      vertex 133.112 70.4495 1
      vertex 133.001 70.3753 1
    endloop
  endfacet
  facet normal 0.555737 -0.831358 0
    outer loop
      vertex 133.112 70.4495 1
      vertex 133.001 70.3753 0
      vertex 133.112 70.4495 0
    endloop
  endfacet
  facet normal 0.962871 0.269964 0
    outer loop
      vertex 132.383 68.4747 1
      vertex 132.347 68.6031 0
      vertex 132.347 68.6031 1
    endloop
  endfacet
  facet normal 0.962871 0.269964 0
    outer loop
      vertex 132.347 68.6031 0
      vertex 132.383 68.4747 1
      vertex 132.383 68.4747 0
    endloop
  endfacet
  facet normal -0.419391 0.907806 0
    outer loop
      vertex 134.772 67.4853 0
      vertex 134.651 67.4294 1
      vertex 134.772 67.4853 1
    endloop
  endfacet
  facet normal -0.419391 0.907806 0
    outer loop
      vertex 134.651 67.4294 1
      vertex 134.772 67.4853 0
      vertex 134.651 67.4294 0
    endloop
  endfacet
  facet normal 0.787854 -0.615863 0
    outer loop
      vertex 132.625 69.9992 1
      vertex 132.707 70.1041 0
      vertex 132.707 70.1041 1
    endloop
  endfacet
  facet normal 0.787854 -0.615863 0
    outer loop
      vertex 132.707 70.1041 0
      vertex 132.625 69.9992 1
      vertex 132.625 69.9992 0
    endloop
  endfacet
  facet normal 0.618284 0.785955 -0
    outer loop
      vertex 133.001 67.6247 0
      vertex 132.896 67.7073 1
      vertex 133.001 67.6247 1
    endloop
  endfacet
  facet normal 0.618284 0.785955 0
    outer loop
      vertex 132.896 67.7073 1
      vertex 133.001 67.6247 0
      vertex 132.896 67.7073 0
    endloop
  endfacet
  facet normal -0.83205 -0.5547 0
    outer loop
      vertex 135.449 69.8882 0
      vertex 135.375 69.9992 1
      vertex 135.375 69.9992 0
    endloop
  endfacet
  facet normal -0.83205 -0.5547 0
    outer loop
      vertex 135.375 69.9992 1
      vertex 135.449 69.8882 0
      vertex 135.449 69.8882 1
    endloop
  endfacet
  facet normal -0.869894 0.493239 0
    outer loop
      vertex 135.449 68.1118 0
      vertex 135.515 68.2282 1
      vertex 135.515 68.2282 0
    endloop
  endfacet
  facet normal -0.869894 0.493239 0
    outer loop
      vertex 135.515 68.2282 1
      vertex 135.449 68.1118 0
      vertex 135.449 68.1118 1
    endloop
  endfacet
  facet normal -0.980868 0.194676 0
    outer loop
      vertex 135.653 68.6031 0
      vertex 135.679 68.7341 1
      vertex 135.679 68.7341 0
    endloop
  endfacet
  facet normal -0.980868 0.194676 0
    outer loop
      vertex 135.679 68.7341 1
      vertex 135.653 68.6031 0
      vertex 135.653 68.6031 1
    endloop
  endfacet
  facet normal 0.489976 0.871736 -0
    outer loop
      vertex 133.228 67.4853 0
      vertex 133.112 67.5505 1
      vertex 133.228 67.4853 1
    endloop
  endfacet
  facet normal 0.489976 0.871736 0
    outer loop
      vertex 133.112 67.5505 1
      vertex 133.228 67.4853 0
      vertex 133.112 67.5505 0
    endloop
  endfacet
  facet normal 0.83205 -0.5547 0
    outer loop
      vertex 132.551 69.8882 1
      vertex 132.625 69.9992 0
      vertex 132.625 69.9992 1
    endloop
  endfacet
  facet normal 0.83205 -0.5547 0
    outer loop
      vertex 132.625 69.9992 0
      vertex 132.551 69.8882 1
      vertex 132.551 69.8882 0
    endloop
  endfacet
  facet normal -0.489976 -0.871736 0
    outer loop
      vertex 134.772 70.5147 0
      vertex 134.888 70.4495 1
      vertex 134.772 70.5147 1
    endloop
  endfacet
  facet normal -0.489976 -0.871736 -0
    outer loop
      vertex 134.888 70.4495 1
      vertex 134.772 70.5147 0
      vertex 134.888 70.4495 0
    endloop
  endfacet
  facet normal 0.999298 -0.037455 0
    outer loop
      vertex 132.3 69 1
      vertex 132.305 69.1334 0
      vertex 132.305 69.1334 1
    endloop
  endfacet
  facet normal 0.999298 -0.037455 0
    outer loop
      vertex 132.305 69.1334 0
      vertex 132.3 69 1
      vertex 132.3 69 0
    endloop
  endfacet
  facet normal -0.0390679 0.999237 0
    outer loop
      vertex 134.133 67.3052 0
      vertex 134 67.3 1
      vertex 134.133 67.3052 1
    endloop
  endfacet
  facet normal -0.0390679 0.999237 0
    outer loop
      vertex 134 67.3 1
      vertex 134.133 67.3052 0
      vertex 134 67.3 0
    endloop
  endfacet
  facet normal 0.962871 -0.269964 0
    outer loop
      vertex 132.347 69.3969 1
      vertex 132.383 69.5253 0
      vertex 132.383 69.5253 1
    endloop
  endfacet
  facet normal 0.962871 -0.269964 0
    outer loop
      vertex 132.383 69.5253 0
      vertex 132.347 69.3969 1
      vertex 132.347 69.3969 0
    endloop
  endfacet
  facet normal -0.732793 0.680451 0
    outer loop
      vertex 135.202 67.7979 0
      vertex 135.293 67.8959 1
      vertex 135.293 67.8959 0
    endloop
  endfacet
  facet normal -0.732793 0.680451 0
    outer loop
      vertex 135.293 67.8959 1
      vertex 135.202 67.7979 0
      vertex 135.202 67.7979 1
    endloop
  endfacet
  facet normal 0.869894 0.493239 0
    outer loop
      vertex 132.551 68.1118 1
      vertex 132.485 68.2282 0
      vertex 132.485 68.2282 1
    endloop
  endfacet
  facet normal 0.869894 0.493239 0
    outer loop
      vertex 132.485 68.2282 0
      vertex 132.551 68.1118 1
      vertex 132.551 68.1118 0
    endloop
  endfacet
  facet normal 0.980868 -0.194676 0
    outer loop
      vertex 132.321 69.2659 1
      vertex 132.347 69.3969 0
      vertex 132.347 69.3969 1
    endloop
  endfacet
  facet normal 0.980868 -0.194676 0
    outer loop
      vertex 132.347 69.3969 0
      vertex 132.321 69.2659 1
      vertex 132.321 69.2659 0
    endloop
  endfacet
  facet normal -0.67884 0.734286 0
    outer loop
      vertex 135.202 67.7979 0
      vertex 135.104 67.7073 1
      vertex 135.202 67.7979 1
    endloop
  endfacet
  facet normal -0.67884 0.734286 0
    outer loop
      vertex 135.104 67.7073 1
      vertex 135.202 67.7979 0
      vertex 135.104 67.7073 0
    endloop
  endfacet
  facet normal -0.117231 -0.993105 0
    outer loop
      vertex 134.133 70.6948 0
      vertex 134.266 70.6791 1
      vertex 134.133 70.6948 1
    endloop
  endfacet
  facet normal -0.117231 -0.993105 -0
    outer loop
      vertex 134.266 70.6791 1
      vertex 134.133 70.6948 0
      vertex 134.266 70.6791 0
    endloop
  endfacet
  facet normal -0.272139 -0.962258 0
    outer loop
      vertex 134.397 70.653 0
      vertex 134.525 70.6168 1
      vertex 134.397 70.653 1
    endloop
  endfacet
  facet normal -0.272139 -0.962258 -0
    outer loop
      vertex 134.525 70.6168 1
      vertex 134.397 70.653 0
      vertex 134.525 70.6168 0
    endloop
  endfacet
  facet normal 0.344255 0.938876 -0
    outer loop
      vertex 133.475 67.3832 0
      vertex 133.349 67.4294 1
      vertex 133.475 67.3832 1
    endloop
  endfacet
  facet normal 0.344255 0.938876 0
    outer loop
      vertex 133.349 67.4294 1
      vertex 133.475 67.3832 0
      vertex 133.349 67.4294 0
    endloop
  endfacet
  facet normal -0.729238 -0.028649 0.68366
    outer loop
      vertex 7.7 6 1
      vertex 9.10592 6.00834 2.5
      vertex 7.69476 6.13338 1
    endloop
  endfacet
  facet normal -0.729233 -0.0288546 0.683656
    outer loop
      vertex 9.10592 6.00834 2.5
      vertex 7.7 6 1
      vertex 9.10625 6 2.5
    endloop
  endfacet
  facet normal -0.0857785 0.724741 0.683661
    outer loop
      vertex 6.26594 4.32093 1
      vertex 6.47764 2.93101 2.5
      vertex 6.48592 2.93199 2.5
    endloop
  endfacet
  facet normal -0.0857814 0.724741 0.683661
    outer loop
      vertex 6.47764 2.93101 2.5
      vertex 6.26594 4.32093 1
      vertex 6.13338 4.30524 1
    endloop
  endfacet
  facet normal -0.405027 -0.607103 0.683651
    outer loop
      vertex 7.81887 8.51764 2.5
      vertex 6.99923 7.37533 1
      vertex 7.82581 8.51301 2.5
    endloop
  endfacet
  facet normal -0.405476 -0.606793 0.68366
    outer loop
      vertex 6.99923 7.37533 1
      vertex 7.81887 8.51764 2.5
      vertex 6.88825 7.44949 1
    endloop
  endfacet
  facet normal 0.715779 0.142363 0.683661
    outer loop
      vertex 2.97957 5.27486 2.5
      vertex 4.34697 5.60314 1
      vertex 2.93362 5.50589 2.5
    endloop
  endfacet
  facet normal -0.684693 0.252593 0.683661
    outer loop
      vertex 8.8698 4.81129 2.5
      vertex 8.95133 5.03229 2.5
      vertex 7.57059 5.34944 1
    endloop
  endfacet
  facet normal -0.702485 -0.197711 0.683685
    outer loop
      vertex 7.6168 6.52533 1
      vertex 9.02042 6.72514 2.5
      vertex 9.01816 6.73317 2.5
    endloop
  endfacet
  facet normal -0.702405 -0.198086 0.683659
    outer loop
      vertex 9.02042 6.72514 2.5
      vertex 7.6168 6.52533 1
      vertex 7.65303 6.39686 1
    endloop
  endfacet
  facet normal 0.142393 -0.715775 0.683659
    outer loop
      vertex 5.60314 7.65303 1
      vertex 5.50589 9.06638 2.5
      vertex 5.27486 9.02042 2.5
    endloop
  endfacet
  facet normal -0.0857865 0.72474 0.683661
    outer loop
      vertex 6.24371 2.90332 2.5
      vertex 6.47764 2.93101 2.5
      vertex 6.13338 4.30524 1
    endloop
  endfacet
  facet normal -0.53591 -0.495387 0.683661
    outer loop
      vertex 8.35635 8.02347 2.5
      vertex 8.19645 8.19645 2.5
      vertex 7.20208 7.20208 1
    endloop
  endfacet
  facet normal 0.252703 -0.684659 0.683654
    outer loop
      vertex 5.34944 7.57059 1
      vertex 5.04012 8.95422 2.5
      vertex 5.03229 8.95133 2.5
    endloop
  endfacet
  facet normal 0.252646 -0.684676 0.683658
    outer loop
      vertex 5.04012 8.95422 2.5
      vertex 5.34944 7.57059 1
      vertex 5.47467 7.6168 1
    endloop
  endfacet
  facet normal 0.405457 0.606807 0.683659
    outer loop
      vertex 4.37699 3.35149 2.5
      vertex 5.11175 4.55051 1
      vertex 4.18113 3.48236 2.5
    endloop
  endfacet
  facet normal 0.729238 0.0286279 0.683661
    outer loop
      vertex 2.90332 5.75629 2.5
      vertex 4.30524 5.86662 1
      vertex 2.89408 5.99166 2.5
    endloop
  endfacet
  facet normal -0.252593 0.684695 0.683659
    outer loop
      vertex 6.96771 3.04867 2.5
      vertex 7.18871 3.1302 2.5
      vertex 6.65056 4.4294 1
    endloop
  endfacet
  facet normal 0.305541 0.66276 0.683662
    outer loop
      vertex 4.80371 3.13369 2.5
      vertex 5.22822 4.48529 1
      vertex 4.58979 3.23231 2.5
    endloop
  endfacet
  facet normal 0.0857865 0.72474 0.683661
    outer loop
      vertex 5.75629 2.90332 2.5
      vertex 5.86662 4.30524 1
      vertex 5.52236 2.93101 2.5
    endloop
  endfacet
  facet normal 0.729238 -0.0286279 0.683661
    outer loop
      vertex 4.30524 6.13338 1
      vertex 2.90332 6.24371 2.5
      vertex 2.89408 6.00834 2.5
    endloop
  endfacet
  facet normal -0.405457 0.606807 0.683659
    outer loop
      vertex 7.62301 3.35149 2.5
      vertex 7.81887 3.48236 2.5
      vertex 6.88825 4.55051 1
    endloop
  endfacet
  facet normal 0.715779 -0.142363 0.683661
    outer loop
      vertex 4.34697 6.39686 1
      vertex 2.97957 6.72514 2.5
      vertex 2.93362 6.49411 2.5
    endloop
  endfacet
  facet normal 0.57313 -0.451806 0.683662
    outer loop
      vertex 4.62467 6.99923 1
      vertex 3.63282 8.0108 2.5
      vertex 3.48699 7.82581 2.5
    endloop
  endfacet
  facet normal 0.495402 -0.535896 0.683661
    outer loop
      vertex 4.79792 7.20208 1
      vertex 3.97652 8.35635 2.5
      vertex 3.80355 8.19645 2.5
    endloop
  endfacet
  facet normal -0.0286589 -0.729239 0.683659
    outer loop
      vertex 6.13338 7.69476 1
      vertex 6.24371 9.09667 2.5
      vertex 6.00834 9.10592 2.5
    endloop
  endfacet
  facet normal 0.573131 0.451807 0.68366
    outer loop
      vertex 3.63282 3.9892 2.5
      vertex 4.62467 5.00076 1
      vertex 3.48699 4.17419 2.5
    endloop
  endfacet
  facet normal -0.028649 0.729238 0.68366
    outer loop
      vertex 6 4.3 1
      vertex 6.00834 2.89408 2.5
      vertex 6.13338 4.30524 1
    endloop
  endfacet
  facet normal -0.0288546 0.729233 0.683656
    outer loop
      vertex 6.00834 2.89408 2.5
      vertex 6 4.3 1
      vertex 6 2.89375 2.5
    endloop
  endfacet
  facet normal -0.495387 -0.53591 0.683661
    outer loop
      vertex 8.19645 8.19645 2.5
      vertex 8.02347 8.35635 2.5
      vertex 7.20208 7.20208 1
    endloop
  endfacet
  facet normal 0.495402 0.535896 0.683661
    outer loop
      vertex 3.97652 3.64365 2.5
      vertex 4.79792 4.79792 1
      vertex 3.80355 3.80355 2.5
    endloop
  endfacet
  facet normal -0.198086 -0.702405 0.683659
    outer loop
      vertex 6.52533 7.6168 1
      vertex 6.72514 9.02042 2.5
      vertex 6.39686 7.65303 1
    endloop
  endfacet
  facet normal -0.197711 -0.702485 0.683685
    outer loop
      vertex 6.72514 9.02042 2.5
      vertex 6.52533 7.6168 1
      vertex 6.73317 9.01816 2.5
    endloop
  endfacet
  facet normal 0.66275 0.305569 0.68366
    outer loop
      vertex 4.4294 5.34944 1
      vertex 3.13369 4.80371 2.5
      vertex 4.48529 5.22822 1
    endloop
  endfacet
  facet normal 0.662906 0.305216 0.683666
    outer loop
      vertex 3.13369 4.80371 2.5
      vertex 4.4294 5.34944 1
      vertex 3.1302 4.81129 2.5
    endloop
  endfacet
  facet normal -0.142363 0.715779 0.683661
    outer loop
      vertex 6.49411 2.93362 2.5
      vertex 6.72514 2.97957 2.5
      vertex 6.39686 4.34697 1
    endloop
  endfacet
  facet normal -0.405457 -0.606807 0.683659
    outer loop
      vertex 7.81887 8.51764 2.5
      vertex 7.62301 8.64851 2.5
      vertex 6.88825 7.44949 1
    endloop
  endfacet
  facet normal -0.724745 0.0857562 0.683659
    outer loop
      vertex 9.06899 5.52236 2.5
      vertex 9.09667 5.75629 2.5
      vertex 7.69476 5.86662 1
    endloop
  endfacet
  facet normal 0.451807 -0.573131 0.68366
    outer loop
      vertex 5.00076 7.37533 1
      vertex 4.17419 8.51301 2.5
      vertex 3.9892 8.36718 2.5
    endloop
  endfacet
  facet normal -0.252704 0.684661 0.683652
    outer loop
      vertex 6.65056 4.4294 1
      vertex 6.95988 3.04578 2.5
      vertex 6.96771 3.04867 2.5
    endloop
  endfacet
  facet normal -0.252598 0.684693 0.683659
    outer loop
      vertex 6.95988 3.04578 2.5
      vertex 6.65056 4.4294 1
      vertex 6.52533 4.3832 1
    endloop
  endfacet
  facet normal 0.729233 0.0288546 0.683656
    outer loop
      vertex 2.89408 5.99166 2.5
      vertex 4.3 6 1
      vertex 2.89375 6 2.5
    endloop
  endfacet
  facet normal 0.729238 0.028649 0.68366
    outer loop
      vertex 4.3 6 1
      vertex 2.89408 5.99166 2.5
      vertex 4.30524 5.86662 1
    endloop
  endfacet
  facet normal -0.715778 0.142368 0.683661
    outer loop
      vertex 7.65303 5.60314 1
      vertex 9.06801 5.51408 2.5
      vertex 7.67907 5.73406 1
    endloop
  endfacet
  facet normal -0.715767 0.142454 0.683655
    outer loop
      vertex 9.06801 5.51408 2.5
      vertex 7.65303 5.60314 1
      vertex 9.06638 5.50589 2.5
    endloop
  endfacet
  facet normal 0.252593 -0.684693 0.683661
    outer loop
      vertex 5.34944 7.57059 1
      vertex 5.03229 8.95133 2.5
      vertex 4.81129 8.8698 2.5
    endloop
  endfacet
  facet normal 0.66276 -0.305541 0.683662
    outer loop
      vertex 4.48529 6.77178 1
      vertex 3.23231 7.41021 2.5
      vertex 3.13369 7.19629 2.5
    endloop
  endfacet
  facet normal 0.305215 -0.662904 0.683668
    outer loop
      vertex 4.80371 8.86631 2.5
      vertex 5.34944 7.57059 1
      vertex 4.81129 8.8698 2.5
    endloop
  endfacet
  facet normal 0.305523 -0.662768 0.683663
    outer loop
      vertex 5.34944 7.57059 1
      vertex 4.80371 8.86631 2.5
      vertex 5.22822 7.51471 1
    endloop
  endfacet
  facet normal -0.702405 0.198086 0.683659
    outer loop
      vertex 7.6168 5.47467 1
      vertex 9.02042 5.27486 2.5
      vertex 7.65303 5.60314 1
    endloop
  endfacet
  facet normal -0.702485 0.197711 0.683685
    outer loop
      vertex 9.02042 5.27486 2.5
      vertex 7.6168 5.47467 1
      vertex 9.01816 5.26683 2.5
    endloop
  endfacet
  facet normal -0.7024 0.198101 0.683659
    outer loop
      vertex 8.95422 5.04012 2.5
      vertex 9.01816 5.26683 2.5
      vertex 7.6168 5.47467 1
    endloop
  endfacet
  facet normal -0.573131 0.451807 0.68366
    outer loop
      vertex 8.36718 3.9892 2.5
      vertex 8.51301 4.17419 2.5
      vertex 7.37533 5.00076 1
    endloop
  endfacet
  facet normal 0.198101 -0.7024 0.683659
    outer loop
      vertex 5.47467 7.6168 1
      vertex 5.26683 9.01816 2.5
      vertex 5.04012 8.95422 2.5
    endloop
  endfacet
  facet normal 0.028649 -0.729238 0.68366
    outer loop
      vertex 6 7.7 1
      vertex 5.99166 9.10592 2.5
      vertex 5.86662 7.69476 1
    endloop
  endfacet
  facet normal 0.0288546 -0.729233 0.683656
    outer loop
      vertex 5.99166 9.10592 2.5
      vertex 6 7.7 1
      vertex 6 9.10625 2.5
    endloop
  endfacet
  facet normal -0.252646 -0.684676 0.683658
    outer loop
      vertex 6.65056 7.57059 1
      vertex 6.95988 8.95422 2.5
      vertex 6.52533 7.6168 1
    endloop
  endfacet
  facet normal -0.252703 -0.684659 0.683654
    outer loop
      vertex 6.95988 8.95422 2.5
      vertex 6.65056 7.57059 1
      vertex 6.96771 8.95133 2.5
    endloop
  endfacet
  facet normal 0.72474 -0.0857865 0.683661
    outer loop
      vertex 4.30524 6.13338 1
      vertex 2.93101 6.47764 2.5
      vertex 2.90332 6.24371 2.5
    endloop
  endfacet
  facet normal -0.305569 0.66275 0.68366
    outer loop
      vertex 6.65056 4.4294 1
      vertex 7.19629 3.13369 2.5
      vertex 6.77178 4.48529 1
    endloop
  endfacet
  facet normal -0.305216 0.662906 0.683666
    outer loop
      vertex 7.19629 3.13369 2.5
      vertex 6.65056 4.4294 1
      vertex 7.18871 3.1302 2.5
    endloop
  endfacet
  facet normal 0.72474 0.0857865 0.683661
    outer loop
      vertex 2.93101 5.52236 2.5
      vertex 4.30524 5.86662 1
      vertex 2.90332 5.75629 2.5
    endloop
  endfacet
  facet normal 0.305541 -0.66276 0.683662
    outer loop
      vertex 5.22822 7.51471 1
      vertex 4.80371 8.86631 2.5
      vertex 4.58979 8.76769 2.5
    endloop
  endfacet
  facet normal -0.724745 -0.0857562 0.683659
    outer loop
      vertex 9.09667 6.24371 2.5
      vertex 9.06899 6.47764 2.5
      vertex 7.69476 6.13338 1
    endloop
  endfacet
  facet normal -0.715775 0.142393 0.683659
    outer loop
      vertex 9.02042 5.27486 2.5
      vertex 9.06638 5.50589 2.5
      vertex 7.65303 5.60314 1
    endloop
  endfacet
  facet normal 0.636634 -0.356795 0.683663
    outer loop
      vertex 3.34741 7.61573 2.5
      vertex 4.55051 6.88825 1
      vertex 3.35149 7.62301 2.5
    endloop
  endfacet
  facet normal 0.636764 -0.35657 0.683659
    outer loop
      vertex 4.55051 6.88825 1
      vertex 3.34741 7.61573 2.5
      vertex 4.48529 6.77178 1
    endloop
  endfacet
  facet normal 0.729233 -0.0288546 0.683656
    outer loop
      vertex 4.3 6 1
      vertex 2.89408 6.00834 2.5
      vertex 2.89375 6 2.5
    endloop
  endfacet
  facet normal 0.729238 -0.028649 0.68366
    outer loop
      vertex 2.89408 6.00834 2.5
      vertex 4.3 6 1
      vertex 4.30524 6.13338 1
    endloop
  endfacet
  facet normal -0.0857814 -0.724741 0.683661
    outer loop
      vertex 6.26594 7.67907 1
      vertex 6.47764 9.06899 2.5
      vertex 6.13338 7.69476 1
    endloop
  endfacet
  facet normal -0.0857785 -0.724741 0.683661
    outer loop
      vertex 6.47764 9.06899 2.5
      vertex 6.26594 7.67907 1
      vertex 6.48592 9.06801 2.5
    endloop
  endfacet
  facet normal 0.0288546 0.729233 0.683656
    outer loop
      vertex 6 4.3 1
      vertex 5.99166 2.89408 2.5
      vertex 6 2.89375 2.5
    endloop
  endfacet
  facet normal 0.028649 0.729238 0.68366
    outer loop
      vertex 5.99166 2.89408 2.5
      vertex 6 4.3 1
      vertex 5.86662 4.30524 1
    endloop
  endfacet
  facet normal 0.405452 0.606811 0.683658
    outer loop
      vertex 5.00076 4.62467 1
      vertex 4.18113 3.48236 2.5
      vertex 5.11175 4.55051 1
    endloop
  endfacet
  facet normal 0.405028 0.607104 0.68365
    outer loop
      vertex 4.18113 3.48236 2.5
      vertex 5.00076 4.62467 1
      vertex 4.17419 3.48699 2.5
    endloop
  endfacet
  facet normal -0.142454 0.715767 0.683655
    outer loop
      vertex 6.39686 4.34697 1
      vertex 6.48592 2.93199 2.5
      vertex 6.49411 2.93362 2.5
    endloop
  endfacet
  facet normal -0.142368 0.715778 0.683661
    outer loop
      vertex 6.48592 2.93199 2.5
      vertex 6.39686 4.34697 1
      vertex 6.26594 4.32093 1
    endloop
  endfacet
  facet normal -0.451806 0.57313 0.683662
    outer loop
      vertex 7.82581 3.48699 2.5
      vertex 8.0108 3.63282 2.5
      vertex 6.99923 4.62467 1
    endloop
  endfacet
  facet normal -0.536187 0.495076 0.683669
    outer loop
      vertex 7.29269 4.89594 1
      vertex 8.35635 3.97652 2.5
      vertex 8.36201 3.98265 2.5
    endloop
  endfacet
  facet normal -0.535904 0.495392 0.683662
    outer loop
      vertex 8.35635 3.97652 2.5
      vertex 7.29269 4.89594 1
      vertex 7.20208 4.79792 1
    endloop
  endfacet
  facet normal -0.142393 -0.715775 0.683659
    outer loop
      vertex 6.72514 9.02042 2.5
      vertex 6.49411 9.06638 2.5
      vertex 6.39686 7.65303 1
    endloop
  endfacet
  facet normal -0.724741 -0.0857785 0.683661
    outer loop
      vertex 7.67907 6.26594 1
      vertex 9.06899 6.47764 2.5
      vertex 9.06801 6.48592 2.5
    endloop
  endfacet
  facet normal -0.724741 -0.0857814 0.683661
    outer loop
      vertex 9.06899 6.47764 2.5
      vertex 7.67907 6.26594 1
      vertex 7.69476 6.13338 1
    endloop
  endfacet
  facet normal 0.684695 -0.252593 0.683659
    outer loop
      vertex 4.4294 6.65056 1
      vertex 3.1302 7.18871 2.5
      vertex 3.04867 6.96771 2.5
    endloop
  endfacet
  facet normal -0.142368 -0.715778 0.683661
    outer loop
      vertex 6.39686 7.65303 1
      vertex 6.48592 9.06801 2.5
      vertex 6.26594 7.67907 1
    endloop
  endfacet
  facet normal -0.142454 -0.715767 0.683655
    outer loop
      vertex 6.48592 9.06801 2.5
      vertex 6.39686 7.65303 1
      vertex 6.49411 9.06638 2.5
    endloop
  endfacet
  facet normal 0.724741 0.0857814 0.683661
    outer loop
      vertex 2.93101 5.52236 2.5
      vertex 4.32093 5.73406 1
      vertex 4.30524 5.86662 1
    endloop
  endfacet
  facet normal 0.724741 0.0857785 0.683661
    outer loop
      vertex 4.32093 5.73406 1
      vertex 2.93101 5.52236 2.5
      vertex 2.93199 5.51408 2.5
    endloop
  endfacet
  facet normal -0.0288546 -0.729233 0.683656
    outer loop
      vertex 6 7.7 1
      vertex 6.00834 9.10592 2.5
      vertex 6 9.10625 2.5
    endloop
  endfacet
  facet normal -0.028649 -0.729238 0.68366
    outer loop
      vertex 6.00834 9.10592 2.5
      vertex 6 7.7 1
      vertex 6.13338 7.69476 1
    endloop
  endfacet
  facet normal 0.0286279 0.729238 0.683661
    outer loop
      vertex 5.99166 2.89408 2.5
      vertex 5.86662 4.30524 1
      vertex 5.75629 2.90332 2.5
    endloop
  endfacet
  facet normal -0.715767 -0.142454 0.683655
    outer loop
      vertex 7.65303 6.39686 1
      vertex 9.06801 6.48592 2.5
      vertex 9.06638 6.49411 2.5
    endloop
  endfacet
  facet normal -0.715778 -0.142368 0.683661
    outer loop
      vertex 9.06801 6.48592 2.5
      vertex 7.65303 6.39686 1
      vertex 7.67907 6.26594 1
    endloop
  endfacet
  facet normal -0.495387 0.53591 0.683661
    outer loop
      vertex 8.02347 3.64365 2.5
      vertex 8.19645 3.80355 2.5
      vertex 7.20208 4.79792 1
    endloop
  endfacet
  facet normal -0.0857562 -0.724745 0.683659
    outer loop
      vertex 6.47764 9.06899 2.5
      vertex 6.24371 9.09667 2.5
      vertex 6.13338 7.69476 1
    endloop
  endfacet
  facet normal -0.7024 -0.198101 0.683659
    outer loop
      vertex 9.01816 6.73317 2.5
      vertex 8.95422 6.95988 2.5
      vertex 7.6168 6.52533 1
    endloop
  endfacet
  facet normal -0.252593 -0.684693 0.683661
    outer loop
      vertex 7.18871 8.8698 2.5
      vertex 6.96771 8.95133 2.5
      vertex 6.65056 7.57059 1
    endloop
  endfacet
  facet normal -0.66276 -0.305541 0.683662
    outer loop
      vertex 8.86631 7.19629 2.5
      vertex 8.76769 7.41021 2.5
      vertex 7.51471 6.77178 1
    endloop
  endfacet
  facet normal -0.662904 -0.305215 0.683668
    outer loop
      vertex 8.86631 7.19629 2.5
      vertex 7.57059 6.65056 1
      vertex 8.8698 7.18871 2.5
    endloop
  endfacet
  facet normal -0.662768 -0.305523 0.683663
    outer loop
      vertex 7.57059 6.65056 1
      vertex 8.86631 7.19629 2.5
      vertex 7.51471 6.77178 1
    endloop
  endfacet
  facet normal -0.684676 0.252646 0.683658
    outer loop
      vertex 7.57059 5.34944 1
      vertex 8.95422 5.04012 2.5
      vertex 7.6168 5.47467 1
    endloop
  endfacet
  facet normal -0.684659 0.252703 0.683654
    outer loop
      vertex 8.95422 5.04012 2.5
      vertex 7.57059 5.34944 1
      vertex 8.95133 5.03229 2.5
    endloop
  endfacet
  facet normal 0.684661 -0.252704 0.683652
    outer loop
      vertex 3.04578 6.95988 2.5
      vertex 4.4294 6.65056 1
      vertex 3.04867 6.96771 2.5
    endloop
  endfacet
  facet normal 0.684693 -0.252598 0.683659
    outer loop
      vertex 4.4294 6.65056 1
      vertex 3.04578 6.95988 2.5
      vertex 4.3832 6.52533 1
    endloop
  endfacet
  facet normal -0.535896 0.495402 0.683661
    outer loop
      vertex 8.19645 3.80355 2.5
      vertex 8.35635 3.97652 2.5
      vertex 7.20208 4.79792 1
    endloop
  endfacet
  facet normal 0.606807 -0.405457 0.683659
    outer loop
      vertex 4.55051 6.88825 1
      vertex 3.48236 7.81887 2.5
      vertex 3.35149 7.62301 2.5
    endloop
  endfacet
  facet normal -0.0286279 0.729238 0.683661
    outer loop
      vertex 6.24371 2.90332 2.5
      vertex 6.13338 4.30524 1
      vertex 6.00834 2.89408 2.5
    endloop
  endfacet
  facet normal 0.53591 -0.495387 0.683661
    outer loop
      vertex 4.79792 7.20208 1
      vertex 3.80355 8.19645 2.5
      vertex 3.64365 8.02347 2.5
    endloop
  endfacet
  facet normal -0.729233 0.0288546 0.683656
    outer loop
      vertex 7.7 6 1
      vertex 9.10592 5.99166 2.5
      vertex 9.10625 6 2.5
    endloop
  endfacet
  facet normal -0.729238 0.028649 0.68366
    outer loop
      vertex 9.10592 5.99166 2.5
      vertex 7.7 6 1
      vertex 7.69476 5.86662 1
    endloop
  endfacet
  facet normal 0.356603 -0.636743 0.683661
    outer loop
      vertex 5.22822 7.51471 1
      vertex 4.58979 8.76769 2.5
      vertex 4.38427 8.65259 2.5
    endloop
  endfacet
  facet normal -0.715775 -0.142393 0.683659
    outer loop
      vertex 9.06638 6.49411 2.5
      vertex 9.02042 6.72514 2.5
      vertex 7.65303 6.39686 1
    endloop
  endfacet
  facet normal 0.715767 -0.142454 0.683655
    outer loop
      vertex 2.93199 6.48592 2.5
      vertex 4.34697 6.39686 1
      vertex 2.93362 6.49411 2.5
    endloop
  endfacet
  facet normal 0.715778 -0.142368 0.683661
    outer loop
      vertex 4.34697 6.39686 1
      vertex 2.93199 6.48592 2.5
      vertex 4.32093 6.26594 1
    endloop
  endfacet
  facet normal -0.198101 -0.7024 0.683659
    outer loop
      vertex 6.95988 8.95422 2.5
      vertex 6.73317 9.01816 2.5
      vertex 6.52533 7.6168 1
    endloop
  endfacet
  facet normal -0.729239 -0.0286589 0.683659
    outer loop
      vertex 9.10592 6.00834 2.5
      vertex 9.09667 6.24371 2.5
      vertex 7.69476 6.13338 1
    endloop
  endfacet
  facet normal -0.729239 0.0286589 0.683659
    outer loop
      vertex 9.09667 5.75629 2.5
      vertex 9.10592 5.99166 2.5
      vertex 7.69476 5.86662 1
    endloop
  endfacet
  facet normal -0.198101 0.7024 0.683659
    outer loop
      vertex 6.73317 2.98184 2.5
      vertex 6.95988 3.04578 2.5
      vertex 6.52533 4.3832 1
    endloop
  endfacet
  facet normal -0.606811 0.405452 0.683658
    outer loop
      vertex 7.37533 5.00076 1
      vertex 8.51764 4.18113 2.5
      vertex 7.44949 5.11175 1
    endloop
  endfacet
  facet normal -0.607104 0.405028 0.68365
    outer loop
      vertex 8.51764 4.18113 2.5
      vertex 7.37533 5.00076 1
      vertex 8.51301 4.17419 2.5
    endloop
  endfacet
  facet normal -0.305541 -0.66276 0.683662
    outer loop
      vertex 7.41021 8.76769 2.5
      vertex 7.19629 8.86631 2.5
      vertex 6.77178 7.51471 1
    endloop
  endfacet
  facet normal 0.636764 0.35657 0.683659
    outer loop
      vertex 3.34741 4.38427 2.5
      vertex 4.55051 5.11175 1
      vertex 4.48529 5.22822 1
    endloop
  endfacet
  facet normal 0.636634 0.356795 0.683663
    outer loop
      vertex 4.55051 5.11175 1
      vertex 3.34741 4.38427 2.5
      vertex 3.35149 4.37699 2.5
    endloop
  endfacet
  facet normal -0.198535 0.702305 0.683631
    outer loop
      vertex 6.52533 4.3832 1
      vertex 6.72514 2.97957 2.5
      vertex 6.73317 2.98184 2.5
    endloop
  endfacet
  facet normal -0.198085 0.702402 0.683662
    outer loop
      vertex 6.72514 2.97957 2.5
      vertex 6.52533 4.3832 1
      vertex 6.39686 4.34697 1
    endloop
  endfacet
  facet normal 0.535896 0.495402 0.683661
    outer loop
      vertex 3.80355 3.80355 2.5
      vertex 4.79792 4.79792 1
      vertex 3.64365 3.97652 2.5
    endloop
  endfacet
  facet normal 0.702305 -0.198535 0.683631
    outer loop
      vertex 2.97957 6.72514 2.5
      vertex 4.3832 6.52533 1
      vertex 2.98184 6.73317 2.5
    endloop
  endfacet
  facet normal 0.702402 -0.198085 0.683662
    outer loop
      vertex 4.3832 6.52533 1
      vertex 2.97957 6.72514 2.5
      vertex 4.34697 6.39686 1
    endloop
  endfacet
  facet normal -0.49552 -0.535792 0.683657
    outer loop
      vertex 7.10406 7.29269 1
      vertex 8.02347 8.35635 2.5
      vertex 8.01735 8.36201 2.5
    endloop
  endfacet
  facet normal -0.495393 -0.535906 0.68366
    outer loop
      vertex 8.02347 8.35635 2.5
      vertex 7.10406 7.29269 1
      vertex 7.20208 7.20208 1
    endloop
  endfacet
  facet normal 0.305569 0.66275 0.68366
    outer loop
      vertex 4.80371 3.13369 2.5
      vertex 5.34944 4.4294 1
      vertex 5.22822 4.48529 1
    endloop
  endfacet
  facet normal 0.305216 0.662906 0.683666
    outer loop
      vertex 5.34944 4.4294 1
      vertex 4.80371 3.13369 2.5
      vertex 4.81129 3.1302 2.5
    endloop
  endfacet
  facet normal -0.356603 0.636743 0.683661
    outer loop
      vertex 7.41021 3.23231 2.5
      vertex 7.61573 3.34741 2.5
      vertex 6.77178 4.48529 1
    endloop
  endfacet
  facet normal -0.573105 0.451836 0.683663
    outer loop
      vertex 7.29269 4.89594 1
      vertex 8.36718 3.9892 2.5
      vertex 7.37533 5.00076 1
    endloop
  endfacet
  facet normal -0.572846 0.452155 0.683669
    outer loop
      vertex 8.36718 3.9892 2.5
      vertex 7.29269 4.89594 1
      vertex 8.36201 3.98265 2.5
    endloop
  endfacet
  facet normal 0.0286589 -0.729239 0.683659
    outer loop
      vertex 5.86662 7.69476 1
      vertex 5.99166 9.10592 2.5
      vertex 5.75629 9.09667 2.5
    endloop
  endfacet
  facet normal 0.35657 0.636764 0.683659
    outer loop
      vertex 5.11175 4.55051 1
      vertex 4.38427 3.34741 2.5
      vertex 5.22822 4.48529 1
    endloop
  endfacet
  facet normal 0.356795 0.636634 0.683663
    outer loop
      vertex 4.38427 3.34741 2.5
      vertex 5.11175 4.55051 1
      vertex 4.37699 3.35149 2.5
    endloop
  endfacet
  facet normal 0.7024 -0.198101 0.683659
    outer loop
      vertex 4.3832 6.52533 1
      vertex 3.04578 6.95988 2.5
      vertex 2.98184 6.73317 2.5
    endloop
  endfacet
  facet normal 0.636743 -0.356603 0.683661
    outer loop
      vertex 4.48529 6.77178 1
      vertex 3.34741 7.61573 2.5
      vertex 3.23231 7.41021 2.5
    endloop
  endfacet
  facet normal 0.198101 0.7024 0.683659
    outer loop
      vertex 5.26683 2.98184 2.5
      vertex 5.47467 4.3832 1
      vertex 5.04012 3.04578 2.5
    endloop
  endfacet
  facet normal -0.606807 -0.405457 0.683659
    outer loop
      vertex 8.64851 7.62301 2.5
      vertex 8.51764 7.81887 2.5
      vertex 7.44949 6.88825 1
    endloop
  endfacet
  facet normal 0.197711 -0.702485 0.683685
    outer loop
      vertex 5.47467 7.6168 1
      vertex 5.27486 9.02042 2.5
      vertex 5.26683 9.01816 2.5
    endloop
  endfacet
  facet normal 0.198086 -0.702405 0.683659
    outer loop
      vertex 5.27486 9.02042 2.5
      vertex 5.47467 7.6168 1
      vertex 5.60314 7.65303 1
    endloop
  endfacet
  facet normal -0.636764 0.35657 0.683659
    outer loop
      vertex 7.44949 5.11175 1
      vertex 8.65259 4.38427 2.5
      vertex 7.51471 5.22822 1
    endloop
  endfacet
  facet normal -0.636634 0.356795 0.683663
    outer loop
      vertex 8.65259 4.38427 2.5
      vertex 7.44949 5.11175 1
      vertex 8.64851 4.37699 2.5
    endloop
  endfacet
  facet normal 0.198085 0.702402 0.683662
    outer loop
      vertex 5.47467 4.3832 1
      vertex 5.27486 2.97957 2.5
      vertex 5.60314 4.34697 1
    endloop
  endfacet
  facet normal 0.198535 0.702305 0.683631
    outer loop
      vertex 5.27486 2.97957 2.5
      vertex 5.47467 4.3832 1
      vertex 5.26683 2.98184 2.5
    endloop
  endfacet
  facet normal 0.606807 0.405457 0.683659
    outer loop
      vertex 3.48236 4.18113 2.5
      vertex 4.55051 5.11175 1
      vertex 3.35149 4.37699 2.5
    endloop
  endfacet
  facet normal -0.684693 -0.252593 0.683661
    outer loop
      vertex 8.95133 6.96771 2.5
      vertex 8.8698 7.18871 2.5
      vertex 7.57059 6.65056 1
    endloop
  endfacet
  facet normal -0.684659 -0.252703 0.683654
    outer loop
      vertex 7.57059 6.65056 1
      vertex 8.95422 6.95988 2.5
      vertex 8.95133 6.96771 2.5
    endloop
  endfacet
  facet normal -0.684676 -0.252646 0.683658
    outer loop
      vertex 8.95422 6.95988 2.5
      vertex 7.57059 6.65056 1
      vertex 7.6168 6.52533 1
    endloop
  endfacet
  facet normal 0.7024 0.198101 0.683659
    outer loop
      vertex 3.04578 5.04012 2.5
      vertex 4.3832 5.47467 1
      vertex 2.98184 5.26683 2.5
    endloop
  endfacet
  facet normal -0.495393 0.535906 0.68366
    outer loop
      vertex 7.10406 4.70731 1
      vertex 8.02347 3.64365 2.5
      vertex 7.20208 4.79792 1
    endloop
  endfacet
  facet normal -0.49552 0.535792 0.683657
    outer loop
      vertex 8.02347 3.64365 2.5
      vertex 7.10406 4.70731 1
      vertex 8.01735 3.63799 2.5
    endloop
  endfacet
  facet normal -0.535792 -0.49552 0.683657
    outer loop
      vertex 8.35635 8.02347 2.5
      vertex 7.29269 7.10406 1
      vertex 8.36201 8.01735 2.5
    endloop
  endfacet
  facet normal -0.535906 -0.495393 0.68366
    outer loop
      vertex 7.29269 7.10406 1
      vertex 8.35635 8.02347 2.5
      vertex 7.20208 7.20208 1
    endloop
  endfacet
  facet normal 0.142454 -0.715767 0.683655
    outer loop
      vertex 5.60314 7.65303 1
      vertex 5.51408 9.06801 2.5
      vertex 5.50589 9.06638 2.5
    endloop
  endfacet
  facet normal 0.142368 -0.715778 0.683661
    outer loop
      vertex 5.51408 9.06801 2.5
      vertex 5.60314 7.65303 1
      vertex 5.73406 7.67907 1
    endloop
  endfacet
  facet normal -0.662904 0.305215 0.683668
    outer loop
      vertex 7.57059 5.34944 1
      vertex 8.86631 4.80371 2.5
      vertex 8.8698 4.81129 2.5
    endloop
  endfacet
  facet normal -0.662768 0.305523 0.683663
    outer loop
      vertex 8.86631 4.80371 2.5
      vertex 7.57059 5.34944 1
      vertex 7.51471 5.22822 1
    endloop
  endfacet
  facet normal 0.684695 0.252593 0.683659
    outer loop
      vertex 3.1302 4.81129 2.5
      vertex 4.4294 5.34944 1
      vertex 3.04867 5.03229 2.5
    endloop
  endfacet
  facet normal 0.0857814 0.724741 0.683661
    outer loop
      vertex 5.73406 4.32093 1
      vertex 5.52236 2.93101 2.5
      vertex 5.86662 4.30524 1
    endloop
  endfacet
  facet normal 0.0857785 0.724741 0.683661
    outer loop
      vertex 5.52236 2.93101 2.5
      vertex 5.73406 4.32093 1
      vertex 5.51408 2.93199 2.5
    endloop
  endfacet
  facet normal 0.573105 0.451836 0.683663
    outer loop
      vertex 3.63282 3.9892 2.5
      vertex 4.70731 4.89594 1
      vertex 4.62467 5.00076 1
    endloop
  endfacet
  facet normal 0.572846 0.452155 0.683669
    outer loop
      vertex 4.70731 4.89594 1
      vertex 3.63282 3.9892 2.5
      vertex 3.63799 3.98265 2.5
    endloop
  endfacet
  facet normal -0.724741 0.0857814 0.683661
    outer loop
      vertex 7.67907 5.73406 1
      vertex 9.06899 5.52236 2.5
      vertex 7.69476 5.86662 1
    endloop
  endfacet
  facet normal -0.724741 0.0857785 0.683661
    outer loop
      vertex 9.06899 5.52236 2.5
      vertex 7.67907 5.73406 1
      vertex 9.06801 5.51408 2.5
    endloop
  endfacet
  facet normal 0.607103 -0.405027 0.683651
    outer loop
      vertex 3.48236 7.81887 2.5
      vertex 4.62467 6.99923 1
      vertex 3.48699 7.82581 2.5
    endloop
  endfacet
  facet normal 0.606793 -0.405476 0.68366
    outer loop
      vertex 4.62467 6.99923 1
      vertex 3.48236 7.81887 2.5
      vertex 4.55051 6.88825 1
    endloop
  endfacet
  facet normal 0.724741 -0.0857785 0.683661
    outer loop
      vertex 2.93101 6.47764 2.5
      vertex 4.32093 6.26594 1
      vertex 2.93199 6.48592 2.5
    endloop
  endfacet
  facet normal 0.724741 -0.0857814 0.683661
    outer loop
      vertex 4.32093 6.26594 1
      vertex 2.93101 6.47764 2.5
      vertex 4.30524 6.13338 1
    endloop
  endfacet
  facet normal 0.535904 0.495392 0.683662
    outer loop
      vertex 4.70731 4.89594 1
      vertex 3.64365 3.97652 2.5
      vertex 4.79792 4.79792 1
    endloop
  endfacet
  facet normal 0.536187 0.495076 0.683669
    outer loop
      vertex 3.64365 3.97652 2.5
      vertex 4.70731 4.89594 1
      vertex 3.63799 3.98265 2.5
    endloop
  endfacet
  facet normal 0.451807 0.573131 0.68366
    outer loop
      vertex 4.17419 3.48699 2.5
      vertex 5.00076 4.62467 1
      vertex 3.9892 3.63282 2.5
    endloop
  endfacet
  facet normal -0.452155 0.572846 0.683669
    outer loop
      vertex 7.10406 4.70731 1
      vertex 8.0108 3.63282 2.5
      vertex 8.01735 3.63799 2.5
    endloop
  endfacet
  facet normal -0.45181 0.573127 0.683662
    outer loop
      vertex 8.0108 3.63282 2.5
      vertex 7.10406 4.70731 1
      vertex 6.99923 4.62467 1
    endloop
  endfacet
  facet normal 0.702402 0.198085 0.683662
    outer loop
      vertex 2.97957 5.27486 2.5
      vertex 4.3832 5.47467 1
      vertex 4.34697 5.60314 1
    endloop
  endfacet
  facet normal 0.702305 0.198535 0.683631
    outer loop
      vertex 4.3832 5.47467 1
      vertex 2.97957 5.27486 2.5
      vertex 2.98184 5.26683 2.5
    endloop
  endfacet
  facet normal -0.636743 -0.356603 0.683661
    outer loop
      vertex 8.76769 7.41021 2.5
      vertex 8.65259 7.61573 2.5
      vertex 7.51471 6.77178 1
    endloop
  endfacet
  facet normal -0.606807 0.405457 0.683659
    outer loop
      vertex 8.51764 4.18113 2.5
      vertex 8.64851 4.37699 2.5
      vertex 7.44949 5.11175 1
    endloop
  endfacet
  facet normal 0.495392 0.535904 0.683662
    outer loop
      vertex 3.97652 3.64365 2.5
      vertex 4.89594 4.70731 1
      vertex 4.79792 4.79792 1
    endloop
  endfacet
  facet normal 0.495076 0.536187 0.683669
    outer loop
      vertex 4.89594 4.70731 1
      vertex 3.97652 3.64365 2.5
      vertex 3.98265 3.63799 2.5
    endloop
  endfacet
  facet normal 0.66276 0.305541 0.683662
    outer loop
      vertex 3.23231 4.58979 2.5
      vertex 4.48529 5.22822 1
      vertex 3.13369 4.80371 2.5
    endloop
  endfacet
  facet normal -0.356603 -0.636743 0.683661
    outer loop
      vertex 7.61573 8.65259 2.5
      vertex 7.41021 8.76769 2.5
      vertex 6.77178 7.51471 1
    endloop
  endfacet
  facet normal -0.57313 -0.451806 0.683662
    outer loop
      vertex 8.51301 7.82581 2.5
      vertex 8.36718 8.0108 2.5
      vertex 7.37533 6.99923 1
    endloop
  endfacet
  facet normal -0.305541 0.66276 0.683662
    outer loop
      vertex 7.19629 3.13369 2.5
      vertex 7.41021 3.23231 2.5
      vertex 6.77178 4.48529 1
    endloop
  endfacet
  facet normal 0.142368 0.715778 0.683661
    outer loop
      vertex 5.60314 4.34697 1
      vertex 5.51408 2.93199 2.5
      vertex 5.73406 4.32093 1
    endloop
  endfacet
  facet normal 0.142454 0.715767 0.683655
    outer loop
      vertex 5.51408 2.93199 2.5
      vertex 5.60314 4.34697 1
      vertex 5.50589 2.93362 2.5
    endloop
  endfacet
  facet normal 0.142363 0.715779 0.683661
    outer loop
      vertex 5.50589 2.93362 2.5
      vertex 5.60314 4.34697 1
      vertex 5.27486 2.97957 2.5
    endloop
  endfacet
  facet normal -0.451806 -0.57313 0.683662
    outer loop
      vertex 8.0108 8.36718 2.5
      vertex 7.82581 8.51301 2.5
      vertex 6.99923 7.37533 1
    endloop
  endfacet
  facet normal 0.356603 0.636743 0.683661
    outer loop
      vertex 4.58979 3.23231 2.5
      vertex 5.22822 4.48529 1
      vertex 4.38427 3.34741 2.5
    endloop
  endfacet
  facet normal -0.607103 -0.405027 0.683651
    outer loop
      vertex 7.37533 6.99923 1
      vertex 8.51764 7.81887 2.5
      vertex 8.51301 7.82581 2.5
    endloop
  endfacet
  facet normal -0.606793 -0.405476 0.68366
    outer loop
      vertex 8.51764 7.81887 2.5
      vertex 7.37533 6.99923 1
      vertex 7.44949 6.88825 1
    endloop
  endfacet
  facet normal -0.572846 -0.452155 0.683669
    outer loop
      vertex 7.29269 7.10406 1
      vertex 8.36718 8.0108 2.5
      vertex 8.36201 8.01735 2.5
    endloop
  endfacet
  facet normal -0.573127 -0.45181 0.683662
    outer loop
      vertex 8.36718 8.0108 2.5
      vertex 7.29269 7.10406 1
      vertex 7.37533 6.99923 1
    endloop
  endfacet
  facet normal -0.452155 -0.572846 0.683669
    outer loop
      vertex 8.0108 8.36718 2.5
      vertex 7.10406 7.29269 1
      vertex 8.01735 8.36201 2.5
    endloop
  endfacet
  facet normal -0.45181 -0.573127 0.683662
    outer loop
      vertex 7.10406 7.29269 1
      vertex 8.0108 8.36718 2.5
      vertex 6.99923 7.37533 1
    endloop
  endfacet
  facet normal 0.0857785 -0.724741 0.683661
    outer loop
      vertex 5.73406 7.67907 1
      vertex 5.52236 9.06899 2.5
      vertex 5.51408 9.06801 2.5
    endloop
  endfacet
  facet normal 0.0857814 -0.724741 0.683661
    outer loop
      vertex 5.52236 9.06899 2.5
      vertex 5.73406 7.67907 1
      vertex 5.86662 7.69476 1
    endloop
  endfacet
  facet normal 0.0857562 -0.724745 0.683659
    outer loop
      vertex 5.86662 7.69476 1
      vertex 5.75629 9.09667 2.5
      vertex 5.52236 9.06899 2.5
    endloop
  endfacet
  facet normal 0.495076 -0.536187 0.683669
    outer loop
      vertex 3.97652 8.35635 2.5
      vertex 4.89594 7.29269 1
      vertex 3.98265 8.36201 2.5
    endloop
  endfacet
  facet normal 0.495392 -0.535904 0.683662
    outer loop
      vertex 4.89594 7.29269 1
      vertex 3.97652 8.35635 2.5
      vertex 4.79792 7.20208 1
    endloop
  endfacet
  facet normal 0.451836 -0.573105 0.683663
    outer loop
      vertex 3.9892 8.36718 2.5
      vertex 4.89594 7.29269 1
      vertex 5.00076 7.37533 1
    endloop
  endfacet
  facet normal 0.452155 -0.572846 0.683669
    outer loop
      vertex 4.89594 7.29269 1
      vertex 3.9892 8.36718 2.5
      vertex 3.98265 8.36201 2.5
    endloop
  endfacet
  facet normal 0.252598 0.684693 0.683659
    outer loop
      vertex 5.34944 4.4294 1
      vertex 5.04012 3.04578 2.5
      vertex 5.47467 4.3832 1
    endloop
  endfacet
  facet normal 0.252704 0.684661 0.683652
    outer loop
      vertex 5.04012 3.04578 2.5
      vertex 5.34944 4.4294 1
      vertex 5.03229 3.04867 2.5
    endloop
  endfacet
  facet normal 0.252593 0.684695 0.683659
    outer loop
      vertex 5.03229 3.04867 2.5
      vertex 5.34944 4.4294 1
      vertex 4.81129 3.1302 2.5
    endloop
  endfacet
  facet normal -0.66276 0.305541 0.683662
    outer loop
      vertex 8.76769 4.58979 2.5
      vertex 8.86631 4.80371 2.5
      vertex 7.51471 5.22822 1
    endloop
  endfacet
  facet normal -0.636743 0.356603 0.683661
    outer loop
      vertex 8.65259 4.38427 2.5
      vertex 8.76769 4.58979 2.5
      vertex 7.51471 5.22822 1
    endloop
  endfacet
  facet normal 0.684693 0.252598 0.683659
    outer loop
      vertex 3.04578 5.04012 2.5
      vertex 4.4294 5.34944 1
      vertex 4.3832 5.47467 1
    endloop
  endfacet
  facet normal 0.684661 0.252704 0.683652
    outer loop
      vertex 4.4294 5.34944 1
      vertex 3.04578 5.04012 2.5
      vertex 3.04867 5.03229 2.5
    endloop
  endfacet
  facet normal 0.451836 0.573105 0.683663
    outer loop
      vertex 4.89594 4.70731 1
      vertex 3.9892 3.63282 2.5
      vertex 5.00076 4.62467 1
    endloop
  endfacet
  facet normal 0.452155 0.572846 0.683669
    outer loop
      vertex 3.9892 3.63282 2.5
      vertex 4.89594 4.70731 1
      vertex 3.98265 3.63799 2.5
    endloop
  endfacet
  facet normal 0.572846 -0.452155 0.683669
    outer loop
      vertex 3.63282 8.0108 2.5
      vertex 4.70731 7.10406 1
      vertex 3.63799 8.01735 2.5
    endloop
  endfacet
  facet normal 0.573127 -0.45181 0.683662
    outer loop
      vertex 4.70731 7.10406 1
      vertex 3.63282 8.0108 2.5
      vertex 4.62467 6.99923 1
    endloop
  endfacet
  facet normal 0.606811 0.405452 0.683658
    outer loop
      vertex 3.48236 4.18113 2.5
      vertex 4.62467 5.00076 1
      vertex 4.55051 5.11175 1
    endloop
  endfacet
  facet normal 0.607104 0.405028 0.68365
    outer loop
      vertex 4.62467 5.00076 1
      vertex 3.48236 4.18113 2.5
      vertex 3.48699 4.17419 2.5
    endloop
  endfacet
  facet normal 0.715778 0.142368 0.683661
    outer loop
      vertex 2.93199 5.51408 2.5
      vertex 4.34697 5.60314 1
      vertex 4.32093 5.73406 1
    endloop
  endfacet
  facet normal 0.715767 0.142454 0.683655
    outer loop
      vertex 4.34697 5.60314 1
      vertex 2.93199 5.51408 2.5
      vertex 2.93362 5.50589 2.5
    endloop
  endfacet
  facet normal 0.535906 -0.495393 0.68366
    outer loop
      vertex 3.64365 8.02347 2.5
      vertex 4.70731 7.10406 1
      vertex 4.79792 7.20208 1
    endloop
  endfacet
  facet normal 0.535792 -0.49552 0.683657
    outer loop
      vertex 4.70731 7.10406 1
      vertex 3.64365 8.02347 2.5
      vertex 3.63799 8.01735 2.5
    endloop
  endfacet
  facet normal 0.66275 -0.305569 0.68366
    outer loop
      vertex 3.13369 7.19629 2.5
      vertex 4.4294 6.65056 1
      vertex 4.48529 6.77178 1
    endloop
  endfacet
  facet normal 0.662906 -0.305216 0.683666
    outer loop
      vertex 4.4294 6.65056 1
      vertex 3.13369 7.19629 2.5
      vertex 3.1302 7.18871 2.5
    endloop
  endfacet
  facet normal -0.636634 -0.356795 0.683663
    outer loop
      vertex 7.44949 6.88825 1
      vertex 8.65259 7.61573 2.5
      vertex 8.64851 7.62301 2.5
    endloop
  endfacet
  facet normal -0.636764 -0.35657 0.683659
    outer loop
      vertex 8.65259 7.61573 2.5
      vertex 7.44949 6.88825 1
      vertex 7.51471 6.77178 1
    endloop
  endfacet
  facet normal -0.305215 -0.662904 0.683668
    outer loop
      vertex 6.65056 7.57059 1
      vertex 7.19629 8.86631 2.5
      vertex 7.18871 8.8698 2.5
    endloop
  endfacet
  facet normal -0.305523 -0.662768 0.683663
    outer loop
      vertex 7.19629 8.86631 2.5
      vertex 6.65056 7.57059 1
      vertex 6.77178 7.51471 1
    endloop
  endfacet
  facet normal -0.356795 0.636634 0.683663
    outer loop
      vertex 6.88825 4.55051 1
      vertex 7.61573 3.34741 2.5
      vertex 7.62301 3.35149 2.5
    endloop
  endfacet
  facet normal -0.35657 0.636764 0.683659
    outer loop
      vertex 7.61573 3.34741 2.5
      vertex 6.88825 4.55051 1
      vertex 6.77178 4.48529 1
    endloop
  endfacet
  facet normal -0.405027 0.607103 0.683651
    outer loop
      vertex 6.99923 4.62467 1
      vertex 7.81887 3.48236 2.5
      vertex 7.82581 3.48699 2.5
    endloop
  endfacet
  facet normal -0.405476 0.606793 0.68366
    outer loop
      vertex 7.81887 3.48236 2.5
      vertex 6.99923 4.62467 1
      vertex 6.88825 4.55051 1
    endloop
  endfacet
  facet normal 0.636743 0.356603 0.683661
    outer loop
      vertex 3.34741 4.38427 2.5
      vertex 4.48529 5.22822 1
      vertex 3.23231 4.58979 2.5
    endloop
  endfacet
  facet normal -0.356795 -0.636634 0.683663
    outer loop
      vertex 7.61573 8.65259 2.5
      vertex 6.88825 7.44949 1
      vertex 7.62301 8.64851 2.5
    endloop
  endfacet
  facet normal -0.35657 -0.636764 0.683659
    outer loop
      vertex 6.88825 7.44949 1
      vertex 7.61573 8.65259 2.5
      vertex 6.77178 7.51471 1
    endloop
  endfacet
  facet normal 0.35657 -0.636764 0.683659
    outer loop
      vertex 4.38427 8.65259 2.5
      vertex 5.11175 7.44949 1
      vertex 5.22822 7.51471 1
    endloop
  endfacet
  facet normal 0.356795 -0.636634 0.683663
    outer loop
      vertex 5.11175 7.44949 1
      vertex 4.38427 8.65259 2.5
      vertex 4.37699 8.64851 2.5
    endloop
  endfacet
  facet normal 0.405452 -0.606811 0.683658
    outer loop
      vertex 4.18113 8.51764 2.5
      vertex 5.00076 7.37533 1
      vertex 5.11175 7.44949 1
    endloop
  endfacet
  facet normal 0.405028 -0.607104 0.68365
    outer loop
      vertex 5.00076 7.37533 1
      vertex 4.18113 8.51764 2.5
      vertex 4.17419 8.51301 2.5
    endloop
  endfacet
  facet normal 0.405457 -0.606807 0.683659
    outer loop
      vertex 5.11175 7.44949 1
      vertex 4.37699 8.64851 2.5
      vertex 4.18113 8.51764 2.5
    endloop
  endfacet
  facet normal -0.729239 -0.0286448 0.683659
    outer loop
      vertex 7.7 69 1
      vertex 9.10592 69.0083 2.5
      vertex 7.69476 69.1334 1
    endloop
  endfacet
  facet normal -0.729231 -0.0289935 0.683654
    outer loop
      vertex 9.10592 69.0083 2.5
      vertex 7.7 69 1
      vertex 9.10625 69 2.5
    endloop
  endfacet
  facet normal -0.305944 -0.662586 0.68365
    outer loop
      vertex 6.65056 70.5706 1
      vertex 7.19629 71.8663 2.5
      vertex 7.18871 71.8698 2.5
    endloop
  endfacet
  facet normal -0.305615 -0.662732 0.683656
    outer loop
      vertex 7.19629 71.8663 2.5
      vertex 6.65056 70.5706 1
      vertex 6.77178 70.5147 1
    endloop
  endfacet
  facet normal -0.356601 0.636739 0.683666
    outer loop
      vertex 7.41021 66.2323 2.5
      vertex 7.61573 66.3474 2.5
      vertex 6.77178 67.4853 1
    endloop
  endfacet
  facet normal -0.495395 0.535919 0.683647
    outer loop
      vertex 8.02347 66.6437 2.5
      vertex 8.19645 66.8036 2.5
      vertex 7.20208 67.7979 1
    endloop
  endfacet
  facet normal 0.684699 0.252595 0.683655
    outer loop
      vertex 3.1302 67.8113 2.5
      vertex 4.4294 68.3494 1
      vertex 3.04867 68.0323 2.5
    endloop
  endfacet
  facet normal 0.356488 -0.636812 0.683657
    outer loop
      vertex 4.38427 71.6526 2.5
      vertex 5.11175 70.4495 1
      vertex 5.22822 70.5147 1
    endloop
  endfacet
  facet normal 0.358112 -0.635867 0.683687
    outer loop
      vertex 5.11175 70.4495 1
      vertex 4.38427 71.6526 2.5
      vertex 4.37699 71.6485 2.5
    endloop
  endfacet
  facet normal -0.0875016 0.724514 0.683684
    outer loop
      vertex 6.26594 67.3209 1
      vertex 6.47764 65.931 2.5
      vertex 6.48592 65.932 2.5
    endloop
  endfacet
  facet normal -0.0858358 0.724738 0.683657
    outer loop
      vertex 6.47764 65.931 2.5
      vertex 6.26594 67.3209 1
      vertex 6.13338 67.3052 1
    endloop
  endfacet
  facet normal 0.0858177 -0.724742 0.683656
    outer loop
      vertex 5.86662 70.6948 1
      vertex 5.75629 72.0967 2.5
      vertex 5.52236 72.069 2.5
    endloop
  endfacet
  facet normal -0.535802 -0.495516 0.683652
    outer loop
      vertex 8.35635 71.0235 2.5
      vertex 8.19645 71.1964 2.5
      vertex 7.20208 70.2021 1
    endloop
  endfacet
  facet normal 0.495369 0.535939 0.683651
    outer loop
      vertex 3.97652 66.6437 2.5
      vertex 4.89594 67.7073 1
      vertex 4.79792 67.7979 1
    endloop
  endfacet
  facet normal 0.496991 0.534483 0.683613
    outer loop
      vertex 4.89594 67.7073 1
      vertex 3.97652 66.6437 2.5
      vertex 3.98265 66.638 2.5
    endloop
  endfacet
  facet normal -0.729231 0.0289935 0.683654
    outer loop
      vertex 7.7 69 1
      vertex 9.10592 68.9917 2.5
      vertex 9.10625 69 2.5
    endloop
  endfacet
  facet normal -0.729239 0.0286448 0.683659
    outer loop
      vertex 9.10592 68.9917 2.5
      vertex 7.7 69 1
      vertex 7.69476 68.8666 1
    endloop
  endfacet
  facet normal -0.684716 0.25252 0.683665
    outer loop
      vertex 7.57059 68.3494 1
      vertex 8.95422 68.0401 2.5
      vertex 7.6168 68.4747 1
    endloop
  endfacet
  facet normal -0.684399 0.253578 0.683591
    outer loop
      vertex 8.95422 68.0401 2.5
      vertex 7.57059 68.3494 1
      vertex 8.95133 68.0323 2.5
    endloop
  endfacet
  facet normal -0.702395 0.198108 0.683663
    outer loop
      vertex 8.95422 68.0401 2.5
      vertex 9.01816 68.2668 2.5
      vertex 7.6168 68.4747 1
    endloop
  endfacet
  facet normal 0.142687 0.715731 0.683645
    outer loop
      vertex 5.60314 67.347 1
      vertex 5.51408 65.932 2.5
      vertex 5.73406 67.3209 1
    endloop
  endfacet
  facet normal 0.139898 0.716104 0.683831
    outer loop
      vertex 5.51408 65.932 2.5
      vertex 5.60314 67.347 1
      vertex 5.50589 65.9336 2.5
    endloop
  endfacet
  facet normal -0.538938 -0.491999 0.683727
    outer loop
      vertex 8.35635 71.0235 2.5
      vertex 7.29269 70.1041 1
      vertex 8.36201 71.0173 2.5
    endloop
  endfacet
  facet normal -0.535857 -0.495449 0.683657
    outer loop
      vertex 7.29269 70.1041 1
      vertex 8.35635 71.0235 2.5
      vertex 7.20208 70.2021 1
    endloop
  endfacet
  facet normal -0.724745 -0.0857672 0.683658
    outer loop
      vertex 9.09667 69.2437 2.5
      vertex 9.06899 69.4776 2.5
      vertex 7.69476 69.1334 1
    endloop
  endfacet
  facet normal 0.573139 -0.451789 0.683665
    outer loop
      vertex 4.62467 69.9992 1
      vertex 3.63282 71.0108 2.5
      vertex 3.48699 70.8258 2.5
    endloop
  endfacet
  facet normal 0.356488 0.636812 0.683657
    outer loop
      vertex 5.11175 67.5505 1
      vertex 4.38427 66.3474 2.5
      vertex 5.22822 67.4853 1
    endloop
  endfacet
  facet normal 0.358112 0.635867 0.683687
    outer loop
      vertex 4.38427 66.3474 2.5
      vertex 5.11175 67.5505 1
      vertex 4.37699 66.3515 2.5
    endloop
  endfacet
  facet normal 0.729238 -0.0286243 0.683661
    outer loop
      vertex 4.30524 69.1334 1
      vertex 2.90332 69.2437 2.5
      vertex 2.89408 69.0083 2.5
    endloop
  endfacet
  facet normal 0.715779 -0.142381 0.683657
    outer loop
      vertex 4.34697 69.3969 1
      vertex 2.97957 69.7251 2.5
      vertex 2.93362 69.4941 2.5
    endloop
  endfacet
  facet normal -0.139898 0.716104 0.683831
    outer loop
      vertex 6.39686 67.347 1
      vertex 6.48592 65.932 2.5
      vertex 6.49411 65.9336 2.5
    endloop
  endfacet
  facet normal -0.142687 0.715731 0.683645
    outer loop
      vertex 6.48592 65.932 2.5
      vertex 6.39686 67.347 1
      vertex 6.26594 67.3209 1
    endloop
  endfacet
  facet normal -0.405525 0.606769 0.683653
    outer loop
      vertex 7.62301 66.3515 2.5
      vertex 7.81887 66.4824 2.5
      vertex 6.88825 67.5505 1
    endloop
  endfacet
  facet normal 0.702395 0.198108 0.683663
    outer loop
      vertex 3.04578 68.0401 2.5
      vertex 4.3832 68.4747 1
      vertex 2.98184 68.2668 2.5
    endloop
  endfacet
  facet normal -0.729239 0.0286553 0.683659
    outer loop
      vertex 9.09667 68.7563 2.5
      vertex 9.10592 68.9917 2.5
      vertex 7.69476 68.8666 1
    endloop
  endfacet
  facet normal -0.636732 -0.356632 0.683657
    outer loop
      vertex 8.76769 70.4102 2.5
      vertex 8.65259 70.6157 2.5
      vertex 7.51471 69.7718 1
    endloop
  endfacet
  facet normal 0.702654 -0.196917 0.68374
    outer loop
      vertex 2.97957 69.7251 2.5
      vertex 4.3832 69.5253 1
      vertex 2.98184 69.7332 2.5
    endloop
  endfacet
  facet normal 0.702381 -0.198187 0.683654
    outer loop
      vertex 4.3832 69.5253 1
      vertex 2.97957 69.7251 2.5
      vertex 4.34697 69.3969 1
    endloop
  endfacet
  facet normal -0.715775 0.142411 0.683656
    outer loop
      vertex 9.02042 68.2749 2.5
      vertex 9.06638 68.5059 2.5
      vertex 7.65303 68.6031 1
    endloop
  endfacet
  facet normal 0.60684 0.405396 0.683666
    outer loop
      vertex 3.48236 67.1811 2.5
      vertex 4.55051 68.1118 1
      vertex 3.35149 67.377 2.5
    endloop
  endfacet
  facet normal 0.715793 0.142284 0.683664
    outer loop
      vertex 2.93199 68.5141 2.5
      vertex 4.34697 68.6031 1
      vertex 4.32093 68.7341 1
    endloop
  endfacet
  facet normal 0.715792 0.142286 0.683664
    outer loop
      vertex 4.34697 68.6031 1
      vertex 2.93199 68.5141 2.5
      vertex 2.93362 68.5059 2.5
    endloop
  endfacet
  facet normal -0.715775 -0.142411 0.683656
    outer loop
      vertex 9.06638 69.4941 2.5
      vertex 9.02042 69.7251 2.5
      vertex 7.65303 69.3969 1
    endloop
  endfacet
  facet normal 0.356601 0.636739 0.683666
    outer loop
      vertex 4.58979 66.2323 2.5
      vertex 5.22822 67.4853 1
      vertex 4.38427 66.3474 2.5
    endloop
  endfacet
  facet normal 0.0284307 -0.729248 0.683658
    outer loop
      vertex 6 70.7 1
      vertex 5.99166 72.1059 2.5
      vertex 5.86662 70.6948 1
    endloop
  endfacet
  facet normal 0.0262338 -0.729298 0.683693
    outer loop
      vertex 5.99166 72.1059 2.5
      vertex 6 70.7 1
      vertex 6 72.1062 2.5
    endloop
  endfacet
  facet normal -0.684697 0.252594 0.683657
    outer loop
      vertex 8.8698 67.8113 2.5
      vertex 8.95133 68.0323 2.5
      vertex 7.57059 68.3494 1
    endloop
  endfacet
  facet normal -0.192753 0.703547 0.684009
    outer loop
      vertex 6.52533 67.3832 1
      vertex 6.72514 65.9796 2.5
      vertex 6.73317 65.9818 2.5
    endloop
  endfacet
  facet normal -0.197933 0.702442 0.683665
    outer loop
      vertex 6.72514 65.9796 2.5
      vertex 6.52533 67.3832 1
      vertex 6.39686 67.347 1
    endloop
  endfacet
  facet normal 0.662752 0.305566 0.683659
    outer loop
      vertex 3.23231 67.5898 2.5
      vertex 4.48529 68.2282 1
      vertex 3.13369 67.8037 2.5
    endloop
  endfacet
  facet normal -0.197933 -0.702442 0.683665
    outer loop
      vertex 6.52533 70.6168 1
      vertex 6.72514 72.0204 2.5
      vertex 6.39686 70.653 1
    endloop
  endfacet
  facet normal -0.192753 -0.703547 0.684009
    outer loop
      vertex 6.72514 72.0204 2.5
      vertex 6.52533 70.6168 1
      vertex 6.73317 72.0182 2.5
    endloop
  endfacet
  facet normal -0.0284307 0.729248 0.683658
    outer loop
      vertex 6 67.3 1
      vertex 6.00834 65.8941 2.5
      vertex 6.13338 67.3052 1
    endloop
  endfacet
  facet normal -0.0349678 0.729079 0.683536
    outer loop
      vertex 6.00834 65.8941 2.5
      vertex 6 67.3 1
      vertex 6 65.8937 2.5
    endloop
  endfacet
  facet normal -0.497434 -0.534087 0.683601
    outer loop
      vertex 7.10406 70.2927 1
      vertex 8.02347 71.3563 2.5
      vertex 8.01735 71.362 2.5
    endloop
  endfacet
  facet normal -0.49537 -0.53594 0.683649
    outer loop
      vertex 8.02347 71.3563 2.5
      vertex 7.10406 70.2927 1
      vertex 7.20208 70.2021 1
    endloop
  endfacet
  facet normal 0.252512 -0.684726 0.683657
    outer loop
      vertex 5.34944 70.5706 1
      vertex 5.03229 71.9513 2.5
      vertex 4.81129 71.8698 2.5
    endloop
  endfacet
  facet normal -0.0262338 -0.729298 0.683693
    outer loop
      vertex 6 70.7 1
      vertex 6.00834 72.1059 2.5
      vertex 6 72.1062 2.5
    endloop
  endfacet
  facet normal -0.0284307 -0.729248 0.683658
    outer loop
      vertex 6.00834 72.1059 2.5
      vertex 6 70.7 1
      vertex 6.13338 70.6948 1
    endloop
  endfacet
  facet normal 0.535802 -0.495516 0.683652
    outer loop
      vertex 4.79792 70.2021 1
      vertex 3.80355 71.1964 2.5
      vertex 3.64365 71.0235 2.5
    endloop
  endfacet
  facet normal -0.142511 -0.715747 0.683664
    outer loop
      vertex 6.72514 72.0204 2.5
      vertex 6.49411 72.0664 2.5
      vertex 6.39686 70.653 1
    endloop
  endfacet
  facet normal 0.729231 0.0289935 0.683654
    outer loop
      vertex 2.89408 68.9917 2.5
      vertex 4.3 69 1
      vertex 2.89375 69 2.5
    endloop
  endfacet
  facet normal 0.729239 0.0286448 0.683659
    outer loop
      vertex 4.3 69 1
      vertex 2.89408 68.9917 2.5
      vertex 4.30524 68.8666 1
    endloop
  endfacet
  facet normal -0.49537 0.53594 0.683649
    outer loop
      vertex 7.10406 67.7073 1
      vertex 8.02347 66.6437 2.5
      vertex 7.20208 67.7979 1
    endloop
  endfacet
  facet normal -0.497434 0.534087 0.683601
    outer loop
      vertex 8.02347 66.6437 2.5
      vertex 7.10406 67.7073 1
      vertex 8.01735 66.638 2.5
    endloop
  endfacet
  facet normal 0.571129 -0.454268 0.683705
    outer loop
      vertex 3.63282 71.0108 2.5
      vertex 4.70731 70.1041 1
      vertex 3.63799 71.0173 2.5
    endloop
  endfacet
  facet normal 0.573281 -0.45163 0.683652
    outer loop
      vertex 4.70731 70.1041 1
      vertex 3.63282 71.0108 2.5
      vertex 4.62467 69.9992 1
    endloop
  endfacet
  facet normal 0.684699 -0.252595 0.683655
    outer loop
      vertex 4.4294 69.6506 1
      vertex 3.1302 70.1887 2.5
      vertex 3.04867 69.9677 2.5
    endloop
  endfacet
  facet normal -0.724745 0.0857672 0.683658
    outer loop
      vertex 9.06899 68.5224 2.5
      vertex 9.09667 68.7563 2.5
      vertex 7.69476 68.8666 1
    endloop
  endfacet
  facet normal -0.702832 -0.196099 0.683793
    outer loop
      vertex 7.6168 69.5253 1
      vertex 9.02042 69.7251 2.5
      vertex 9.01816 69.7332 2.5
    endloop
  endfacet
  facet normal -0.702383 -0.198188 0.683651
    outer loop
      vertex 9.02042 69.7251 2.5
      vertex 7.6168 69.5253 1
      vertex 7.65303 69.3969 1
    endloop
  endfacet
  facet normal 0.198274 -0.702353 0.683658
    outer loop
      vertex 5.47467 70.6168 1
      vertex 5.26683 72.0182 2.5
      vertex 5.04012 71.9542 2.5
    endloop
  endfacet
  facet normal 0.72474 -0.0857975 0.68366
    outer loop
      vertex 4.30524 69.1334 1
      vertex 2.93101 69.4776 2.5
      vertex 2.90332 69.2437 2.5
    endloop
  endfacet
  facet normal 0.405603 -0.60671 0.683659
    outer loop
      vertex 4.18113 71.5176 2.5
      vertex 5.00076 70.3753 1
      vertex 5.11175 70.4495 1
    endloop
  endfacet
  facet normal 0.403228 -0.608348 0.683609
    outer loop
      vertex 5.00076 70.3753 1
      vertex 4.18113 71.5176 2.5
      vertex 4.17419 71.513 2.5
    endloop
  endfacet
  facet normal 0.63706 -0.356055 0.683651
    outer loop
      vertex 3.34741 70.6157 2.5
      vertex 4.55051 69.8882 1
      vertex 3.35149 70.623 2.5
    endloop
  endfacet
  facet normal 0.636668 -0.356731 0.683665
    outer loop
      vertex 4.55051 69.8882 1
      vertex 3.34741 70.6157 2.5
      vertex 4.48529 69.7718 1
    endloop
  endfacet
  facet normal -0.571129 -0.454268 0.683705
    outer loop
      vertex 7.29269 70.1041 1
      vertex 8.36718 71.0108 2.5
      vertex 8.36201 71.0173 2.5
    endloop
  endfacet
  facet normal -0.573281 -0.45163 0.683652
    outer loop
      vertex 8.36718 71.0108 2.5
      vertex 7.29269 70.1041 1
      vertex 7.37533 69.9992 1
    endloop
  endfacet
  facet normal 0.192753 -0.703547 0.684009
    outer loop
      vertex 5.47467 70.6168 1
      vertex 5.27486 72.0204 2.5
      vertex 5.26683 72.0182 2.5
    endloop
  endfacet
  facet normal 0.197933 -0.702442 0.683665
    outer loop
      vertex 5.27486 72.0204 2.5
      vertex 5.47467 70.6168 1
      vertex 5.60314 70.653 1
    endloop
  endfacet
  facet normal -0.198274 0.702353 0.683658
    outer loop
      vertex 6.73317 65.9818 2.5
      vertex 6.95988 66.0458 2.5
      vertex 6.52533 67.3832 1
    endloop
  endfacet
  facet normal -0.0858358 -0.724738 0.683657
    outer loop
      vertex 6.26594 70.6791 1
      vertex 6.47764 72.069 2.5
      vertex 6.13338 70.6948 1
    endloop
  endfacet
  facet normal -0.0875016 -0.724514 0.683684
    outer loop
      vertex 6.47764 72.069 2.5
      vertex 6.26594 70.6791 1
      vertex 6.48592 72.068 2.5
    endloop
  endfacet
  facet normal -0.142687 -0.715731 0.683645
    outer loop
      vertex 6.39686 70.653 1
      vertex 6.48592 72.068 2.5
      vertex 6.26594 70.6791 1
    endloop
  endfacet
  facet normal -0.139898 -0.716104 0.683831
    outer loop
      vertex 6.48592 72.068 2.5
      vertex 6.39686 70.653 1
      vertex 6.49411 72.0664 2.5
    endloop
  endfacet
  facet normal -0.662752 -0.305566 0.683659
    outer loop
      vertex 8.86631 70.1963 2.5
      vertex 8.76769 70.4102 2.5
      vertex 7.51471 69.7718 1
    endloop
  endfacet
  facet normal -0.535802 0.495516 0.683652
    outer loop
      vertex 8.19645 66.8036 2.5
      vertex 8.35635 66.9765 2.5
      vertex 7.20208 67.7979 1
    endloop
  endfacet
  facet normal 0.0858358 0.724738 0.683657
    outer loop
      vertex 5.73406 67.3209 1
      vertex 5.52236 65.931 2.5
      vertex 5.86662 67.3052 1
    endloop
  endfacet
  facet normal 0.0875016 0.724514 0.683684
    outer loop
      vertex 5.52236 65.931 2.5
      vertex 5.73406 67.3209 1
      vertex 5.51408 65.932 2.5
    endloop
  endfacet
  facet normal 0.142511 -0.715747 0.683664
    outer loop
      vertex 5.60314 70.653 1
      vertex 5.50589 72.0664 2.5
      vertex 5.27486 72.0204 2.5
    endloop
  endfacet
  facet normal -0.715793 0.142284 0.683664
    outer loop
      vertex 7.65303 68.6031 1
      vertex 9.06801 68.5141 2.5
      vertex 7.67907 68.7341 1
    endloop
  endfacet
  facet normal -0.715792 0.142286 0.683664
    outer loop
      vertex 9.06801 68.5141 2.5
      vertex 7.65303 68.6031 1
      vertex 9.06638 68.5059 2.5
    endloop
  endfacet
  facet normal 0.405525 0.606769 0.683653
    outer loop
      vertex 4.37699 66.3515 2.5
      vertex 5.11175 67.5505 1
      vertex 4.18113 66.4824 2.5
    endloop
  endfacet
  facet normal -0.538938 0.491999 0.683727
    outer loop
      vertex 7.29269 67.8959 1
      vertex 8.35635 66.9765 2.5
      vertex 8.36201 66.9827 2.5
    endloop
  endfacet
  facet normal -0.535857 0.495449 0.683657
    outer loop
      vertex 8.35635 66.9765 2.5
      vertex 7.29269 67.8959 1
      vertex 7.20208 67.7979 1
    endloop
  endfacet
  facet normal 0.702381 0.198187 0.683654
    outer loop
      vertex 2.97957 68.2749 2.5
      vertex 4.3832 68.4747 1
      vertex 4.34697 68.6031 1
    endloop
  endfacet
  facet normal 0.702654 0.196917 0.68374
    outer loop
      vertex 4.3832 68.4747 1
      vertex 2.97957 68.2749 2.5
      vertex 2.98184 68.2668 2.5
    endloop
  endfacet
  facet normal 0.197933 0.702442 0.683665
    outer loop
      vertex 5.47467 67.3832 1
      vertex 5.27486 65.9796 2.5
      vertex 5.60314 67.347 1
    endloop
  endfacet
  facet normal 0.192753 0.703547 0.684009
    outer loop
      vertex 5.27486 65.9796 2.5
      vertex 5.47467 67.3832 1
      vertex 5.26683 65.9818 2.5
    endloop
  endfacet
  facet normal -0.729239 -0.0286553 0.683659
    outer loop
      vertex 9.10592 69.0083 2.5
      vertex 9.09667 69.2437 2.5
      vertex 7.69476 69.1334 1
    endloop
  endfacet
  facet normal -0.252512 -0.684726 0.683657
    outer loop
      vertex 7.18871 71.8698 2.5
      vertex 6.96771 71.9513 2.5
      vertex 6.65056 70.5706 1
    endloop
  endfacet
  facet normal -0.702395 -0.198108 0.683663
    outer loop
      vertex 9.01816 69.7332 2.5
      vertex 8.95422 69.9599 2.5
      vertex 7.6168 69.5253 1
    endloop
  endfacet
  facet normal 0.495411 0.535905 0.683648
    outer loop
      vertex 3.97652 66.6437 2.5
      vertex 4.79792 67.7979 1
      vertex 3.80355 66.8036 2.5
    endloop
  endfacet
  facet normal 0.305615 0.662732 0.683656
    outer loop
      vertex 4.80371 66.1337 2.5
      vertex 5.34944 67.4294 1
      vertex 5.22822 67.4853 1
    endloop
  endfacet
  facet normal 0.305944 0.662586 0.68365
    outer loop
      vertex 5.34944 67.4294 1
      vertex 4.80371 66.1337 2.5
      vertex 4.81129 66.1302 2.5
    endloop
  endfacet
  facet normal 0.451701 -0.573212 0.683662
    outer loop
      vertex 3.9892 71.3672 2.5
      vertex 4.89594 70.2927 1
      vertex 5.00076 70.3753 1
    endloop
  endfacet
  facet normal 0.453746 -0.571545 0.683703
    outer loop
      vertex 4.89594 70.2927 1
      vertex 3.9892 71.3672 2.5
      vertex 3.98265 71.362 2.5
    endloop
  endfacet
  facet normal -0.451745 0.573171 0.683667
    outer loop
      vertex 7.82581 66.487 2.5
      vertex 8.0108 66.6328 2.5
      vertex 6.99923 67.6247 1
    endloop
  endfacet
  facet normal 0.662752 -0.305566 0.683659
    outer loop
      vertex 4.48529 69.7718 1
      vertex 3.23231 70.4102 2.5
      vertex 3.13369 70.1963 2.5
    endloop
  endfacet
  facet normal -0.606821 0.405422 0.683668
    outer loop
      vertex 7.37533 68.0008 1
      vertex 8.51764 67.1811 2.5
      vertex 7.44949 68.1118 1
    endloop
  endfacet
  facet normal -0.605988 0.406626 0.683692
    outer loop
      vertex 8.51764 67.1811 2.5
      vertex 7.37533 68.0008 1
      vertex 8.51301 67.1742 2.5
    endloop
  endfacet
  facet normal 0.535802 0.495516 0.683652
    outer loop
      vertex 3.80355 66.8036 2.5
      vertex 4.79792 67.7979 1
      vertex 3.64365 66.9765 2.5
    endloop
  endfacet
  facet normal -0.405525 -0.606769 0.683653
    outer loop
      vertex 7.81887 71.5176 2.5
      vertex 7.62301 71.6485 2.5
      vertex 6.88825 70.4495 1
    endloop
  endfacet
  facet normal 0.198274 0.702353 0.683658
    outer loop
      vertex 5.26683 65.9818 2.5
      vertex 5.47467 67.3832 1
      vertex 5.04012 66.0458 2.5
    endloop
  endfacet
  facet normal -0.702383 0.198188 0.683651
    outer loop
      vertex 7.6168 68.4747 1
      vertex 9.02042 68.2749 2.5
      vertex 7.65303 68.6031 1
    endloop
  endfacet
  facet normal -0.702832 0.196099 0.683793
    outer loop
      vertex 9.02042 68.2749 2.5
      vertex 7.6168 68.4747 1
      vertex 9.01816 68.2668 2.5
    endloop
  endfacet
  facet normal -0.142511 0.715747 0.683664
    outer loop
      vertex 6.49411 65.9336 2.5
      vertex 6.72514 65.9796 2.5
      vertex 6.39686 67.347 1
    endloop
  endfacet
  facet normal -0.253493 0.68443 0.683592
    outer loop
      vertex 6.65056 67.4294 1
      vertex 6.95988 66.0458 2.5
      vertex 6.96771 66.0487 2.5
    endloop
  endfacet
  facet normal -0.252599 0.684697 0.683654
    outer loop
      vertex 6.95988 66.0458 2.5
      vertex 6.65056 67.4294 1
      vertex 6.52533 67.3832 1
    endloop
  endfacet
  facet normal 0.451701 0.573212 0.683662
    outer loop
      vertex 4.89594 67.7073 1
      vertex 3.9892 66.6328 2.5
      vertex 5.00076 67.6247 1
    endloop
  endfacet
  facet normal 0.453746 0.571545 0.683703
    outer loop
      vertex 3.9892 66.6328 2.5
      vertex 4.89594 67.7073 1
      vertex 3.98265 66.638 2.5
    endloop
  endfacet
  facet normal -0.573139 -0.451789 0.683665
    outer loop
      vertex 8.51301 70.8258 2.5
      vertex 8.36718 71.0108 2.5
      vertex 7.37533 69.9992 1
    endloop
  endfacet
  facet normal 0.684401 -0.253579 0.683588
    outer loop
      vertex 3.04578 69.9599 2.5
      vertex 4.4294 69.6506 1
      vertex 3.04867 69.9677 2.5
    endloop
  endfacet
  facet normal 0.684733 -0.252471 0.683666
    outer loop
      vertex 4.4294 69.6506 1
      vertex 3.04578 69.9599 2.5
      vertex 4.3832 69.5253 1
    endloop
  endfacet
  facet normal 0.702395 -0.198108 0.683663
    outer loop
      vertex 4.3832 69.5253 1
      vertex 3.04578 69.9599 2.5
      vertex 2.98184 69.7332 2.5
    endloop
  endfacet
  facet normal 0.0875016 -0.724514 0.683684
    outer loop
      vertex 5.73406 70.6791 1
      vertex 5.52236 72.069 2.5
      vertex 5.51408 72.068 2.5
    endloop
  endfacet
  facet normal 0.0858358 -0.724738 0.683657
    outer loop
      vertex 5.52236 72.069 2.5
      vertex 5.73406 70.6791 1
      vertex 5.86662 70.6948 1
    endloop
  endfacet
  facet normal 0.405603 0.60671 0.683659
    outer loop
      vertex 5.00076 67.6247 1
      vertex 4.18113 66.4824 2.5
      vertex 5.11175 67.5505 1
    endloop
  endfacet
  facet normal 0.403228 0.608348 0.683609
    outer loop
      vertex 4.18113 66.4824 2.5
      vertex 5.00076 67.6247 1
      vertex 4.17419 66.487 2.5
    endloop
  endfacet
  facet normal -0.495395 -0.535919 0.683647
    outer loop
      vertex 8.19645 71.1964 2.5
      vertex 8.02347 71.3563 2.5
      vertex 7.20208 70.2021 1
    endloop
  endfacet
  facet normal -0.252512 0.684726 0.683657
    outer loop
      vertex 6.96771 66.0487 2.5
      vertex 7.18871 66.1302 2.5
      vertex 6.65056 67.4294 1
    endloop
  endfacet
  facet normal -0.573281 0.45163 0.683652
    outer loop
      vertex 7.29269 67.8959 1
      vertex 8.36718 66.9892 2.5
      vertex 7.37533 68.0008 1
    endloop
  endfacet
  facet normal -0.571129 0.454268 0.683705
    outer loop
      vertex 8.36718 66.9892 2.5
      vertex 7.29269 67.8959 1
      vertex 8.36201 66.9827 2.5
    endloop
  endfacet
  facet normal -0.0858177 -0.724742 0.683656
    outer loop
      vertex 6.47764 72.069 2.5
      vertex 6.24371 72.0967 2.5
      vertex 6.13338 70.6948 1
    endloop
  endfacet
  facet normal 0.305489 -0.662781 0.683665
    outer loop
      vertex 5.22822 70.5147 1
      vertex 4.80371 71.8663 2.5
      vertex 4.58979 71.7677 2.5
    endloop
  endfacet
  facet normal -0.573139 0.451789 0.683665
    outer loop
      vertex 8.36718 66.9892 2.5
      vertex 8.51301 67.1742 2.5
      vertex 7.37533 68.0008 1
    endloop
  endfacet
  facet normal 0.729231 -0.0289935 0.683654
    outer loop
      vertex 4.3 69 1
      vertex 2.89408 69.0083 2.5
      vertex 2.89375 69 2.5
    endloop
  endfacet
  facet normal 0.729239 -0.0286448 0.683659
    outer loop
      vertex 2.89408 69.0083 2.5
      vertex 4.3 69 1
      vertex 4.30524 69.1334 1
    endloop
  endfacet
  facet normal -0.636732 0.356632 0.683657
    outer loop
      vertex 8.65259 67.3843 2.5
      vertex 8.76769 67.5898 2.5
      vertex 7.51471 68.2282 1
    endloop
  endfacet
  facet normal 0.495411 -0.535905 0.683648
    outer loop
      vertex 4.79792 70.2021 1
      vertex 3.97652 71.3563 2.5
      vertex 3.80355 71.1964 2.5
    endloop
  endfacet
  facet normal 0.451746 -0.573172 0.683666
    outer loop
      vertex 5.00076 70.3753 1
      vertex 4.17419 71.513 2.5
      vertex 3.9892 71.3672 2.5
    endloop
  endfacet
  facet normal 0.662734 -0.305612 0.683656
    outer loop
      vertex 3.13369 70.1963 2.5
      vertex 4.4294 69.6506 1
      vertex 4.48529 69.7718 1
    endloop
  endfacet
  facet normal 0.663203 -0.30455 0.683675
    outer loop
      vertex 4.4294 69.6506 1
      vertex 3.13369 70.1963 2.5
      vertex 3.1302 70.1887 2.5
    endloop
  endfacet
  facet normal 0.253493 -0.68443 0.683592
    outer loop
      vertex 5.34944 70.5706 1
      vertex 5.04012 71.9542 2.5
      vertex 5.03229 71.9513 2.5
    endloop
  endfacet
  facet normal 0.252599 -0.684697 0.683654
    outer loop
      vertex 5.04012 71.9542 2.5
      vertex 5.34944 70.5706 1
      vertex 5.47467 70.6168 1
    endloop
  endfacet
  facet normal -0.0285045 -0.72925 0.683654
    outer loop
      vertex 6.13338 70.6948 1
      vertex 6.24371 72.0967 2.5
      vertex 6.00834 72.1059 2.5
    endloop
  endfacet
  facet normal 0.356601 -0.636739 0.683666
    outer loop
      vertex 5.22822 70.5147 1
      vertex 4.58979 71.7677 2.5
      vertex 4.38427 71.6526 2.5
    endloop
  endfacet
  facet normal -0.198274 -0.702353 0.683658
    outer loop
      vertex 6.95988 71.9542 2.5
      vertex 6.73317 72.0182 2.5
      vertex 6.52533 70.6168 1
    endloop
  endfacet
  facet normal -0.252599 -0.684697 0.683654
    outer loop
      vertex 6.65056 70.5706 1
      vertex 6.95988 71.9542 2.5
      vertex 6.52533 70.6168 1
    endloop
  endfacet
  facet normal -0.253493 -0.68443 0.683592
    outer loop
      vertex 6.95988 71.9542 2.5
      vertex 6.65056 70.5706 1
      vertex 6.96771 71.9513 2.5
    endloop
  endfacet
  facet normal -0.60684 -0.405396 0.683666
    outer loop
      vertex 8.64851 70.623 2.5
      vertex 8.51764 70.8189 2.5
      vertex 7.44949 69.8882 1
    endloop
  endfacet
  facet normal -0.60684 0.405396 0.683666
    outer loop
      vertex 8.51764 67.1811 2.5
      vertex 8.64851 67.377 2.5
      vertex 7.44949 68.1118 1
    endloop
  endfacet
  facet normal 0.252599 0.684697 0.683654
    outer loop
      vertex 5.34944 67.4294 1
      vertex 5.04012 66.0458 2.5
      vertex 5.47467 67.3832 1
    endloop
  endfacet
  facet normal 0.253493 0.68443 0.683592
    outer loop
      vertex 5.04012 66.0458 2.5
      vertex 5.34944 67.4294 1
      vertex 5.03229 66.0487 2.5
    endloop
  endfacet
  facet normal 0.139898 -0.716104 0.683831
    outer loop
      vertex 5.60314 70.653 1
      vertex 5.51408 72.068 2.5
      vertex 5.50589 72.0664 2.5
    endloop
  endfacet
  facet normal 0.142687 -0.715731 0.683645
    outer loop
      vertex 5.51408 72.068 2.5
      vertex 5.60314 70.653 1
      vertex 5.73406 70.6791 1
    endloop
  endfacet
  facet normal -0.636668 0.356731 0.683665
    outer loop
      vertex 7.44949 68.1118 1
      vertex 8.65259 67.3843 2.5
      vertex 7.51471 68.2282 1
    endloop
  endfacet
  facet normal -0.63706 0.356055 0.683651
    outer loop
      vertex 8.65259 67.3843 2.5
      vertex 7.44949 68.1118 1
      vertex 8.64851 67.377 2.5
    endloop
  endfacet
  facet normal 0.305489 0.662781 0.683665
    outer loop
      vertex 4.80371 66.1337 2.5
      vertex 5.22822 67.4853 1
      vertex 4.58979 66.2323 2.5
    endloop
  endfacet
  facet normal -0.715792 -0.142286 0.683664
    outer loop
      vertex 7.65303 69.3969 1
      vertex 9.06801 69.4859 2.5
      vertex 9.06638 69.4941 2.5
    endloop
  endfacet
  facet normal -0.715793 -0.142284 0.683664
    outer loop
      vertex 9.06801 69.4859 2.5
      vertex 7.65303 69.3969 1
      vertex 7.67907 69.2659 1
    endloop
  endfacet
  facet normal -0.724736 0.0858196 0.683662
    outer loop
      vertex 7.67907 68.7341 1
      vertex 9.06899 68.5224 2.5
      vertex 7.69476 68.8666 1
    endloop
  endfacet
  facet normal -0.724768 0.0855751 0.683658
    outer loop
      vertex 9.06899 68.5224 2.5
      vertex 7.67907 68.7341 1
      vertex 9.06801 68.5141 2.5
    endloop
  endfacet
  facet normal -0.403227 0.608347 0.68361
    outer loop
      vertex 6.99923 67.6247 1
      vertex 7.81887 66.4824 2.5
      vertex 7.82581 66.487 2.5
    endloop
  endfacet
  facet normal -0.405627 0.606691 0.683661
    outer loop
      vertex 7.81887 66.4824 2.5
      vertex 6.99923 67.6247 1
      vertex 6.88825 67.5505 1
    endloop
  endfacet
  facet normal -0.453746 0.571545 0.683703
    outer loop
      vertex 7.10406 67.7073 1
      vertex 8.0108 66.6328 2.5
      vertex 8.01735 66.638 2.5
    endloop
  endfacet
  facet normal -0.451675 0.573234 0.683661
    outer loop
      vertex 8.0108 66.6328 2.5
      vertex 7.10406 67.7073 1
      vertex 6.99923 67.6247 1
    endloop
  endfacet
  facet normal -0.684697 -0.252594 0.683657
    outer loop
      vertex 8.95133 69.9677 2.5
      vertex 8.8698 70.1887 2.5
      vertex 7.57059 69.6506 1
    endloop
  endfacet
  facet normal -0.684399 -0.253578 0.683591
    outer loop
      vertex 7.57059 69.6506 1
      vertex 8.95422 69.9599 2.5
      vertex 8.95133 69.9677 2.5
    endloop
  endfacet
  facet normal -0.684716 -0.25252 0.683665
    outer loop
      vertex 8.95422 69.9599 2.5
      vertex 7.57059 69.6506 1
      vertex 7.6168 69.5253 1
    endloop
  endfacet
  facet normal 0.60684 -0.405396 0.683666
    outer loop
      vertex 4.55051 69.8882 1
      vertex 3.48236 70.8189 2.5
      vertex 3.35149 70.623 2.5
    endloop
  endfacet
  facet normal -0.724768 -0.0855751 0.683658
    outer loop
      vertex 7.67907 69.2659 1
      vertex 9.06899 69.4776 2.5
      vertex 9.06801 69.4859 2.5
    endloop
  endfacet
  facet normal -0.724736 -0.0858196 0.683662
    outer loop
      vertex 9.06899 69.4776 2.5
      vertex 7.67907 69.2659 1
      vertex 7.69476 69.1334 1
    endloop
  endfacet
  facet normal 0.715779 0.142381 0.683657
    outer loop
      vertex 2.97957 68.2749 2.5
      vertex 4.34697 68.6031 1
      vertex 2.93362 68.5059 2.5
    endloop
  endfacet
  facet normal -0.453746 -0.571545 0.683703
    outer loop
      vertex 8.0108 71.3672 2.5
      vertex 7.10406 70.2927 1
      vertex 8.01735 71.362 2.5
    endloop
  endfacet
  facet normal -0.451675 -0.573234 0.683661
    outer loop
      vertex 7.10406 70.2927 1
      vertex 8.0108 71.3672 2.5
      vertex 6.99923 70.3753 1
    endloop
  endfacet
  facet normal 0.0349678 0.729079 0.683536
    outer loop
      vertex 6 67.3 1
      vertex 5.99166 65.8941 2.5
      vertex 6 65.8937 2.5
    endloop
  endfacet
  facet normal 0.0284307 0.729248 0.683658
    outer loop
      vertex 5.99166 65.8941 2.5
      vertex 6 67.3 1
      vertex 5.86662 67.3052 1
    endloop
  endfacet
  facet normal 0.451746 0.573172 0.683666
    outer loop
      vertex 4.17419 66.487 2.5
      vertex 5.00076 67.6247 1
      vertex 3.9892 66.6328 2.5
    endloop
  endfacet
  facet normal -0.358112 0.635867 0.683687
    outer loop
      vertex 6.88825 67.5505 1
      vertex 7.61573 66.3474 2.5
      vertex 7.62301 66.3515 2.5
    endloop
  endfacet
  facet normal -0.356488 0.636812 0.683657
    outer loop
      vertex 7.61573 66.3474 2.5
      vertex 6.88825 67.5505 1
      vertex 6.77178 67.4853 1
    endloop
  endfacet
  facet normal 0.252512 0.684726 0.683657
    outer loop
      vertex 5.03229 66.0487 2.5
      vertex 5.34944 67.4294 1
      vertex 4.81129 66.1302 2.5
    endloop
  endfacet
  facet normal 0.0858177 0.724742 0.683656
    outer loop
      vertex 5.75629 65.9033 2.5
      vertex 5.86662 67.3052 1
      vertex 5.52236 65.931 2.5
    endloop
  endfacet
  facet normal 0.0285045 -0.72925 0.683654
    outer loop
      vertex 5.86662 70.6948 1
      vertex 5.99166 72.1059 2.5
      vertex 5.75629 72.0967 2.5
    endloop
  endfacet
  facet normal -0.0858177 0.724742 0.683656
    outer loop
      vertex 6.24371 65.9033 2.5
      vertex 6.47764 65.931 2.5
      vertex 6.13338 67.3052 1
    endloop
  endfacet
  facet normal -0.0285045 0.72925 0.683654
    outer loop
      vertex 6.24371 65.9033 2.5
      vertex 6.13338 67.3052 1
      vertex 6.00834 65.8941 2.5
    endloop
  endfacet
  facet normal 0.636732 -0.356632 0.683657
    outer loop
      vertex 4.48529 69.7718 1
      vertex 3.34741 70.6157 2.5
      vertex 3.23231 70.4102 2.5
    endloop
  endfacet
  facet normal 0.605988 -0.406626 0.683692
    outer loop
      vertex 3.48236 70.8189 2.5
      vertex 4.62467 69.9992 1
      vertex 3.48699 70.8258 2.5
    endloop
  endfacet
  facet normal 0.606821 -0.405422 0.683668
    outer loop
      vertex 4.62467 69.9992 1
      vertex 3.48236 70.8189 2.5
      vertex 4.55051 69.8882 1
    endloop
  endfacet
  facet normal -0.403227 -0.608347 0.68361
    outer loop
      vertex 7.81887 71.5176 2.5
      vertex 6.99923 70.3753 1
      vertex 7.82581 71.513 2.5
    endloop
  endfacet
  facet normal -0.405627 -0.606691 0.683661
    outer loop
      vertex 6.99923 70.3753 1
      vertex 7.81887 71.5176 2.5
      vertex 6.88825 70.4495 1
    endloop
  endfacet
  facet normal -0.358112 -0.635867 0.683687
    outer loop
      vertex 7.61573 71.6526 2.5
      vertex 6.88825 70.4495 1
      vertex 7.62301 71.6485 2.5
    endloop
  endfacet
  facet normal -0.356488 -0.636812 0.683657
    outer loop
      vertex 6.88825 70.4495 1
      vertex 7.61573 71.6526 2.5
      vertex 6.77178 70.5147 1
    endloop
  endfacet
  facet normal -0.305615 0.662732 0.683656
    outer loop
      vertex 6.65056 67.4294 1
      vertex 7.19629 66.1337 2.5
      vertex 6.77178 67.4853 1
    endloop
  endfacet
  facet normal -0.305944 0.662586 0.68365
    outer loop
      vertex 7.19629 66.1337 2.5
      vertex 6.65056 67.4294 1
      vertex 7.18871 66.1302 2.5
    endloop
  endfacet
  facet normal -0.305489 0.662781 0.683665
    outer loop
      vertex 7.19629 66.1337 2.5
      vertex 7.41021 66.2323 2.5
      vertex 6.77178 67.4853 1
    endloop
  endfacet
  facet normal 0.724768 -0.0855751 0.683658
    outer loop
      vertex 2.93101 69.4776 2.5
      vertex 4.32093 69.2659 1
      vertex 2.93199 69.4859 2.5
    endloop
  endfacet
  facet normal 0.724736 -0.0858196 0.683662
    outer loop
      vertex 4.32093 69.2659 1
      vertex 2.93101 69.4776 2.5
      vertex 4.30524 69.1334 1
    endloop
  endfacet
  facet normal 0.715792 -0.142286 0.683664
    outer loop
      vertex 2.93199 69.4859 2.5
      vertex 4.34697 69.3969 1
      vertex 2.93362 69.4941 2.5
    endloop
  endfacet
  facet normal 0.715793 -0.142284 0.683664
    outer loop
      vertex 4.34697 69.3969 1
      vertex 2.93199 69.4859 2.5
      vertex 4.32093 69.2659 1
    endloop
  endfacet
  facet normal -0.451745 -0.573171 0.683667
    outer loop
      vertex 8.0108 71.3672 2.5
      vertex 7.82581 71.513 2.5
      vertex 6.99923 70.3753 1
    endloop
  endfacet
  facet normal 0.684733 0.252471 0.683666
    outer loop
      vertex 3.04578 68.0401 2.5
      vertex 4.4294 68.3494 1
      vertex 4.3832 68.4747 1
    endloop
  endfacet
  facet normal 0.684401 0.253579 0.683588
    outer loop
      vertex 4.4294 68.3494 1
      vertex 3.04578 68.0401 2.5
      vertex 3.04867 68.0323 2.5
    endloop
  endfacet
  facet normal -0.605988 -0.406626 0.683692
    outer loop
      vertex 7.37533 69.9992 1
      vertex 8.51764 70.8189 2.5
      vertex 8.51301 70.8258 2.5
    endloop
  endfacet
  facet normal -0.606821 -0.405422 0.683668
    outer loop
      vertex 8.51764 70.8189 2.5
      vertex 7.37533 69.9992 1
      vertex 7.44949 69.8882 1
    endloop
  endfacet
  facet normal 0.535857 0.495449 0.683657
    outer loop
      vertex 4.70731 67.8959 1
      vertex 3.64365 66.9765 2.5
      vertex 4.79792 67.7979 1
    endloop
  endfacet
  facet normal 0.538938 0.491999 0.683727
    outer loop
      vertex 3.64365 66.9765 2.5
      vertex 4.70731 67.8959 1
      vertex 3.63799 66.9827 2.5
    endloop
  endfacet
  facet normal 0.535857 -0.495449 0.683657
    outer loop
      vertex 3.64365 71.0235 2.5
      vertex 4.70731 70.1041 1
      vertex 4.79792 70.2021 1
    endloop
  endfacet
  facet normal 0.538938 -0.491999 0.683727
    outer loop
      vertex 4.70731 70.1041 1
      vertex 3.64365 71.0235 2.5
      vertex 3.63799 71.0173 2.5
    endloop
  endfacet
  facet normal 0.636668 0.356731 0.683665
    outer loop
      vertex 3.34741 67.3843 2.5
      vertex 4.55051 68.1118 1
      vertex 4.48529 68.2282 1
    endloop
  endfacet
  facet normal 0.63706 0.356055 0.683651
    outer loop
      vertex 4.55051 68.1118 1
      vertex 3.34741 67.3843 2.5
      vertex 3.35149 67.377 2.5
    endloop
  endfacet
  facet normal 0.496991 -0.534483 0.683613
    outer loop
      vertex 3.97652 71.3563 2.5
      vertex 4.89594 70.2927 1
      vertex 3.98265 71.362 2.5
    endloop
  endfacet
  facet normal 0.495369 -0.535939 0.683651
    outer loop
      vertex 4.89594 70.2927 1
      vertex 3.97652 71.3563 2.5
      vertex 4.79792 70.2021 1
    endloop
  endfacet
  facet normal -0.663201 0.304549 0.683677
    outer loop
      vertex 7.57059 68.3494 1
      vertex 8.86631 67.8037 2.5
      vertex 8.8698 67.8113 2.5
    endloop
  endfacet
  facet normal -0.662752 0.305566 0.683659
    outer loop
      vertex 8.86631 67.8037 2.5
      vertex 7.57059 68.3494 1
      vertex 7.51471 68.2282 1
    endloop
  endfacet
  facet normal -0.662752 0.305566 0.683659
    outer loop
      vertex 8.76769 67.5898 2.5
      vertex 8.86631 67.8037 2.5
      vertex 7.51471 68.2282 1
    endloop
  endfacet
  facet normal 0.0285045 0.72925 0.683654
    outer loop
      vertex 5.99166 65.8941 2.5
      vertex 5.86662 67.3052 1
      vertex 5.75629 65.9033 2.5
    endloop
  endfacet
  facet normal 0.724736 0.0858196 0.683662
    outer loop
      vertex 2.93101 68.5224 2.5
      vertex 4.32093 68.7341 1
      vertex 4.30524 68.8666 1
    endloop
  endfacet
  facet normal 0.724768 0.0855751 0.683658
    outer loop
      vertex 4.32093 68.7341 1
      vertex 2.93101 68.5224 2.5
      vertex 2.93199 68.5141 2.5
    endloop
  endfacet
  facet normal -0.63706 -0.356055 0.683651
    outer loop
      vertex 7.44949 69.8882 1
      vertex 8.65259 70.6157 2.5
      vertex 8.64851 70.623 2.5
    endloop
  endfacet
  facet normal -0.636668 -0.356731 0.683665
    outer loop
      vertex 8.65259 70.6157 2.5
      vertex 7.44949 69.8882 1
      vertex 7.51471 69.7718 1
    endloop
  endfacet
  facet normal 0.142511 0.715747 0.683664
    outer loop
      vertex 5.50589 65.9336 2.5
      vertex 5.60314 67.347 1
      vertex 5.27486 65.9796 2.5
    endloop
  endfacet
  facet normal -0.663201 -0.304549 0.683677
    outer loop
      vertex 8.86631 70.1963 2.5
      vertex 7.57059 69.6506 1
      vertex 8.8698 70.1887 2.5
    endloop
  endfacet
  facet normal -0.662752 -0.305566 0.683659
    outer loop
      vertex 7.57059 69.6506 1
      vertex 8.86631 70.1963 2.5
      vertex 7.51471 69.7718 1
    endloop
  endfacet
  facet normal 0.72474 0.0857975 0.68366
    outer loop
      vertex 2.93101 68.5224 2.5
      vertex 4.30524 68.8666 1
      vertex 2.90332 68.7563 2.5
    endloop
  endfacet
  facet normal 0.729238 0.0286243 0.683661
    outer loop
      vertex 2.90332 68.7563 2.5
      vertex 4.30524 68.8666 1
      vertex 2.89408 68.9917 2.5
    endloop
  endfacet
  facet normal 0.662734 0.305612 0.683656
    outer loop
      vertex 4.4294 68.3494 1
      vertex 3.13369 67.8037 2.5
      vertex 4.48529 68.2282 1
    endloop
  endfacet
  facet normal 0.663203 0.30455 0.683675
    outer loop
      vertex 3.13369 67.8037 2.5
      vertex 4.4294 68.3494 1
      vertex 3.1302 67.8113 2.5
    endloop
  endfacet
  facet normal 0.636732 0.356632 0.683657
    outer loop
      vertex 3.34741 67.3843 2.5
      vertex 4.48529 68.2282 1
      vertex 3.23231 67.5898 2.5
    endloop
  endfacet
  facet normal 0.405525 -0.606769 0.683653
    outer loop
      vertex 5.11175 70.4495 1
      vertex 4.37699 71.6485 2.5
      vertex 4.18113 71.5176 2.5
    endloop
  endfacet
  facet normal 0.606821 0.405422 0.683668
    outer loop
      vertex 3.48236 67.1811 2.5
      vertex 4.62467 68.0008 1
      vertex 4.55051 68.1118 1
    endloop
  endfacet
  facet normal 0.605988 0.406626 0.683692
    outer loop
      vertex 4.62467 68.0008 1
      vertex 3.48236 67.1811 2.5
      vertex 3.48699 67.1742 2.5
    endloop
  endfacet
  facet normal -0.356601 -0.636739 0.683666
    outer loop
      vertex 7.61573 71.6526 2.5
      vertex 7.41021 71.7677 2.5
      vertex 6.77178 70.5147 1
    endloop
  endfacet
  facet normal 0.573281 0.45163 0.683652
    outer loop
      vertex 3.63282 66.9892 2.5
      vertex 4.70731 67.8959 1
      vertex 4.62467 68.0008 1
    endloop
  endfacet
  facet normal 0.571129 0.454268 0.683705
    outer loop
      vertex 4.70731 67.8959 1
      vertex 3.63282 66.9892 2.5
      vertex 3.63799 66.9827 2.5
    endloop
  endfacet
  facet normal -0.305489 -0.662781 0.683665
    outer loop
      vertex 7.41021 71.7677 2.5
      vertex 7.19629 71.8663 2.5
      vertex 6.77178 70.5147 1
    endloop
  endfacet
  facet normal 0.305944 -0.662586 0.68365
    outer loop
      vertex 4.80371 71.8663 2.5
      vertex 5.34944 70.5706 1
      vertex 4.81129 71.8698 2.5
    endloop
  endfacet
  facet normal 0.305615 -0.662732 0.683656
    outer loop
      vertex 5.34944 70.5706 1
      vertex 4.80371 71.8663 2.5
      vertex 5.22822 70.5147 1
    endloop
  endfacet
  facet normal 0.573139 0.451789 0.683665
    outer loop
      vertex 3.63282 66.9892 2.5
      vertex 4.62467 68.0008 1
      vertex 3.48699 67.1742 2.5
    endloop
  endfacet
  facet normal -0.729249 -0.0273373 0.683702
    outer loop
      vertex 135.7 6 1
      vertex 137.106 6.00834 2.5
      vertex 135.695 6.13338 1
    endloop
  endfacet
  facet normal -0.729598 0 0.683876
    outer loop
      vertex 137.106 6.00834 2.5
      vertex 135.7 6 1
      vertex 137.106 6 2.5
    endloop
  endfacet
  facet normal 0.580347 -0.443013 0.683327
    outer loop
      vertex 131.633 8.0108 2.5
      vertex 132.707 7.10406 1
      vertex 131.638 8.01735 2.5
    endloop
  endfacet
  facet normal 0.574939 -0.449728 0.683513
    outer loop
      vertex 132.707 7.10406 1
      vertex 131.633 8.0108 2.5
      vertex 132.625 6.99923 1
    endloop
  endfacet
  facet normal -0.495398 0.535984 0.683595
    outer loop
      vertex 136.023 3.64365 2.5
      vertex 136.196 3.80355 2.5
      vertex 135.202 4.79792 1
    endloop
  endfacet
  facet normal 0.702799 0.196939 0.683585
    outer loop
      vertex 130.98 5.27486 2.5
      vertex 132.383 5.47467 1
      vertex 132.347 5.60314 1
    endloop
  endfacet
  facet normal 0.707099 0.176114 0.684832
    outer loop
      vertex 132.383 5.47467 1
      vertex 130.98 5.27486 2.5
      vertex 130.982 5.26683 2.5
    endloop
  endfacet
  facet normal -0.476248 0.552706 0.683889
    outer loop
      vertex 135.104 4.70731 1
      vertex 136.011 3.63282 2.5
      vertex 136.017 3.63799 2.5
    endloop
  endfacet
  facet normal -0.45134 0.573459 0.683694
    outer loop
      vertex 136.011 3.63282 2.5
      vertex 135.104 4.70731 1
      vertex 134.999 4.62467 1
    endloop
  endfacet
  facet normal -0.0857286 -0.724729 0.68368
    outer loop
      vertex 134.478 9.06899 2.5
      vertex 134.244 9.09667 2.5
      vertex 134.133 7.69476 1
    endloop
  endfacet
  facet normal -0.535801 -0.495596 0.683595
    outer loop
      vertex 136.356 8.02347 2.5
      vertex 136.196 8.19645 2.5
      vertex 135.202 7.20208 1
    endloop
  endfacet
  facet normal 0.19786 0.702442 0.683686
    outer loop
      vertex 133.267 2.98184 2.5
      vertex 133.475 4.3832 1
      vertex 133.04 3.04578 2.5
    endloop
  endfacet
  facet normal -0.729598 0 0.683876
    outer loop
      vertex 135.7 6 1
      vertex 137.106 5.99166 2.5
      vertex 137.106 6 2.5
    endloop
  endfacet
  facet normal -0.729249 0.0273373 0.683702
    outer loop
      vertex 137.106 5.99166 2.5
      vertex 135.7 6 1
      vertex 135.695 5.86662 1
    endloop
  endfacet
  facet normal -0.68512 0.251661 0.683577
    outer loop
      vertex 135.571 5.34944 1
      vertex 136.954 5.04012 2.5
      vertex 135.617 5.47467 1
    endloop
  endfacet
  facet normal -0.682182 0.261372 0.68287
    outer loop
      vertex 136.954 5.04012 2.5
      vertex 135.571 5.34944 1
      vertex 136.951 5.03229 2.5
    endloop
  endfacet
  facet normal -0.702443 0.198299 0.683558
    outer loop
      vertex 136.954 5.04012 2.5
      vertex 137.018 5.26683 2.5
      vertex 135.617 5.47467 1
    endloop
  endfacet
  facet normal -0.646552 0.341188 0.682321
    outer loop
      vertex 135.571 5.34944 1
      vertex 136.866 4.80371 2.5
      vertex 136.87 4.81129 2.5
    endloop
  endfacet
  facet normal -0.662671 0.306134 0.683483
    outer loop
      vertex 136.866 4.80371 2.5
      vertex 135.571 5.34944 1
      vertex 135.515 5.22822 1
    endloop
  endfacet
  facet normal -0.572833 0.452098 0.683717
    outer loop
      vertex 136.367 3.9892 2.5
      vertex 136.513 4.17419 2.5
      vertex 135.375 5.00076 1
    endloop
  endfacet
  facet normal -0.252598 0.684707 0.683646
    outer loop
      vertex 134.968 3.04867 2.5
      vertex 135.189 3.1302 2.5
      vertex 134.651 4.4294 1
    endloop
  endfacet
  facet normal -0.724626 -0.0867333 0.683663
    outer loop
      vertex 137.097 6.24371 2.5
      vertex 137.069 6.47764 2.5
      vertex 135.695 6.13338 1
    endloop
  endfacet
  facet normal 0.729261 -0.0278852 0.683667
    outer loop
      vertex 132.305 6.13338 1
      vertex 130.903 6.24371 2.5
      vertex 130.894 6.00834 2.5
    endloop
  endfacet
  facet normal 0.715841 -0.14253 0.683562
    outer loop
      vertex 132.347 6.39686 1
      vertex 130.98 6.72514 2.5
      vertex 130.934 6.49411 2.5
    endloop
  endfacet
  facet normal -0.405237 0.606911 0.683698
    outer loop
      vertex 135.623 3.35149 2.5
      vertex 135.819 3.48236 2.5
      vertex 134.888 4.55051 1
    endloop
  endfacet
  facet normal -0.729261 0.0278852 0.683667
    outer loop
      vertex 137.097 5.75629 2.5
      vertex 137.106 5.99166 2.5
      vertex 135.695 5.86662 1
    endloop
  endfacet
  facet normal -0.711194 -0.173674 0.681205
    outer loop
      vertex 135.653 6.39686 1
      vertex 137.068 6.48592 2.5
      vertex 137.066 6.49411 2.5
    endloop
  endfacet
  facet normal -0.715802 -0.142154 0.68368
    outer loop
      vertex 137.068 6.48592 2.5
      vertex 135.653 6.39686 1
      vertex 135.679 6.26594 1
    endloop
  endfacet
  facet normal 0.707099 -0.176114 0.684832
    outer loop
      vertex 130.98 6.72514 2.5
      vertex 132.383 6.52533 1
      vertex 130.982 6.73317 2.5
    endloop
  endfacet
  facet normal 0.702799 -0.196939 0.683585
    outer loop
      vertex 132.383 6.52533 1
      vertex 130.98 6.72514 2.5
      vertex 132.347 6.39686 1
    endloop
  endfacet
  facet normal -0.715841 0.14253 0.683562
    outer loop
      vertex 137.02 5.27486 2.5
      vertex 137.066 5.50589 2.5
      vertex 135.653 5.60314 1
    endloop
  endfacet
  facet normal 0.534947 0.496635 0.68351
    outer loop
      vertex 132.707 4.89594 1
      vertex 131.644 3.97652 2.5
      vertex 132.798 4.79792 1
    endloop
  endfacet
  facet normal 0.52196 0.51089 0.683044
    outer loop
      vertex 131.644 3.97652 2.5
      vertex 132.707 4.89594 1
      vertex 131.638 3.98265 2.5
    endloop
  endfacet
  facet normal -0.715841 -0.14253 0.683562
    outer loop
      vertex 137.066 6.49411 2.5
      vertex 137.02 6.72514 2.5
      vertex 135.653 6.39686 1
    endloop
  endfacet
  facet normal 0.68512 0.251661 0.683577
    outer loop
      vertex 131.046 5.04012 2.5
      vertex 132.429 5.34944 1
      vertex 132.383 5.47467 1
    endloop
  endfacet
  facet normal 0.682182 0.261372 0.68287
    outer loop
      vertex 132.429 5.34944 1
      vertex 131.046 5.04012 2.5
      vertex 131.049 5.03229 2.5
    endloop
  endfacet
  facet normal -0.451752 -0.573092 0.683729
    outer loop
      vertex 136.011 8.36718 2.5
      vertex 135.826 8.51301 2.5
      vertex 134.999 7.37533 1
    endloop
  endfacet
  facet normal 0.357629 0.636077 0.683745
    outer loop
      vertex 133.112 4.55051 1
      vertex 132.384 3.34741 2.5
      vertex 133.228 4.48529 1
    endloop
  endfacet
  facet normal 0.367397 0.630337 0.683882
    outer loop
      vertex 132.384 3.34741 2.5
      vertex 133.112 4.55051 1
      vertex 132.377 3.35149 2.5
    endloop
  endfacet
  facet normal -0.685297 0.251172 0.683579
    outer loop
      vertex 136.87 4.81129 2.5
      vertex 136.951 5.03229 2.5
      vertex 135.571 5.34944 1
    endloop
  endfacet
  facet normal -0.572832 -0.452097 0.683719
    outer loop
      vertex 136.513 7.82581 2.5
      vertex 136.367 8.0108 2.5
      vertex 135.375 6.99923 1
    endloop
  endfacet
  facet normal -0.72449 -0.0874988 0.683709
    outer loop
      vertex 135.679 6.26594 1
      vertex 137.069 6.47764 2.5
      vertex 137.068 6.48592 2.5
    endloop
  endfacet
  facet normal -0.724497 -0.0874468 0.683709
    outer loop
      vertex 137.069 6.47764 2.5
      vertex 135.679 6.26594 1
      vertex 135.695 6.13338 1
    endloop
  endfacet
  facet normal -0.574917 0.449754 0.683514
    outer loop
      vertex 135.293 4.89594 1
      vertex 136.367 3.9892 2.5
      vertex 135.375 5.00076 1
    endloop
  endfacet
  facet normal -0.580347 0.443013 0.683327
    outer loop
      vertex 136.367 3.9892 2.5
      vertex 135.293 4.89594 1
      vertex 136.362 3.98265 2.5
    endloop
  endfacet
  facet normal -0.639534 -0.351393 0.683754
    outer loop
      vertex 135.449 6.88825 1
      vertex 136.653 7.61573 2.5
      vertex 136.649 7.62301 2.5
    endloop
  endfacet
  facet normal -0.634731 -0.359683 0.683919
    outer loop
      vertex 136.653 7.61573 2.5
      vertex 135.449 6.88825 1
      vertex 135.515 6.77178 1
    endloop
  endfacet
  facet normal -0.367397 0.630337 0.683882
    outer loop
      vertex 134.888 4.55051 1
      vertex 135.616 3.34741 2.5
      vertex 135.623 3.35149 2.5
    endloop
  endfacet
  facet normal -0.357629 0.636077 0.683745
    outer loop
      vertex 135.616 3.34741 2.5
      vertex 134.888 4.55051 1
      vertex 134.772 4.48529 1
    endloop
  endfacet
  facet normal 0.711194 -0.173674 0.681205
    outer loop
      vertex 130.932 6.48592 2.5
      vertex 132.347 6.39686 1
      vertex 130.934 6.49411 2.5
    endloop
  endfacet
  facet normal 0.715802 -0.142154 0.68368
    outer loop
      vertex 132.347 6.39686 1
      vertex 130.932 6.48592 2.5
      vertex 132.321 6.26594 1
    endloop
  endfacet
  facet normal -0.521556 -0.511329 0.683024
    outer loop
      vertex 136.356 8.02347 2.5
      vertex 135.293 7.10406 1
      vertex 136.362 8.01735 2.5
    endloop
  endfacet
  facet normal -0.534948 -0.496636 0.683508
    outer loop
      vertex 135.293 7.10406 1
      vertex 136.356 8.02347 2.5
      vertex 135.202 7.20208 1
    endloop
  endfacet
  facet normal -0.682182 -0.261372 0.68287
    outer loop
      vertex 135.571 6.65056 1
      vertex 136.954 6.95988 2.5
      vertex 136.951 6.96771 2.5
    endloop
  endfacet
  facet normal -0.68512 -0.251661 0.683577
    outer loop
      vertex 136.954 6.95988 2.5
      vertex 135.571 6.65056 1
      vertex 135.617 6.52533 1
    endloop
  endfacet
  facet normal 0.252597 -0.684704 0.683648
    outer loop
      vertex 133.349 7.57059 1
      vertex 133.032 8.95133 2.5
      vertex 132.811 8.8698 2.5
    endloop
  endfacet
  facet normal -0.305466 0.662845 0.683613
    outer loop
      vertex 135.196 3.13369 2.5
      vertex 135.41 3.23231 2.5
      vertex 134.772 4.48529 1
    endloop
  endfacet
  facet normal 0.535801 -0.495596 0.683595
    outer loop
      vertex 132.798 7.20208 1
      vertex 131.804 8.19645 2.5
      vertex 131.644 8.02347 2.5
    endloop
  endfacet
  facet normal -0.142413 -0.715784 0.683645
    outer loop
      vertex 134.725 9.02042 2.5
      vertex 134.494 9.06638 2.5
      vertex 134.397 7.65303 1
    endloop
  endfacet
  facet normal -0.495494 0.535906 0.683587
    outer loop
      vertex 135.104 4.70731 1
      vertex 136.023 3.64365 2.5
      vertex 135.202 4.79792 1
    endloop
  endfacet
  facet normal -0.500924 0.531015 0.683446
    outer loop
      vertex 136.023 3.64365 2.5
      vertex 135.104 4.70731 1
      vertex 136.017 3.63799 2.5
    endloop
  endfacet
  facet normal -0.251264 -0.685117 0.683726
    outer loop
      vertex 134.651 7.57059 1
      vertex 134.96 8.95422 2.5
      vertex 134.525 7.6168 1
    endloop
  endfacet
  facet normal -0.247863 -0.686126 0.683956
    outer loop
      vertex 134.96 8.95422 2.5
      vertex 134.651 7.57059 1
      vertex 134.968 8.95133 2.5
    endloop
  endfacet
  facet normal 0.685297 -0.251172 0.683579
    outer loop
      vertex 132.429 6.65056 1
      vertex 131.13 7.18871 2.5
      vertex 131.049 6.96771 2.5
    endloop
  endfacet
  facet normal -0.724626 0.0867333 0.683663
    outer loop
      vertex 137.069 5.52236 2.5
      vertex 137.097 5.75629 2.5
      vertex 135.695 5.86662 1
    endloop
  endfacet
  facet normal -0.707099 -0.176114 0.684832
    outer loop
      vertex 135.617 6.52533 1
      vertex 137.02 6.72514 2.5
      vertex 137.018 6.73317 2.5
    endloop
  endfacet
  facet normal -0.702799 -0.196939 0.683585
    outer loop
      vertex 137.02 6.72514 2.5
      vertex 135.617 6.52533 1
      vertex 135.653 6.39686 1
    endloop
  endfacet
  facet normal 0.305466 0.662845 0.683613
    outer loop
      vertex 132.804 3.13369 2.5
      vertex 133.228 4.48529 1
      vertex 132.59 3.23231 2.5
    endloop
  endfacet
  facet normal -0.32589 -0.653648 0.683037
    outer loop
      vertex 134.651 7.57059 1
      vertex 135.196 8.86631 2.5
      vertex 135.189 8.8698 2.5
    endloop
  endfacet
  facet normal -0.306015 -0.662631 0.683575
    outer loop
      vertex 135.196 8.86631 2.5
      vertex 134.651 7.57059 1
      vertex 134.772 7.51471 1
    endloop
  endfacet
  facet normal 0.19786 -0.702442 0.683686
    outer loop
      vertex 133.475 7.6168 1
      vertex 133.267 9.01816 2.5
      vertex 133.04 8.95422 2.5
    endloop
  endfacet
  facet normal 0.724626 -0.0867333 0.683663
    outer loop
      vertex 132.305 6.13338 1
      vertex 130.931 6.47764 2.5
      vertex 130.903 6.24371 2.5
    endloop
  endfacet
  facet normal -0.198768 -0.702245 0.683625
    outer loop
      vertex 134.525 7.6168 1
      vertex 134.725 9.02042 2.5
      vertex 134.397 7.65303 1
    endloop
  endfacet
  facet normal -0.198406 -0.702323 0.68365
    outer loop
      vertex 134.725 9.02042 2.5
      vertex 134.525 7.6168 1
      vertex 134.733 9.01816 2.5
    endloop
  endfacet
  facet normal -0.591865 -0.426416 0.684006
    outer loop
      vertex 135.375 6.99923 1
      vertex 136.518 7.81887 2.5
      vertex 136.513 7.82581 2.5
    endloop
  endfacet
  facet normal -0.607091 -0.4048 0.683797
    outer loop
      vertex 136.518 7.81887 2.5
      vertex 135.375 6.99923 1
      vertex 135.449 6.88825 1
    endloop
  endfacet
  facet normal 0.198406 -0.702323 0.68365
    outer loop
      vertex 133.475 7.6168 1
      vertex 133.275 9.02042 2.5
      vertex 133.267 9.01816 2.5
    endloop
  endfacet
  facet normal 0.198768 -0.702245 0.683625
    outer loop
      vertex 133.275 9.02042 2.5
      vertex 133.475 7.6168 1
      vertex 133.603 7.65303 1
    endloop
  endfacet
  facet normal 0.405237 -0.606911 0.683698
    outer loop
      vertex 133.112 7.44949 1
      vertex 132.377 8.64851 2.5
      vertex 132.181 8.51764 2.5
    endloop
  endfacet
  facet normal -0.305466 -0.662845 0.683613
    outer loop
      vertex 135.41 8.76769 2.5
      vertex 135.196 8.86631 2.5
      vertex 134.772 7.51471 1
    endloop
  endfacet
  facet normal 0.729261 0.0278852 0.683667
    outer loop
      vertex 130.903 5.75629 2.5
      vertex 132.305 5.86662 1
      vertex 130.894 5.99166 2.5
    endloop
  endfacet
  facet normal 0.662671 -0.306134 0.683483
    outer loop
      vertex 131.134 7.19629 2.5
      vertex 132.429 6.65056 1
      vertex 132.485 6.77178 1
    endloop
  endfacet
  facet normal 0.646552 -0.341188 0.682321
    outer loop
      vertex 132.429 6.65056 1
      vertex 131.134 7.19629 2.5
      vertex 131.13 7.18871 2.5
    endloop
  endfacet
  facet normal -0.606462 0.405629 0.683863
    outer loop
      vertex 136.518 4.18113 2.5
      vertex 136.649 4.37699 2.5
      vertex 135.449 5.11175 1
    endloop
  endfacet
  facet normal -0.535787 0.495611 0.683595
    outer loop
      vertex 136.196 3.80355 2.5
      vertex 136.356 3.97652 2.5
      vertex 135.202 4.79792 1
    endloop
  endfacet
  facet normal -0.0857589 0.724723 0.683682
    outer loop
      vertex 134.244 2.90332 2.5
      vertex 134.478 2.93101 2.5
      vertex 134.133 4.30524 1
    endloop
  endfacet
  facet normal 0.451752 0.573092 0.683729
    outer loop
      vertex 132.174 3.48699 2.5
      vertex 133.001 4.62467 1
      vertex 131.989 3.63282 2.5
    endloop
  endfacet
  facet normal 0.142413 -0.715784 0.683645
    outer loop
      vertex 133.603 7.65303 1
      vertex 133.506 9.06638 2.5
      vertex 133.275 9.02042 2.5
    endloop
  endfacet
  facet normal -0.0300798 -0.729207 0.683632
    outer loop
      vertex 134 7.7 1
      vertex 134.008 9.10592 2.5
      vertex 134 9.10625 2.5
    endloop
  endfacet
  facet normal -0.0287309 -0.72924 0.683655
    outer loop
      vertex 134.008 9.10592 2.5
      vertex 134 7.7 1
      vertex 134.133 7.69476 1
    endloop
  endfacet
  facet normal 0.500924 -0.531015 0.683446
    outer loop
      vertex 131.977 8.35635 2.5
      vertex 132.896 7.29269 1
      vertex 131.983 8.36201 2.5
    endloop
  endfacet
  facet normal 0.495494 -0.535906 0.683587
    outer loop
      vertex 132.896 7.29269 1
      vertex 131.977 8.35635 2.5
      vertex 132.798 7.20208 1
    endloop
  endfacet
  facet normal 0.606462 -0.405629 0.683863
    outer loop
      vertex 132.551 6.88825 1
      vertex 131.482 7.81887 2.5
      vertex 131.351 7.62301 2.5
    endloop
  endfacet
  facet normal -0.19786 -0.702442 0.683686
    outer loop
      vertex 134.96 8.95422 2.5
      vertex 134.733 9.01816 2.5
      vertex 134.525 7.6168 1
    endloop
  endfacet
  facet normal 0.0857589 0.724723 0.683682
    outer loop
      vertex 133.756 2.90332 2.5
      vertex 133.867 4.30524 1
      vertex 133.522 2.93101 2.5
    endloop
  endfacet
  facet normal -0.729261 -0.0278852 0.683667
    outer loop
      vertex 137.106 6.00834 2.5
      vertex 137.097 6.24371 2.5
      vertex 135.695 6.13338 1
    endloop
  endfacet
  facet normal -0.252597 -0.684704 0.683648
    outer loop
      vertex 135.189 8.8698 2.5
      vertex 134.968 8.95133 2.5
      vertex 134.651 7.57059 1
    endloop
  endfacet
  facet normal -0.702443 -0.198299 0.683558
    outer loop
      vertex 137.018 6.73317 2.5
      vertex 136.954 6.95988 2.5
      vertex 135.617 6.52533 1
    endloop
  endfacet
  facet normal 0.0287309 -0.72924 0.683655
    outer loop
      vertex 134 7.7 1
      vertex 133.992 9.10592 2.5
      vertex 133.867 7.69476 1
    endloop
  endfacet
  facet normal 0.0300798 -0.729207 0.683632
    outer loop
      vertex 133.992 9.10592 2.5
      vertex 134 7.7 1
      vertex 134 9.10625 2.5
    endloop
  endfacet
  facet normal 0.495398 0.535984 0.683595
    outer loop
      vertex 131.977 3.64365 2.5
      vertex 132.798 4.79792 1
      vertex 131.804 3.80355 2.5
    endloop
  endfacet
  facet normal -0.085501 -0.72477 0.683665
    outer loop
      vertex 134.266 7.67907 1
      vertex 134.478 9.06899 2.5
      vertex 134.133 7.69476 1
    endloop
  endfacet
  facet normal -0.0887308 -0.724333 0.683717
    outer loop
      vertex 134.478 9.06899 2.5
      vertex 134.266 7.67907 1
      vertex 134.486 9.06801 2.5
    endloop
  endfacet
  facet normal -0.663516 -0.303967 0.683631
    outer loop
      vertex 136.866 7.19629 2.5
      vertex 136.768 7.41021 2.5
      vertex 135.515 6.77178 1
    endloop
  endfacet
  facet normal 0.45134 -0.573459 0.683694
    outer loop
      vertex 131.989 8.36718 2.5
      vertex 132.896 7.29269 1
      vertex 133.001 7.37533 1
    endloop
  endfacet
  facet normal 0.476248 -0.552706 0.683889
    outer loop
      vertex 132.896 7.29269 1
      vertex 131.989 8.36718 2.5
      vertex 131.983 8.36201 2.5
    endloop
  endfacet
  facet normal 0.535787 0.495611 0.683595
    outer loop
      vertex 131.804 3.80355 2.5
      vertex 132.798 4.79792 1
      vertex 131.644 3.97652 2.5
    endloop
  endfacet
  facet normal 0.251216 0.685134 0.683727
    outer loop
      vertex 133.349 4.4294 1
      vertex 133.04 3.04578 2.5
      vertex 133.475 4.3832 1
    endloop
  endfacet
  facet normal 0.247864 0.686128 0.683953
    outer loop
      vertex 133.04 3.04578 2.5
      vertex 133.349 4.4294 1
      vertex 133.032 3.04867 2.5
    endloop
  endfacet
  facet normal 0.085501 0.72477 0.683665
    outer loop
      vertex 133.734 4.32093 1
      vertex 133.522 2.93101 2.5
      vertex 133.867 4.30524 1
    endloop
  endfacet
  facet normal 0.0887308 0.724333 0.683717
    outer loop
      vertex 133.522 2.93101 2.5
      vertex 133.734 4.32093 1
      vertex 133.514 2.93199 2.5
    endloop
  endfacet
  facet normal -0.702799 0.196939 0.683585
    outer loop
      vertex 135.617 5.47467 1
      vertex 137.02 5.27486 2.5
      vertex 135.653 5.60314 1
    endloop
  endfacet
  facet normal -0.707099 0.176114 0.684832
    outer loop
      vertex 137.02 5.27486 2.5
      vertex 135.617 5.47467 1
      vertex 137.018 5.26683 2.5
    endloop
  endfacet
  facet normal -0.606462 -0.405629 0.683863
    outer loop
      vertex 136.649 7.62301 2.5
      vertex 136.518 7.81887 2.5
      vertex 135.449 6.88825 1
    endloop
  endfacet
  facet normal -0.580347 -0.443013 0.683327
    outer loop
      vertex 135.293 7.10406 1
      vertex 136.367 8.0108 2.5
      vertex 136.362 8.01735 2.5
    endloop
  endfacet
  facet normal -0.574939 -0.449728 0.683513
    outer loop
      vertex 136.367 8.0108 2.5
      vertex 135.293 7.10406 1
      vertex 135.375 6.99923 1
    endloop
  endfacet
  facet normal 0.682182 -0.261372 0.68287
    outer loop
      vertex 131.046 6.95988 2.5
      vertex 132.429 6.65056 1
      vertex 131.049 6.96771 2.5
    endloop
  endfacet
  facet normal 0.68512 -0.251661 0.683577
    outer loop
      vertex 132.429 6.65056 1
      vertex 131.046 6.95988 2.5
      vertex 132.383 6.52533 1
    endloop
  endfacet
  facet normal 0.702443 -0.198299 0.683558
    outer loop
      vertex 132.383 6.52533 1
      vertex 131.046 6.95988 2.5
      vertex 130.982 6.73317 2.5
    endloop
  endfacet
  facet normal 0.591865 -0.426416 0.684006
    outer loop
      vertex 131.482 7.81887 2.5
      vertex 132.625 6.99923 1
      vertex 131.487 7.82581 2.5
    endloop
  endfacet
  facet normal 0.607091 -0.4048 0.683797
    outer loop
      vertex 132.625 6.99923 1
      vertex 131.482 7.81887 2.5
      vertex 132.551 6.88825 1
    endloop
  endfacet
  facet normal -0.355989 0.63713 0.683621
    outer loop
      vertex 135.41 3.23231 2.5
      vertex 135.616 3.34741 2.5
      vertex 134.772 4.48529 1
    endloop
  endfacet
  facet normal -0.199233 0.702142 0.683596
    outer loop
      vertex 134.525 4.3832 1
      vertex 134.725 2.97957 2.5
      vertex 134.733 2.98184 2.5
    endloop
  endfacet
  facet normal -0.198768 0.702242 0.683628
    outer loop
      vertex 134.725 2.97957 2.5
      vertex 134.525 4.3832 1
      vertex 134.397 4.34697 1
    endloop
  endfacet
  facet normal -0.495398 -0.535984 0.683595
    outer loop
      vertex 136.196 8.19645 2.5
      vertex 136.023 8.35635 2.5
      vertex 135.202 7.20208 1
    endloop
  endfacet
  facet normal -0.306061 0.662613 0.683572
    outer loop
      vertex 134.651 4.4294 1
      vertex 135.196 3.13369 2.5
      vertex 134.772 4.48529 1
    endloop
  endfacet
  facet normal -0.325891 0.65365 0.683035
    outer loop
      vertex 135.196 3.13369 2.5
      vertex 134.651 4.4294 1
      vertex 135.189 3.1302 2.5
    endloop
  endfacet
  facet normal -0.0887308 0.724333 0.683717
    outer loop
      vertex 134.266 4.32093 1
      vertex 134.478 2.93101 2.5
      vertex 134.486 2.93199 2.5
    endloop
  endfacet
  facet normal -0.085501 0.72477 0.683665
    outer loop
      vertex 134.478 2.93101 2.5
      vertex 134.266 4.32093 1
      vertex 134.133 4.30524 1
    endloop
  endfacet
  facet normal -0.607109 0.404776 0.683795
    outer loop
      vertex 135.375 5.00076 1
      vertex 136.518 4.18113 2.5
      vertex 135.449 5.11175 1
    endloop
  endfacet
  facet normal -0.591867 0.426417 0.684005
    outer loop
      vertex 136.518 4.18113 2.5
      vertex 135.375 5.00076 1
      vertex 136.513 4.17419 2.5
    endloop
  endfacet
  facet normal 0.729598 0 0.683876
    outer loop
      vertex 132.3 6 1
      vertex 130.894 6.00834 2.5
      vertex 130.894 6 2.5
    endloop
  endfacet
  facet normal 0.729249 -0.0273373 0.683702
    outer loop
      vertex 130.894 6.00834 2.5
      vertex 132.3 6 1
      vertex 132.305 6.13338 1
    endloop
  endfacet
  facet normal -0.52196 0.51089 0.683044
    outer loop
      vertex 135.293 4.89594 1
      vertex 136.356 3.97652 2.5
      vertex 136.362 3.98265 2.5
    endloop
  endfacet
  facet normal -0.534947 0.496635 0.68351
    outer loop
      vertex 136.356 3.97652 2.5
      vertex 135.293 4.89594 1
      vertex 135.202 4.79792 1
    endloop
  endfacet
  facet normal 0.252598 0.684707 0.683646
    outer loop
      vertex 133.032 3.04867 2.5
      vertex 133.349 4.4294 1
      vertex 132.811 3.1302 2.5
    endloop
  endfacet
  facet normal 0.495398 -0.535984 0.683595
    outer loop
      vertex 132.798 7.20208 1
      vertex 131.977 8.35635 2.5
      vertex 131.804 8.19645 2.5
    endloop
  endfacet
  facet normal 0.451752 -0.573092 0.683729
    outer loop
      vertex 133.001 7.37533 1
      vertex 132.174 8.51301 2.5
      vertex 131.989 8.36718 2.5
    endloop
  endfacet
  facet normal 0.702443 0.198299 0.683558
    outer loop
      vertex 131.046 5.04012 2.5
      vertex 132.383 5.47467 1
      vertex 130.982 5.26683 2.5
    endloop
  endfacet
  facet normal 0.355989 -0.63713 0.683621
    outer loop
      vertex 133.228 7.51471 1
      vertex 132.59 8.76769 2.5
      vertex 132.384 8.65259 2.5
    endloop
  endfacet
  facet normal 0.247863 -0.686126 0.683956
    outer loop
      vertex 133.349 7.57059 1
      vertex 133.04 8.95422 2.5
      vertex 133.032 8.95133 2.5
    endloop
  endfacet
  facet normal 0.251264 -0.685117 0.683726
    outer loop
      vertex 133.04 8.95422 2.5
      vertex 133.349 7.57059 1
      vertex 133.475 7.6168 1
    endloop
  endfacet
  facet normal 0.45134 0.573459 0.683694
    outer loop
      vertex 132.896 4.70731 1
      vertex 131.989 3.63282 2.5
      vertex 133.001 4.62467 1
    endloop
  endfacet
  facet normal 0.476248 0.552706 0.683889
    outer loop
      vertex 131.989 3.63282 2.5
      vertex 132.896 4.70731 1
      vertex 131.983 3.63799 2.5
    endloop
  endfacet
  facet normal 0.715802 0.142154 0.68368
    outer loop
      vertex 130.932 5.51408 2.5
      vertex 132.347 5.60314 1
      vertex 132.321 5.73406 1
    endloop
  endfacet
  facet normal 0.711194 0.173674 0.681205
    outer loop
      vertex 132.347 5.60314 1
      vertex 130.932 5.51408 2.5
      vertex 130.934 5.50589 2.5
    endloop
  endfacet
  facet normal -0.0285514 0.729236 0.683666
    outer loop
      vertex 134.244 2.90332 2.5
      vertex 134.133 4.30524 1
      vertex 134.008 2.89408 2.5
    endloop
  endfacet
  facet normal 0.495494 0.535906 0.683587
    outer loop
      vertex 131.977 3.64365 2.5
      vertex 132.896 4.70731 1
      vertex 132.798 4.79792 1
    endloop
  endfacet
  facet normal 0.500924 0.531015 0.683446
    outer loop
      vertex 132.896 4.70731 1
      vertex 131.977 3.64365 2.5
      vertex 131.983 3.63799 2.5
    endloop
  endfacet
  facet normal 0.715841 0.14253 0.683562
    outer loop
      vertex 130.98 5.27486 2.5
      vertex 132.347 5.60314 1
      vertex 130.934 5.50589 2.5
    endloop
  endfacet
  facet normal -0.0285824 -0.729237 0.683664
    outer loop
      vertex 134.133 7.69476 1
      vertex 134.244 9.09667 2.5
      vertex 134.008 9.10592 2.5
    endloop
  endfacet
  facet normal 0.145747 -0.715323 0.683426
    outer loop
      vertex 133.603 7.65303 1
      vertex 133.514 9.06801 2.5
      vertex 133.506 9.06638 2.5
    endloop
  endfacet
  facet normal 0.142284 -0.715793 0.683664
    outer loop
      vertex 133.514 9.06801 2.5
      vertex 133.603 7.65303 1
      vertex 133.734 7.67907 1
    endloop
  endfacet
  facet normal 0.72449 -0.0874988 0.683709
    outer loop
      vertex 130.931 6.47764 2.5
      vertex 132.321 6.26594 1
      vertex 130.932 6.48592 2.5
    endloop
  endfacet
  facet normal 0.724497 -0.0874468 0.683709
    outer loop
      vertex 132.321 6.26594 1
      vertex 130.931 6.47764 2.5
      vertex 132.305 6.13338 1
    endloop
  endfacet
  facet normal 0.0285824 -0.729237 0.683664
    outer loop
      vertex 133.867 7.69476 1
      vertex 133.992 9.10592 2.5
      vertex 133.756 9.09667 2.5
    endloop
  endfacet
  facet normal 0.357629 -0.636077 0.683745
    outer loop
      vertex 132.384 8.65259 2.5
      vertex 133.112 7.44949 1
      vertex 133.228 7.51471 1
    endloop
  endfacet
  facet normal 0.367397 -0.630337 0.683882
    outer loop
      vertex 133.112 7.44949 1
      vertex 132.384 8.65259 2.5
      vertex 132.377 8.64851 2.5
    endloop
  endfacet
  facet normal 0.0857286 -0.724729 0.68368
    outer loop
      vertex 133.867 7.69476 1
      vertex 133.756 9.09667 2.5
      vertex 133.522 9.06899 2.5
    endloop
  endfacet
  facet normal 0.0887308 -0.724333 0.683717
    outer loop
      vertex 133.734 7.67907 1
      vertex 133.522 9.06899 2.5
      vertex 133.514 9.06801 2.5
    endloop
  endfacet
  facet normal 0.085501 -0.72477 0.683665
    outer loop
      vertex 133.522 9.06899 2.5
      vertex 133.734 7.67907 1
      vertex 133.867 7.69476 1
    endloop
  endfacet
  facet normal 0.636867 0.356363 0.683671
    outer loop
      vertex 131.347 4.38427 2.5
      vertex 132.485 5.22822 1
      vertex 131.232 4.58979 2.5
    endloop
  endfacet
  facet normal -0.685297 -0.251172 0.683579
    outer loop
      vertex 136.951 6.96771 2.5
      vertex 136.87 7.18871 2.5
      vertex 135.571 6.65056 1
    endloop
  endfacet
  facet normal -0.724497 0.0874468 0.683709
    outer loop
      vertex 135.679 5.73406 1
      vertex 137.069 5.52236 2.5
      vertex 135.695 5.86662 1
    endloop
  endfacet
  facet normal -0.72449 0.0874988 0.683709
    outer loop
      vertex 137.069 5.52236 2.5
      vertex 135.679 5.73406 1
      vertex 137.068 5.51408 2.5
    endloop
  endfacet
  facet normal -0.715802 0.142154 0.68368
    outer loop
      vertex 135.653 5.60314 1
      vertex 137.068 5.51408 2.5
      vertex 135.679 5.73406 1
    endloop
  endfacet
  facet normal -0.711194 0.173674 0.681205
    outer loop
      vertex 137.068 5.51408 2.5
      vertex 135.653 5.60314 1
      vertex 137.066 5.50589 2.5
    endloop
  endfacet
  facet normal -0.402615 -0.608706 0.68365
    outer loop
      vertex 135.819 8.51764 2.5
      vertex 134.999 7.37533 1
      vertex 135.826 8.51301 2.5
    endloop
  endfacet
  facet normal -0.405399 -0.606787 0.683711
    outer loop
      vertex 134.999 7.37533 1
      vertex 135.819 8.51764 2.5
      vertex 134.888 7.44949 1
    endloop
  endfacet
  facet normal -0.0287309 0.72924 0.683655
    outer loop
      vertex 134 4.3 1
      vertex 134.008 2.89408 2.5
      vertex 134.133 4.30524 1
    endloop
  endfacet
  facet normal -0.0300798 0.729207 0.683632
    outer loop
      vertex 134.008 2.89408 2.5
      vertex 134 4.3 1
      vertex 134 2.89375 2.5
    endloop
  endfacet
  facet normal 0.0300798 0.729207 0.683632
    outer loop
      vertex 134 4.3 1
      vertex 133.992 2.89408 2.5
      vertex 134 2.89375 2.5
    endloop
  endfacet
  facet normal 0.0287309 0.72924 0.683655
    outer loop
      vertex 133.992 2.89408 2.5
      vertex 134 4.3 1
      vertex 133.867 4.30524 1
    endloop
  endfacet
  facet normal -0.142383 0.715789 0.683647
    outer loop
      vertex 134.494 2.93362 2.5
      vertex 134.725 2.97957 2.5
      vertex 134.397 4.34697 1
    endloop
  endfacet
  facet normal -0.451752 0.573092 0.683729
    outer loop
      vertex 135.826 3.48699 2.5
      vertex 136.011 3.63282 2.5
      vertex 134.999 4.62467 1
    endloop
  endfacet
  facet normal -0.402615 0.608706 0.68365
    outer loop
      vertex 134.999 4.62467 1
      vertex 135.819 3.48236 2.5
      vertex 135.826 3.48699 2.5
    endloop
  endfacet
  facet normal -0.405399 0.606787 0.683711
    outer loop
      vertex 135.819 3.48236 2.5
      vertex 134.999 4.62467 1
      vertex 134.888 4.55051 1
    endloop
  endfacet
  facet normal -0.247864 0.686128 0.683953
    outer loop
      vertex 134.651 4.4294 1
      vertex 134.96 3.04578 2.5
      vertex 134.968 3.04867 2.5
    endloop
  endfacet
  facet normal -0.251216 0.685134 0.683727
    outer loop
      vertex 134.96 3.04578 2.5
      vertex 134.651 4.4294 1
      vertex 134.525 4.3832 1
    endloop
  endfacet
  facet normal -0.19786 0.702442 0.683686
    outer loop
      vertex 134.733 2.98184 2.5
      vertex 134.96 3.04578 2.5
      vertex 134.525 4.3832 1
    endloop
  endfacet
  facet normal 0.305466 -0.662845 0.683613
    outer loop
      vertex 133.228 7.51471 1
      vertex 132.804 8.86631 2.5
      vertex 132.59 8.76769 2.5
    endloop
  endfacet
  facet normal 0.729598 -0 0.683876
    outer loop
      vertex 130.894 5.99166 2.5
      vertex 132.3 6 1
      vertex 130.894 6 2.5
    endloop
  endfacet
  facet normal 0.729249 0.0273373 0.683702
    outer loop
      vertex 132.3 6 1
      vertex 130.894 5.99166 2.5
      vertex 132.305 5.86662 1
    endloop
  endfacet
  facet normal -0.142284 -0.715793 0.683664
    outer loop
      vertex 134.397 7.65303 1
      vertex 134.486 9.06801 2.5
      vertex 134.266 7.67907 1
    endloop
  endfacet
  facet normal -0.145747 -0.715323 0.683426
    outer loop
      vertex 134.486 9.06801 2.5
      vertex 134.397 7.65303 1
      vertex 134.494 9.06638 2.5
    endloop
  endfacet
  facet normal 0.685297 0.251172 0.683579
    outer loop
      vertex 131.13 4.81129 2.5
      vertex 132.429 5.34944 1
      vertex 131.049 5.03229 2.5
    endloop
  endfacet
  facet normal 0.606462 0.405629 0.683863
    outer loop
      vertex 131.482 4.18113 2.5
      vertex 132.551 5.11175 1
      vertex 131.351 4.37699 2.5
    endloop
  endfacet
  facet normal 0.405399 0.606787 0.683711
    outer loop
      vertex 133.001 4.62467 1
      vertex 132.181 3.48236 2.5
      vertex 133.112 4.55051 1
    endloop
  endfacet
  facet normal 0.402615 0.608706 0.68365
    outer loop
      vertex 132.181 3.48236 2.5
      vertex 133.001 4.62467 1
      vertex 132.174 3.48699 2.5
    endloop
  endfacet
  facet normal 0.0285514 0.729236 0.683666
    outer loop
      vertex 133.992 2.89408 2.5
      vertex 133.867 4.30524 1
      vertex 133.756 2.90332 2.5
    endloop
  endfacet
  facet normal 0.572832 -0.452097 0.683719
    outer loop
      vertex 132.625 6.99923 1
      vertex 131.633 8.0108 2.5
      vertex 131.487 7.82581 2.5
    endloop
  endfacet
  facet normal 0.405237 0.606911 0.683698
    outer loop
      vertex 132.377 3.35149 2.5
      vertex 133.112 4.55051 1
      vertex 132.181 3.48236 2.5
    endloop
  endfacet
  facet normal 0.534948 -0.496636 0.683508
    outer loop
      vertex 131.644 8.02347 2.5
      vertex 132.707 7.10406 1
      vertex 132.798 7.20208 1
    endloop
  endfacet
  facet normal 0.521556 -0.511329 0.683024
    outer loop
      vertex 132.707 7.10406 1
      vertex 131.644 8.02347 2.5
      vertex 131.638 8.01735 2.5
    endloop
  endfacet
  facet normal -0.634731 0.359683 0.683919
    outer loop
      vertex 135.449 5.11175 1
      vertex 136.653 4.38427 2.5
      vertex 135.515 5.22822 1
    endloop
  endfacet
  facet normal -0.639534 0.351393 0.683754
    outer loop
      vertex 136.653 4.38427 2.5
      vertex 135.449 5.11175 1
      vertex 136.649 4.37699 2.5
    endloop
  endfacet
  facet normal -0.145747 0.715323 0.683426
    outer loop
      vertex 134.397 4.34697 1
      vertex 134.486 2.93199 2.5
      vertex 134.494 2.93362 2.5
    endloop
  endfacet
  facet normal -0.142284 0.715793 0.683664
    outer loop
      vertex 134.486 2.93199 2.5
      vertex 134.397 4.34697 1
      vertex 134.266 4.32093 1
    endloop
  endfacet
  facet normal -0.636867 0.356363 0.683671
    outer loop
      vertex 136.653 4.38427 2.5
      vertex 136.768 4.58979 2.5
      vertex 135.515 5.22822 1
    endloop
  endfacet
  facet normal -0.663516 0.303967 0.683631
    outer loop
      vertex 136.768 4.58979 2.5
      vertex 136.866 4.80371 2.5
      vertex 135.515 5.22822 1
    endloop
  endfacet
  facet normal 0.355989 0.63713 0.683621
    outer loop
      vertex 132.59 3.23231 2.5
      vertex 133.228 4.48529 1
      vertex 132.384 3.34741 2.5
    endloop
  endfacet
  facet normal -0.355989 -0.63713 0.683621
    outer loop
      vertex 135.616 8.65259 2.5
      vertex 135.41 8.76769 2.5
      vertex 134.772 7.51471 1
    endloop
  endfacet
  facet normal 0.306061 0.662613 0.683572
    outer loop
      vertex 132.804 3.13369 2.5
      vertex 133.349 4.4294 1
      vertex 133.228 4.48529 1
    endloop
  endfacet
  facet normal 0.325891 0.65365 0.683035
    outer loop
      vertex 133.349 4.4294 1
      vertex 132.804 3.13369 2.5
      vertex 132.811 3.1302 2.5
    endloop
  endfacet
  facet normal 0.574917 0.449754 0.683514
    outer loop
      vertex 131.633 3.9892 2.5
      vertex 132.707 4.89594 1
      vertex 132.625 5.00076 1
    endloop
  endfacet
  facet normal 0.580347 0.443013 0.683327
    outer loop
      vertex 132.707 4.89594 1
      vertex 131.633 3.9892 2.5
      vertex 131.638 3.98265 2.5
    endloop
  endfacet
  facet normal -0.405237 -0.606911 0.683698
    outer loop
      vertex 135.819 8.51764 2.5
      vertex 135.623 8.64851 2.5
      vertex 134.888 7.44949 1
    endloop
  endfacet
  facet normal 0.662671 0.306134 0.683483
    outer loop
      vertex 132.429 5.34944 1
      vertex 131.134 4.80371 2.5
      vertex 132.485 5.22822 1
    endloop
  endfacet
  facet normal 0.646552 0.341188 0.682321
    outer loop
      vertex 131.134 4.80371 2.5
      vertex 132.429 5.34944 1
      vertex 131.13 4.81129 2.5
    endloop
  endfacet
  facet normal 0.724626 0.0867333 0.683663
    outer loop
      vertex 130.931 5.52236 2.5
      vertex 132.305 5.86662 1
      vertex 130.903 5.75629 2.5
    endloop
  endfacet
  facet normal -0.367397 -0.630337 0.683882
    outer loop
      vertex 135.616 8.65259 2.5
      vertex 134.888 7.44949 1
      vertex 135.623 8.64851 2.5
    endloop
  endfacet
  facet normal -0.357629 -0.636077 0.683745
    outer loop
      vertex 134.888 7.44949 1
      vertex 135.616 8.65259 2.5
      vertex 134.772 7.51471 1
    endloop
  endfacet
  facet normal -0.636867 -0.356363 0.683671
    outer loop
      vertex 136.768 7.41021 2.5
      vertex 136.653 7.61573 2.5
      vertex 135.515 6.77178 1
    endloop
  endfacet
  facet normal 0.663516 -0.303967 0.683631
    outer loop
      vertex 132.485 6.77178 1
      vertex 131.232 7.41021 2.5
      vertex 131.134 7.19629 2.5
    endloop
  endfacet
  facet normal 0.142383 0.715789 0.683647
    outer loop
      vertex 133.506 2.93362 2.5
      vertex 133.603 4.34697 1
      vertex 133.275 2.97957 2.5
    endloop
  endfacet
  facet normal -0.646552 -0.341188 0.682321
    outer loop
      vertex 136.866 7.19629 2.5
      vertex 135.571 6.65056 1
      vertex 136.87 7.18871 2.5
    endloop
  endfacet
  facet normal -0.662671 -0.306134 0.683483
    outer loop
      vertex 135.571 6.65056 1
      vertex 136.866 7.19629 2.5
      vertex 135.515 6.77178 1
    endloop
  endfacet
  facet normal 0.142284 0.715793 0.683664
    outer loop
      vertex 133.603 4.34697 1
      vertex 133.514 2.93199 2.5
      vertex 133.734 4.32093 1
    endloop
  endfacet
  facet normal 0.145747 0.715323 0.683426
    outer loop
      vertex 133.514 2.93199 2.5
      vertex 133.603 4.34697 1
      vertex 133.506 2.93362 2.5
    endloop
  endfacet
  facet normal 0.198768 0.702242 0.683628
    outer loop
      vertex 133.475 4.3832 1
      vertex 133.275 2.97957 2.5
      vertex 133.603 4.34697 1
    endloop
  endfacet
  facet normal 0.199233 0.702142 0.683596
    outer loop
      vertex 133.275 2.97957 2.5
      vertex 133.475 4.3832 1
      vertex 133.267 2.98184 2.5
    endloop
  endfacet
  facet normal 0.636867 -0.356363 0.683671
    outer loop
      vertex 132.485 6.77178 1
      vertex 131.347 7.61573 2.5
      vertex 131.232 7.41021 2.5
    endloop
  endfacet
  facet normal 0.639534 -0.351393 0.683754
    outer loop
      vertex 131.347 7.61573 2.5
      vertex 132.551 6.88825 1
      vertex 131.351 7.62301 2.5
    endloop
  endfacet
  facet normal 0.634731 -0.359683 0.683919
    outer loop
      vertex 132.551 6.88825 1
      vertex 131.347 7.61573 2.5
      vertex 132.485 6.77178 1
    endloop
  endfacet
  facet normal -0.476248 -0.552706 0.683889
    outer loop
      vertex 136.011 8.36718 2.5
      vertex 135.104 7.29269 1
      vertex 136.017 8.36201 2.5
    endloop
  endfacet
  facet normal -0.45134 -0.573459 0.683694
    outer loop
      vertex 135.104 7.29269 1
      vertex 136.011 8.36718 2.5
      vertex 134.999 7.37533 1
    endloop
  endfacet
  facet normal -0.500924 -0.531015 0.683446
    outer loop
      vertex 135.104 7.29269 1
      vertex 136.023 8.35635 2.5
      vertex 136.017 8.36201 2.5
    endloop
  endfacet
  facet normal -0.495494 -0.535906 0.683587
    outer loop
      vertex 136.023 8.35635 2.5
      vertex 135.104 7.29269 1
      vertex 135.202 7.20208 1
    endloop
  endfacet
  facet normal 0.607109 0.404776 0.683795
    outer loop
      vertex 131.482 4.18113 2.5
      vertex 132.625 5.00076 1
      vertex 132.551 5.11175 1
    endloop
  endfacet
  facet normal 0.591867 0.426417 0.684005
    outer loop
      vertex 132.625 5.00076 1
      vertex 131.482 4.18113 2.5
      vertex 131.487 4.17419 2.5
    endloop
  endfacet
  facet normal 0.32589 -0.653648 0.683037
    outer loop
      vertex 132.804 8.86631 2.5
      vertex 133.349 7.57059 1
      vertex 132.811 8.8698 2.5
    endloop
  endfacet
  facet normal 0.306015 -0.662631 0.683575
    outer loop
      vertex 133.349 7.57059 1
      vertex 132.804 8.86631 2.5
      vertex 133.228 7.51471 1
    endloop
  endfacet
  facet normal 0.724497 0.0874468 0.683709
    outer loop
      vertex 130.931 5.52236 2.5
      vertex 132.321 5.73406 1
      vertex 132.305 5.86662 1
    endloop
  endfacet
  facet normal 0.72449 0.0874988 0.683709
    outer loop
      vertex 132.321 5.73406 1
      vertex 130.931 5.52236 2.5
      vertex 130.932 5.51408 2.5
    endloop
  endfacet
  facet normal 0.405399 -0.606787 0.683711
    outer loop
      vertex 132.181 8.51764 2.5
      vertex 133.001 7.37533 1
      vertex 133.112 7.44949 1
    endloop
  endfacet
  facet normal 0.402615 -0.608706 0.68365
    outer loop
      vertex 133.001 7.37533 1
      vertex 132.181 8.51764 2.5
      vertex 132.174 8.51301 2.5
    endloop
  endfacet
  facet normal 0.572833 0.452098 0.683717
    outer loop
      vertex 131.633 3.9892 2.5
      vertex 132.625 5.00076 1
      vertex 131.487 4.17419 2.5
    endloop
  endfacet
  facet normal 0.634731 0.359683 0.683919
    outer loop
      vertex 131.347 4.38427 2.5
      vertex 132.551 5.11175 1
      vertex 132.485 5.22822 1
    endloop
  endfacet
  facet normal 0.639534 0.351393 0.683754
    outer loop
      vertex 132.551 5.11175 1
      vertex 131.347 4.38427 2.5
      vertex 131.351 4.37699 2.5
    endloop
  endfacet
  facet normal 0.663516 0.303967 0.683631
    outer loop
      vertex 131.232 4.58979 2.5
      vertex 132.485 5.22822 1
      vertex 131.134 4.80371 2.5
    endloop
  endfacet
  facet normal -0.72925 -0.0273332 0.683701
    outer loop
      vertex 135.7 69 1
      vertex 137.106 69.0083 2.5
      vertex 135.695 69.1334 1
    endloop
  endfacet
  facet normal -0.729598 0 0.683876
    outer loop
      vertex 137.106 69.0083 2.5
      vertex 135.7 69 1
      vertex 137.106 69 2.5
    endloop
  endfacet
  facet normal 0.578662 -0.445124 0.683385
    outer loop
      vertex 131.633 71.0108 2.5
      vertex 132.707 70.1041 1
      vertex 131.638 71.0173 2.5
    endloop
  endfacet
  facet normal 0.575092 -0.449548 0.683503
    outer loop
      vertex 132.707 70.1041 1
      vertex 131.633 71.0108 2.5
      vertex 132.625 69.9992 1
    endloop
  endfacet
  facet normal -0.495407 0.535993 0.683581
    outer loop
      vertex 136.023 66.6437 2.5
      vertex 136.196 66.8036 2.5
      vertex 135.202 67.7979 1
    endloop
  endfacet
  facet normal 0.702778 0.197041 0.683577
    outer loop
      vertex 130.98 68.2749 2.5
      vertex 132.383 68.4747 1
      vertex 132.347 68.6031 1
    endloop
  endfacet
  facet normal 0.707386 0.174663 0.684907
    outer loop
      vertex 132.383 68.4747 1
      vertex 130.98 68.2749 2.5
      vertex 130.982 68.2668 2.5
    endloop
  endfacet
  facet normal -0.477834 0.551347 0.683879
    outer loop
      vertex 135.104 67.7073 1
      vertex 136.011 66.6328 2.5
      vertex 136.017 66.638 2.5
    endloop
  endfacet
  facet normal -0.451205 0.573566 0.683693
    outer loop
      vertex 136.011 66.6328 2.5
      vertex 135.104 67.7073 1
      vertex 134.999 67.6247 1
    endloop
  endfacet
  facet normal -0.0857901 -0.724725 0.683677
    outer loop
      vertex 134.478 72.069 2.5
      vertex 134.244 72.0967 2.5
      vertex 134.133 70.6948 1
    endloop
  endfacet
  facet normal -0.535693 -0.495725 0.683586
    outer loop
      vertex 136.356 71.0235 2.5
      vertex 136.196 71.1964 2.5
      vertex 135.202 70.2021 1
    endloop
  endfacet
  facet normal 0.198032 0.702395 0.683685
    outer loop
      vertex 133.267 65.9818 2.5
      vertex 133.475 67.3832 1
      vertex 133.04 66.0458 2.5
    endloop
  endfacet
  facet normal -0.729598 0 0.683876
    outer loop
      vertex 135.7 69 1
      vertex 137.106 68.9917 2.5
      vertex 137.106 69 2.5
    endloop
  endfacet
  facet normal -0.72925 0.0273332 0.683701
    outer loop
      vertex 137.106 68.9917 2.5
      vertex 135.7 69 1
      vertex 135.695 68.8666 1
    endloop
  endfacet
  facet normal -0.68516 0.251535 0.683584
    outer loop
      vertex 135.571 68.3494 1
      vertex 136.954 68.0401 2.5
      vertex 135.617 68.4747 1
    endloop
  endfacet
  facet normal -0.681908 0.262272 0.682799
    outer loop
      vertex 136.954 68.0401 2.5
      vertex 135.571 68.3494 1
      vertex 136.951 68.0323 2.5
    endloop
  endfacet
  facet normal -0.702437 0.198306 0.683562
    outer loop
      vertex 136.954 68.0401 2.5
      vertex 137.018 68.2668 2.5
      vertex 135.617 68.4747 1
    endloop
  endfacet
  facet normal -0.646897 0.340472 0.682351
    outer loop
      vertex 135.571 68.3494 1
      vertex 136.866 67.8037 2.5
      vertex 136.87 67.8113 2.5
    endloop
  endfacet
  facet normal -0.662655 0.306177 0.683479
    outer loop
      vertex 136.866 67.8037 2.5
      vertex 135.571 68.3494 1
      vertex 135.515 68.2282 1
    endloop
  endfacet
  facet normal -0.572842 0.45208 0.683722
    outer loop
      vertex 136.367 66.9892 2.5
      vertex 136.513 67.1742 2.5
      vertex 135.375 68.0008 1
    endloop
  endfacet
  facet normal -0.252517 0.684738 0.683644
    outer loop
      vertex 134.968 66.0487 2.5
      vertex 135.189 66.1302 2.5
      vertex 134.651 67.4294 1
    endloop
  endfacet
  facet normal -0.724625 -0.0867444 0.683662
    outer loop
      vertex 137.097 69.2437 2.5
      vertex 137.069 69.4776 2.5
      vertex 135.695 69.1334 1
    endloop
  endfacet
  facet normal -0.639953 -0.350659 0.683739
    outer loop
      vertex 135.449 69.8882 1
      vertex 136.653 70.6157 2.5
      vertex 136.649 70.623 2.5
    endloop
  endfacet
  facet normal -0.634634 -0.359844 0.683924
    outer loop
      vertex 136.653 70.6157 2.5
      vertex 135.449 69.8882 1
      vertex 135.515 69.7718 1
    endloop
  endfacet
  facet normal -0.636856 -0.356391 0.683667
    outer loop
      vertex 136.768 70.4102 2.5
      vertex 136.653 70.6157 2.5
      vertex 135.515 69.7718 1
    endloop
  endfacet
  facet normal 0.729262 -0.0278817 0.683667
    outer loop
      vertex 132.305 69.1334 1
      vertex 130.903 69.2437 2.5
      vertex 130.894 69.0083 2.5
    endloop
  endfacet
  facet normal 0.71584 -0.142548 0.683559
    outer loop
      vertex 132.347 69.3969 1
      vertex 130.98 69.7251 2.5
      vertex 130.934 69.4941 2.5
    endloop
  endfacet
  facet normal -0.405304 0.606872 0.683692
    outer loop
      vertex 135.623 66.3515 2.5
      vertex 135.819 66.4824 2.5
      vertex 134.888 67.5505 1
    endloop
  endfacet
  facet normal 0.663507 0.303991 0.683628
    outer loop
      vertex 131.232 67.5898 2.5
      vertex 132.485 68.2282 1
      vertex 131.134 67.8037 2.5
    endloop
  endfacet
  facet normal -0.729262 0.0278817 0.683667
    outer loop
      vertex 137.097 68.7563 2.5
      vertex 137.106 68.9917 2.5
      vertex 135.695 68.8666 1
    endloop
  endfacet
  facet normal -0.71123 -0.173471 0.681219
    outer loop
      vertex 135.653 69.3969 1
      vertex 137.068 69.4859 2.5
      vertex 137.066 69.4941 2.5
    endloop
  endfacet
  facet normal -0.715817 -0.14207 0.683683
    outer loop
      vertex 137.068 69.4859 2.5
      vertex 135.653 69.3969 1
      vertex 135.679 69.2659 1
    endloop
  endfacet
  facet normal 0.707386 -0.174663 0.684907
    outer loop
      vertex 130.98 69.7251 2.5
      vertex 132.383 69.5253 1
      vertex 130.982 69.7332 2.5
    endloop
  endfacet
  facet normal 0.702778 -0.197041 0.683577
    outer loop
      vertex 132.383 69.5253 1
      vertex 130.98 69.7251 2.5
      vertex 132.347 69.3969 1
    endloop
  endfacet
  facet normal -0.71584 0.142548 0.683559
    outer loop
      vertex 137.02 68.2749 2.5
      vertex 137.066 68.5059 2.5
      vertex 135.653 68.6031 1
    endloop
  endfacet
  facet normal 0.5349 0.496692 0.683505
    outer loop
      vertex 132.707 67.8959 1
      vertex 131.644 66.9765 2.5
      vertex 132.798 67.7979 1
    endloop
  endfacet
  facet normal 0.524771 0.507843 0.683162
    outer loop
      vertex 131.644 66.9765 2.5
      vertex 132.707 67.8959 1
      vertex 131.638 66.9827 2.5
    endloop
  endfacet
  facet normal -0.71584 -0.142548 0.683559
    outer loop
      vertex 137.066 69.4941 2.5
      vertex 137.02 69.7251 2.5
      vertex 135.653 69.3969 1
    endloop
  endfacet
  facet normal 0.68516 0.251535 0.683584
    outer loop
      vertex 131.046 68.0401 2.5
      vertex 132.429 68.3494 1
      vertex 132.383 68.4747 1
    endloop
  endfacet
  facet normal 0.681908 0.262272 0.682799
    outer loop
      vertex 132.429 68.3494 1
      vertex 131.046 68.0401 2.5
      vertex 131.049 68.0323 2.5
    endloop
  endfacet
  facet normal -0.451691 -0.573133 0.683735
    outer loop
      vertex 136.011 71.3672 2.5
      vertex 135.826 71.513 2.5
      vertex 134.999 70.3753 1
    endloop
  endfacet
  facet normal 0.357546 0.636125 0.683744
    outer loop
      vertex 133.112 67.5505 1
      vertex 132.384 66.3474 2.5
      vertex 133.228 67.4853 1
    endloop
  endfacet
  facet normal 0.368733 0.629544 0.683894
    outer loop
      vertex 132.384 66.3474 2.5
      vertex 133.112 67.5505 1
      vertex 132.377 66.3515 2.5
    endloop
  endfacet
  facet normal -0.685301 0.251174 0.683575
    outer loop
      vertex 136.87 67.8113 2.5
      vertex 136.951 68.0323 2.5
      vertex 135.571 68.3494 1
    endloop
  endfacet
  facet normal -0.572842 -0.45208 0.683722
    outer loop
      vertex 136.513 70.8258 2.5
      vertex 136.367 71.0108 2.5
      vertex 135.375 69.9992 1
    endloop
  endfacet
  facet normal -0.724518 -0.0872913 0.683706
    outer loop
      vertex 135.679 69.2659 1
      vertex 137.069 69.4776 2.5
      vertex 137.068 69.4859 2.5
    endloop
  endfacet
  facet normal -0.724491 -0.0874858 0.683709
    outer loop
      vertex 137.069 69.4776 2.5
      vertex 135.679 69.2659 1
      vertex 135.695 69.1334 1
    endloop
  endfacet
  facet normal -0.575092 0.449548 0.683503
    outer loop
      vertex 135.293 67.8959 1
      vertex 136.367 66.9892 2.5
      vertex 135.375 68.0008 1
    endloop
  endfacet
  facet normal -0.578662 0.445124 0.683385
    outer loop
      vertex 136.367 66.9892 2.5
      vertex 135.293 67.8959 1
      vertex 136.362 66.9827 2.5
    endloop
  endfacet
  facet normal -0.368733 0.629544 0.683894
    outer loop
      vertex 134.888 67.5505 1
      vertex 135.616 66.3474 2.5
      vertex 135.623 66.3515 2.5
    endloop
  endfacet
  facet normal -0.357546 0.636125 0.683744
    outer loop
      vertex 135.616 66.3474 2.5
      vertex 134.888 67.5505 1
      vertex 134.772 67.4853 1
    endloop
  endfacet
  facet normal 0.71123 -0.173471 0.681219
    outer loop
      vertex 130.932 69.4859 2.5
      vertex 132.347 69.3969 1
      vertex 130.934 69.4941 2.5
    endloop
  endfacet
  facet normal 0.715817 -0.14207 0.683683
    outer loop
      vertex 132.347 69.3969 1
      vertex 130.932 69.4859 2.5
      vertex 132.321 69.2659 1
    endloop
  endfacet
  facet normal -0.524771 -0.507843 0.683162
    outer loop
      vertex 136.356 71.0235 2.5
      vertex 135.293 70.1041 1
      vertex 136.362 71.0173 2.5
    endloop
  endfacet
  facet normal -0.5349 -0.496692 0.683505
    outer loop
      vertex 135.293 70.1041 1
      vertex 136.356 71.0235 2.5
      vertex 135.202 70.2021 1
    endloop
  endfacet
  facet normal -0.681908 -0.262272 0.682799
    outer loop
      vertex 135.571 69.6506 1
      vertex 136.954 69.9599 2.5
      vertex 136.951 69.9677 2.5
    endloop
  endfacet
  facet normal -0.68516 -0.251535 0.683584
    outer loop
      vertex 136.954 69.9599 2.5
      vertex 135.571 69.6506 1
      vertex 135.617 69.5253 1
    endloop
  endfacet
  facet normal 0.252517 -0.684738 0.683644
    outer loop
      vertex 133.349 70.5706 1
      vertex 133.032 71.9513 2.5
      vertex 132.811 71.8698 2.5
    endloop
  endfacet
  facet normal -0.305414 0.662866 0.683616
    outer loop
      vertex 135.196 66.1337 2.5
      vertex 135.41 66.2323 2.5
      vertex 134.772 67.4853 1
    endloop
  endfacet
  facet normal 0.305414 0.662866 0.683616
    outer loop
      vertex 132.804 66.1337 2.5
      vertex 133.228 67.4853 1
      vertex 132.59 66.2323 2.5
    endloop
  endfacet
  facet normal 0.535693 -0.495725 0.683586
    outer loop
      vertex 132.798 70.2021 1
      vertex 131.804 71.1964 2.5
      vertex 131.644 71.0235 2.5
    endloop
  endfacet
  facet normal -0.142532 -0.715756 0.68365
    outer loop
      vertex 134.725 72.0204 2.5
      vertex 134.494 72.0664 2.5
      vertex 134.397 70.653 1
    endloop
  endfacet
  facet normal -0.646897 -0.340472 0.682351
    outer loop
      vertex 136.866 70.1963 2.5
      vertex 135.571 69.6506 1
      vertex 136.87 70.1887 2.5
    endloop
  endfacet
  facet normal -0.662655 -0.306177 0.683479
    outer loop
      vertex 135.571 69.6506 1
      vertex 136.866 70.1963 2.5
      vertex 135.515 69.7718 1
    endloop
  endfacet
  facet normal -0.495471 0.53594 0.683576
    outer loop
      vertex 135.104 67.7073 1
      vertex 136.023 66.6437 2.5
      vertex 135.202 67.7979 1
    endloop
  endfacet
  facet normal -0.502833 0.529298 0.683376
    outer loop
      vertex 136.023 66.6437 2.5
      vertex 135.104 67.7073 1
      vertex 136.017 66.638 2.5
    endloop
  endfacet
  facet normal -0.251217 -0.685138 0.683722
    outer loop
      vertex 134.651 70.5706 1
      vertex 134.96 71.9542 2.5
      vertex 134.525 70.6168 1
    endloop
  endfacet
  facet normal -0.24864 -0.685903 0.683897
    outer loop
      vertex 134.96 71.9542 2.5
      vertex 134.651 70.5706 1
      vertex 134.968 71.9513 2.5
    endloop
  endfacet
  facet normal 0.685301 -0.251174 0.683575
    outer loop
      vertex 132.429 69.6506 1
      vertex 131.13 70.1887 2.5
      vertex 131.049 69.9677 2.5
    endloop
  endfacet
  facet normal -0.724625 0.0867444 0.683662
    outer loop
      vertex 137.069 68.5224 2.5
      vertex 137.097 68.7563 2.5
      vertex 135.695 68.8666 1
    endloop
  endfacet
  facet normal -0.707386 -0.174663 0.684907
    outer loop
      vertex 135.617 69.5253 1
      vertex 137.02 69.7251 2.5
      vertex 137.018 69.7332 2.5
    endloop
  endfacet
  facet normal -0.702778 -0.197041 0.683577
    outer loop
      vertex 137.02 69.7251 2.5
      vertex 135.617 69.5253 1
      vertex 135.653 69.3969 1
    endloop
  endfacet
  facet normal -0.326651 -0.653302 0.683005
    outer loop
      vertex 134.651 70.5706 1
      vertex 135.196 71.8663 2.5
      vertex 135.189 71.8698 2.5
    endloop
  endfacet
  facet normal -0.306108 -0.662595 0.683569
    outer loop
      vertex 135.196 71.8663 2.5
      vertex 134.651 70.5706 1
      vertex 134.772 70.5147 1
    endloop
  endfacet
  facet normal 0.198032 -0.702395 0.683685
    outer loop
      vertex 133.475 70.6168 1
      vertex 133.267 72.0182 2.5
      vertex 133.04 71.9542 2.5
    endloop
  endfacet
  facet normal 0.724625 -0.0867444 0.683662
    outer loop
      vertex 132.305 69.1334 1
      vertex 130.931 69.4776 2.5
      vertex 130.903 69.2437 2.5
    endloop
  endfacet
  facet normal -0.198614 -0.702283 0.683631
    outer loop
      vertex 134.525 70.6168 1
      vertex 134.725 72.0204 2.5
      vertex 134.397 70.653 1
    endloop
  endfacet
  facet normal -0.193433 -0.703391 0.683977
    outer loop
      vertex 134.725 72.0204 2.5
      vertex 134.525 70.6168 1
      vertex 134.733 72.0182 2.5
    endloop
  endfacet
  facet normal -0.590689 -0.428035 0.684012
    outer loop
      vertex 135.375 69.9992 1
      vertex 136.518 70.8189 2.5
      vertex 136.513 70.8258 2.5
    endloop
  endfacet
  facet normal -0.607118 -0.404746 0.683804
    outer loop
      vertex 136.518 70.8189 2.5
      vertex 135.375 69.9992 1
      vertex 135.449 69.8882 1
    endloop
  endfacet
  facet normal 0.193433 -0.703391 0.683977
    outer loop
      vertex 133.475 70.6168 1
      vertex 133.275 72.0204 2.5
      vertex 133.267 72.0182 2.5
    endloop
  endfacet
  facet normal 0.198614 -0.702283 0.683631
    outer loop
      vertex 133.275 72.0204 2.5
      vertex 133.475 70.6168 1
      vertex 133.603 70.653 1
    endloop
  endfacet
  facet normal -0.305414 -0.662866 0.683616
    outer loop
      vertex 135.41 71.7677 2.5
      vertex 135.196 71.8663 2.5
      vertex 134.772 70.5147 1
    endloop
  endfacet
  facet normal 0.40555 -0.606685 0.683712
    outer loop
      vertex 132.181 71.5176 2.5
      vertex 133.001 70.3753 1
      vertex 133.112 70.4495 1
    endloop
  endfacet
  facet normal 0.400819 -0.609941 0.683605
    outer loop
      vertex 133.001 70.3753 1
      vertex 132.181 71.5176 2.5
      vertex 132.174 71.513 2.5
    endloop
  endfacet
  facet normal 0.729262 0.0278817 0.683667
    outer loop
      vertex 130.903 68.7563 2.5
      vertex 132.305 68.8666 1
      vertex 130.894 68.9917 2.5
    endloop
  endfacet
  facet normal 0.662655 -0.306177 0.683479
    outer loop
      vertex 131.134 70.1963 2.5
      vertex 132.429 69.6506 1
      vertex 132.485 69.7718 1
    endloop
  endfacet
  facet normal 0.646897 -0.340472 0.682351
    outer loop
      vertex 132.429 69.6506 1
      vertex 131.134 70.1963 2.5
      vertex 131.13 70.1887 2.5
    endloop
  endfacet
  facet normal -0.606495 0.405568 0.68387
    outer loop
      vertex 136.518 67.1811 2.5
      vertex 136.649 67.377 2.5
      vertex 135.449 68.1118 1
    endloop
  endfacet
  facet normal -0.535693 0.495725 0.683586
    outer loop
      vertex 136.196 66.8036 2.5
      vertex 136.356 66.9765 2.5
      vertex 135.202 67.7979 1
    endloop
  endfacet
  facet normal -0.0857901 0.724725 0.683677
    outer loop
      vertex 134.244 65.9033 2.5
      vertex 134.478 65.931 2.5
      vertex 134.133 67.3052 1
    endloop
  endfacet
  facet normal 0.451691 0.573133 0.683735
    outer loop
      vertex 132.174 66.487 2.5
      vertex 133.001 67.6247 1
      vertex 131.989 66.6328 2.5
    endloop
  endfacet
  facet normal 0.142532 -0.715756 0.68365
    outer loop
      vertex 133.603 70.653 1
      vertex 133.506 72.0664 2.5
      vertex 133.275 72.0204 2.5
    endloop
  endfacet
  facet normal -0.0273479 -0.729276 0.683672
    outer loop
      vertex 134 70.7 1
      vertex 134.008 72.1059 2.5
      vertex 134 72.1062 2.5
    endloop
  endfacet
  facet normal -0.028512 -0.72925 0.683653
    outer loop
      vertex 134.008 72.1059 2.5
      vertex 134 70.7 1
      vertex 134.133 70.6948 1
    endloop
  endfacet
  facet normal 0.502833 -0.529298 0.683376
    outer loop
      vertex 131.977 71.3563 2.5
      vertex 132.896 70.2927 1
      vertex 131.983 71.362 2.5
    endloop
  endfacet
  facet normal 0.495471 -0.53594 0.683576
    outer loop
      vertex 132.896 70.2927 1
      vertex 131.977 71.3563 2.5
      vertex 132.798 70.2021 1
    endloop
  endfacet
  facet normal 0.606495 -0.405568 0.68387
    outer loop
      vertex 132.551 69.8882 1
      vertex 131.482 70.8189 2.5
      vertex 131.351 70.623 2.5
    endloop
  endfacet
  facet normal -0.198032 -0.702395 0.683685
    outer loop
      vertex 134.96 71.9542 2.5
      vertex 134.733 72.0182 2.5
      vertex 134.525 70.6168 1
    endloop
  endfacet
  facet normal 0.0857901 0.724725 0.683677
    outer loop
      vertex 133.756 65.9033 2.5
      vertex 133.867 67.3052 1
      vertex 133.522 65.931 2.5
    endloop
  endfacet
  facet normal -0.729262 -0.0278817 0.683667
    outer loop
      vertex 137.106 69.0083 2.5
      vertex 137.097 69.2437 2.5
      vertex 135.695 69.1334 1
    endloop
  endfacet
  facet normal -0.252517 -0.684738 0.683644
    outer loop
      vertex 135.189 71.8698 2.5
      vertex 134.968 71.9513 2.5
      vertex 134.651 70.5706 1
    endloop
  endfacet
  facet normal -0.702437 -0.198306 0.683562
    outer loop
      vertex 137.018 69.7332 2.5
      vertex 136.954 69.9599 2.5
      vertex 135.617 69.5253 1
    endloop
  endfacet
  facet normal 0.028512 -0.72925 0.683653
    outer loop
      vertex 134 70.7 1
      vertex 133.992 72.1059 2.5
      vertex 133.867 70.6948 1
    endloop
  endfacet
  facet normal 0.0273479 -0.729276 0.683672
    outer loop
      vertex 133.992 72.1059 2.5
      vertex 134 70.7 1
      vertex 134 72.1062 2.5
    endloop
  endfacet
  facet normal 0.495407 0.535993 0.683581
    outer loop
      vertex 131.977 66.6437 2.5
      vertex 132.798 67.7979 1
      vertex 131.804 66.8036 2.5
    endloop
  endfacet
  facet normal -0.0855552 -0.724767 0.683661
    outer loop
      vertex 134.266 70.6791 1
      vertex 134.478 72.069 2.5
      vertex 134.133 70.6948 1
    endloop
  endfacet
  facet normal -0.0905117 -0.724093 0.683737
    outer loop
      vertex 134.478 72.069 2.5
      vertex 134.266 70.6791 1
      vertex 134.486 72.068 2.5
    endloop
  endfacet
  facet normal 0.405304 -0.606872 0.683692
    outer loop
      vertex 133.112 70.4495 1
      vertex 132.377 71.6485 2.5
      vertex 132.181 71.5176 2.5
    endloop
  endfacet
  facet normal 0.451205 -0.573566 0.683693
    outer loop
      vertex 131.989 71.3672 2.5
      vertex 132.896 70.2927 1
      vertex 133.001 70.3753 1
    endloop
  endfacet
  facet normal 0.477834 -0.551347 0.683879
    outer loop
      vertex 132.896 70.2927 1
      vertex 131.989 71.3672 2.5
      vertex 131.983 71.362 2.5
    endloop
  endfacet
  facet normal 0.535693 0.495725 0.683586
    outer loop
      vertex 131.804 66.8036 2.5
      vertex 132.798 67.7979 1
      vertex 131.644 66.9765 2.5
    endloop
  endfacet
  facet normal 0.251217 0.685138 0.683722
    outer loop
      vertex 133.349 67.4294 1
      vertex 133.04 66.0458 2.5
      vertex 133.475 67.3832 1
    endloop
  endfacet
  facet normal 0.24864 0.685903 0.683897
    outer loop
      vertex 133.04 66.0458 2.5
      vertex 133.349 67.4294 1
      vertex 133.032 66.0487 2.5
    endloop
  endfacet
  facet normal 0.0855552 0.724767 0.683661
    outer loop
      vertex 133.734 67.3209 1
      vertex 133.522 65.931 2.5
      vertex 133.867 67.3052 1
    endloop
  endfacet
  facet normal 0.0905117 0.724093 0.683737
    outer loop
      vertex 133.522 65.931 2.5
      vertex 133.734 67.3209 1
      vertex 133.514 65.932 2.5
    endloop
  endfacet
  facet normal -0.702778 0.197041 0.683577
    outer loop
      vertex 135.617 68.4747 1
      vertex 137.02 68.2749 2.5
      vertex 135.653 68.6031 1
    endloop
  endfacet
  facet normal -0.707386 0.174663 0.684907
    outer loop
      vertex 137.02 68.2749 2.5
      vertex 135.617 68.4747 1
      vertex 137.018 68.2668 2.5
    endloop
  endfacet
  facet normal -0.606495 -0.405568 0.68387
    outer loop
      vertex 136.649 70.623 2.5
      vertex 136.518 70.8189 2.5
      vertex 135.449 69.8882 1
    endloop
  endfacet
  facet normal -0.578662 -0.445124 0.683385
    outer loop
      vertex 135.293 70.1041 1
      vertex 136.367 71.0108 2.5
      vertex 136.362 71.0173 2.5
    endloop
  endfacet
  facet normal -0.575092 -0.449548 0.683503
    outer loop
      vertex 136.367 71.0108 2.5
      vertex 135.293 70.1041 1
      vertex 135.375 69.9992 1
    endloop
  endfacet
  facet normal 0.681908 -0.262272 0.682799
    outer loop
      vertex 131.046 69.9599 2.5
      vertex 132.429 69.6506 1
      vertex 131.049 69.9677 2.5
    endloop
  endfacet
  facet normal 0.68516 -0.251535 0.683584
    outer loop
      vertex 132.429 69.6506 1
      vertex 131.046 69.9599 2.5
      vertex 132.383 69.5253 1
    endloop
  endfacet
  facet normal 0.702437 -0.198306 0.683562
    outer loop
      vertex 132.383 69.5253 1
      vertex 131.046 69.9599 2.5
      vertex 130.982 69.7332 2.5
    endloop
  endfacet
  facet normal 0.590689 -0.428035 0.684012
    outer loop
      vertex 131.482 70.8189 2.5
      vertex 132.625 69.9992 1
      vertex 131.487 70.8258 2.5
    endloop
  endfacet
  facet normal 0.607118 -0.404746 0.683804
    outer loop
      vertex 132.625 69.9992 1
      vertex 131.482 70.8189 2.5
      vertex 132.551 69.8882 1
    endloop
  endfacet
  facet normal -0.355986 0.637126 0.683626
    outer loop
      vertex 135.41 66.2323 2.5
      vertex 135.616 66.3474 2.5
      vertex 134.772 67.4853 1
    endloop
  endfacet
  facet normal -0.193433 0.703391 0.683977
    outer loop
      vertex 134.525 67.3832 1
      vertex 134.725 65.9796 2.5
      vertex 134.733 65.9818 2.5
    endloop
  endfacet
  facet normal -0.198614 0.702283 0.683631
    outer loop
      vertex 134.725 65.9796 2.5
      vertex 134.525 67.3832 1
      vertex 134.397 67.347 1
    endloop
  endfacet
  facet normal -0.495407 -0.535993 0.683581
    outer loop
      vertex 136.196 71.1964 2.5
      vertex 136.023 71.3563 2.5
      vertex 135.202 70.2021 1
    endloop
  endfacet
  facet normal -0.306108 0.662595 0.683569
    outer loop
      vertex 134.651 67.4294 1
      vertex 135.196 66.1337 2.5
      vertex 134.772 67.4853 1
    endloop
  endfacet
  facet normal -0.326651 0.653302 0.683005
    outer loop
      vertex 135.196 66.1337 2.5
      vertex 134.651 67.4294 1
      vertex 135.189 66.1302 2.5
    endloop
  endfacet
  facet normal -0.0905117 0.724093 0.683737
    outer loop
      vertex 134.266 67.3209 1
      vertex 134.478 65.931 2.5
      vertex 134.486 65.932 2.5
    endloop
  endfacet
  facet normal -0.0855552 0.724767 0.683661
    outer loop
      vertex 134.478 65.931 2.5
      vertex 134.266 67.3209 1
      vertex 134.133 67.3052 1
    endloop
  endfacet
  facet normal -0.607118 0.404746 0.683804
    outer loop
      vertex 135.375 68.0008 1
      vertex 136.518 67.1811 2.5
      vertex 135.449 68.1118 1
    endloop
  endfacet
  facet normal -0.590689 0.428035 0.684012
    outer loop
      vertex 136.518 67.1811 2.5
      vertex 135.375 68.0008 1
      vertex 136.513 67.1742 2.5
    endloop
  endfacet
  facet normal 0.729598 0 0.683876
    outer loop
      vertex 132.3 69 1
      vertex 130.894 69.0083 2.5
      vertex 130.894 69 2.5
    endloop
  endfacet
  facet normal 0.72925 -0.0273332 0.683701
    outer loop
      vertex 130.894 69.0083 2.5
      vertex 132.3 69 1
      vertex 132.305 69.1334 1
    endloop
  endfacet
  facet normal -0.524771 0.507843 0.683162
    outer loop
      vertex 135.293 67.8959 1
      vertex 136.356 66.9765 2.5
      vertex 136.362 66.9827 2.5
    endloop
  endfacet
  facet normal -0.5349 0.496692 0.683505
    outer loop
      vertex 136.356 66.9765 2.5
      vertex 135.293 67.8959 1
      vertex 135.202 67.7979 1
    endloop
  endfacet
  facet normal 0.252517 0.684738 0.683644
    outer loop
      vertex 133.032 66.0487 2.5
      vertex 133.349 67.4294 1
      vertex 132.811 66.1302 2.5
    endloop
  endfacet
  facet normal 0.495407 -0.535993 0.683581
    outer loop
      vertex 132.798 70.2021 1
      vertex 131.977 71.3563 2.5
      vertex 131.804 71.1964 2.5
    endloop
  endfacet
  facet normal 0.451691 -0.573133 0.683735
    outer loop
      vertex 133.001 70.3753 1
      vertex 132.174 71.513 2.5
      vertex 131.989 71.3672 2.5
    endloop
  endfacet
  facet normal 0.702437 0.198306 0.683562
    outer loop
      vertex 131.046 68.0401 2.5
      vertex 132.383 68.4747 1
      vertex 130.982 68.2668 2.5
    endloop
  endfacet
  facet normal 0.355986 -0.637126 0.683626
    outer loop
      vertex 133.228 70.5147 1
      vertex 132.59 71.7677 2.5
      vertex 132.384 71.6526 2.5
    endloop
  endfacet
  facet normal 0.24864 -0.685903 0.683897
    outer loop
      vertex 133.349 70.5706 1
      vertex 133.04 71.9542 2.5
      vertex 133.032 71.9513 2.5
    endloop
  endfacet
  facet normal 0.251217 -0.685138 0.683722
    outer loop
      vertex 133.04 71.9542 2.5
      vertex 133.349 70.5706 1
      vertex 133.475 70.6168 1
    endloop
  endfacet
  facet normal 0.451205 0.573566 0.683693
    outer loop
      vertex 132.896 67.7073 1
      vertex 131.989 66.6328 2.5
      vertex 133.001 67.6247 1
    endloop
  endfacet
  facet normal 0.477834 0.551347 0.683879
    outer loop
      vertex 131.989 66.6328 2.5
      vertex 132.896 67.7073 1
      vertex 131.983 66.638 2.5
    endloop
  endfacet
  facet normal -0.0284283 0.729248 0.683659
    outer loop
      vertex 134.244 65.9033 2.5
      vertex 134.133 67.3052 1
      vertex 134.008 65.8941 2.5
    endloop
  endfacet
  facet normal 0.495471 0.53594 0.683576
    outer loop
      vertex 131.977 66.6437 2.5
      vertex 132.896 67.7073 1
      vertex 132.798 67.7979 1
    endloop
  endfacet
  facet normal 0.502833 0.529298 0.683376
    outer loop
      vertex 132.896 67.7073 1
      vertex 131.977 66.6437 2.5
      vertex 131.983 66.638 2.5
    endloop
  endfacet
  facet normal 0.71584 0.142548 0.683559
    outer loop
      vertex 130.98 68.2749 2.5
      vertex 132.347 68.6031 1
      vertex 130.934 68.5059 2.5
    endloop
  endfacet
  facet normal -0.0284283 -0.729248 0.683659
    outer loop
      vertex 134.133 70.6948 1
      vertex 134.244 72.0967 2.5
      vertex 134.008 72.1059 2.5
    endloop
  endfacet
  facet normal 0.355986 0.637126 0.683626
    outer loop
      vertex 132.59 66.2323 2.5
      vertex 133.228 67.4853 1
      vertex 132.384 66.3474 2.5
    endloop
  endfacet
  facet normal 0.143135 -0.715673 0.683611
    outer loop
      vertex 133.603 70.653 1
      vertex 133.514 72.068 2.5
      vertex 133.506 72.0664 2.5
    endloop
  endfacet
  facet normal 0.142603 -0.715745 0.683647
    outer loop
      vertex 133.514 72.068 2.5
      vertex 133.603 70.653 1
      vertex 133.734 70.6791 1
    endloop
  endfacet
  facet normal 0.724518 -0.0872913 0.683706
    outer loop
      vertex 130.931 69.4776 2.5
      vertex 132.321 69.2659 1
      vertex 130.932 69.4859 2.5
    endloop
  endfacet
  facet normal 0.724491 -0.0874858 0.683709
    outer loop
      vertex 132.321 69.2659 1
      vertex 130.931 69.4776 2.5
      vertex 132.305 69.1334 1
    endloop
  endfacet
  facet normal 0.0284283 -0.729248 0.683659
    outer loop
      vertex 133.867 70.6948 1
      vertex 133.992 72.1059 2.5
      vertex 133.756 72.0967 2.5
    endloop
  endfacet
  facet normal 0.0857901 -0.724725 0.683677
    outer loop
      vertex 133.867 70.6948 1
      vertex 133.756 72.0967 2.5
      vertex 133.522 72.069 2.5
    endloop
  endfacet
  facet normal 0.0905117 -0.724093 0.683737
    outer loop
      vertex 133.734 70.6791 1
      vertex 133.522 72.069 2.5
      vertex 133.514 72.068 2.5
    endloop
  endfacet
  facet normal 0.0855552 -0.724767 0.683661
    outer loop
      vertex 133.522 72.069 2.5
      vertex 133.734 70.6791 1
      vertex 133.867 70.6948 1
    endloop
  endfacet
  facet normal 0.572842 0.45208 0.683722
    outer loop
      vertex 131.633 66.9892 2.5
      vertex 132.625 68.0008 1
      vertex 131.487 67.1742 2.5
    endloop
  endfacet
  facet normal -0.685301 -0.251174 0.683575
    outer loop
      vertex 136.951 69.9677 2.5
      vertex 136.87 70.1887 2.5
      vertex 135.571 69.6506 1
    endloop
  endfacet
  facet normal -0.724491 0.0874858 0.683709
    outer loop
      vertex 135.679 68.7341 1
      vertex 137.069 68.5224 2.5
      vertex 135.695 68.8666 1
    endloop
  endfacet
  facet normal -0.724518 0.0872913 0.683706
    outer loop
      vertex 137.069 68.5224 2.5
      vertex 135.679 68.7341 1
      vertex 137.068 68.5141 2.5
    endloop
  endfacet
  facet normal -0.715817 0.14207 0.683683
    outer loop
      vertex 135.653 68.6031 1
      vertex 137.068 68.5141 2.5
      vertex 135.679 68.7341 1
    endloop
  endfacet
  facet normal -0.71123 0.173471 0.681219
    outer loop
      vertex 137.068 68.5141 2.5
      vertex 135.653 68.6031 1
      vertex 137.066 68.5059 2.5
    endloop
  endfacet
  facet normal 0.575092 0.449548 0.683503
    outer loop
      vertex 131.633 66.9892 2.5
      vertex 132.707 67.8959 1
      vertex 132.625 68.0008 1
    endloop
  endfacet
  facet normal 0.578662 0.445124 0.683385
    outer loop
      vertex 132.707 67.8959 1
      vertex 131.633 66.9892 2.5
      vertex 131.638 66.9827 2.5
    endloop
  endfacet
  facet normal -0.663507 -0.303991 0.683628
    outer loop
      vertex 136.866 70.1963 2.5
      vertex 136.768 70.4102 2.5
      vertex 135.515 69.7718 1
    endloop
  endfacet
  facet normal 0.724491 0.0874858 0.683709
    outer loop
      vertex 130.931 68.5224 2.5
      vertex 132.321 68.7341 1
      vertex 132.305 68.8666 1
    endloop
  endfacet
  facet normal 0.724518 0.0872913 0.683706
    outer loop
      vertex 132.321 68.7341 1
      vertex 130.931 68.5224 2.5
      vertex 130.932 68.5141 2.5
    endloop
  endfacet
  facet normal -0.400819 -0.609941 0.683605
    outer loop
      vertex 135.819 71.5176 2.5
      vertex 134.999 70.3753 1
      vertex 135.826 71.513 2.5
    endloop
  endfacet
  facet normal -0.40555 -0.606685 0.683712
    outer loop
      vertex 134.999 70.3753 1
      vertex 135.819 71.5176 2.5
      vertex 134.888 70.4495 1
    endloop
  endfacet
  facet normal -0.028512 0.72925 0.683653
    outer loop
      vertex 134 67.3 1
      vertex 134.008 65.8941 2.5
      vertex 134.133 67.3052 1
    endloop
  endfacet
  facet normal -0.036452 0.72904 0.6835
    outer loop
      vertex 134.008 65.8941 2.5
      vertex 134 67.3 1
      vertex 134 65.8937 2.5
    endloop
  endfacet
  facet normal 0.036452 0.72904 0.6835
    outer loop
      vertex 134 67.3 1
      vertex 133.992 65.8941 2.5
      vertex 134 65.8937 2.5
    endloop
  endfacet
  facet normal 0.028512 0.72925 0.683653
    outer loop
      vertex 133.992 65.8941 2.5
      vertex 134 67.3 1
      vertex 133.867 67.3052 1
    endloop
  endfacet
  facet normal -0.142532 0.715756 0.68365
    outer loop
      vertex 134.494 65.9336 2.5
      vertex 134.725 65.9796 2.5
      vertex 134.397 67.347 1
    endloop
  endfacet
  facet normal -0.451691 0.573133 0.683735
    outer loop
      vertex 135.826 66.487 2.5
      vertex 136.011 66.6328 2.5
      vertex 134.999 67.6247 1
    endloop
  endfacet
  facet normal -0.400819 0.609941 0.683605
    outer loop
      vertex 134.999 67.6247 1
      vertex 135.819 66.4824 2.5
      vertex 135.826 66.487 2.5
    endloop
  endfacet
  facet normal -0.40555 0.606685 0.683712
    outer loop
      vertex 135.819 66.4824 2.5
      vertex 134.999 67.6247 1
      vertex 134.888 67.5505 1
    endloop
  endfacet
  facet normal -0.24864 0.685903 0.683897
    outer loop
      vertex 134.651 67.4294 1
      vertex 134.96 66.0458 2.5
      vertex 134.968 66.0487 2.5
    endloop
  endfacet
  facet normal -0.251217 0.685138 0.683722
    outer loop
      vertex 134.96 66.0458 2.5
      vertex 134.651 67.4294 1
      vertex 134.525 67.3832 1
    endloop
  endfacet
  facet normal -0.198032 0.702395 0.683685
    outer loop
      vertex 134.733 65.9818 2.5
      vertex 134.96 66.0458 2.5
      vertex 134.525 67.3832 1
    endloop
  endfacet
  facet normal 0.305414 -0.662866 0.683616
    outer loop
      vertex 133.228 70.5147 1
      vertex 132.804 71.8663 2.5
      vertex 132.59 71.7677 2.5
    endloop
  endfacet
  facet normal 0.729598 -0 0.683876
    outer loop
      vertex 130.894 68.9917 2.5
      vertex 132.3 69 1
      vertex 130.894 69 2.5
    endloop
  endfacet
  facet normal 0.72925 0.0273332 0.683701
    outer loop
      vertex 132.3 69 1
      vertex 130.894 68.9917 2.5
      vertex 132.305 68.8666 1
    endloop
  endfacet
  facet normal 0.607118 0.404746 0.683804
    outer loop
      vertex 131.482 67.1811 2.5
      vertex 132.625 68.0008 1
      vertex 132.551 68.1118 1
    endloop
  endfacet
  facet normal 0.590689 0.428035 0.684012
    outer loop
      vertex 132.625 68.0008 1
      vertex 131.482 67.1811 2.5
      vertex 131.487 67.1742 2.5
    endloop
  endfacet
  facet normal -0.142603 -0.715745 0.683647
    outer loop
      vertex 134.397 70.653 1
      vertex 134.486 72.068 2.5
      vertex 134.266 70.6791 1
    endloop
  endfacet
  facet normal -0.143135 -0.715673 0.683611
    outer loop
      vertex 134.486 72.068 2.5
      vertex 134.397 70.653 1
      vertex 134.494 72.0664 2.5
    endloop
  endfacet
  facet normal 0.685301 0.251174 0.683575
    outer loop
      vertex 131.13 67.8113 2.5
      vertex 132.429 68.3494 1
      vertex 131.049 68.0323 2.5
    endloop
  endfacet
  facet normal 0.606495 0.405568 0.68387
    outer loop
      vertex 131.482 67.1811 2.5
      vertex 132.551 68.1118 1
      vertex 131.351 67.377 2.5
    endloop
  endfacet
  facet normal 0.40555 0.606685 0.683712
    outer loop
      vertex 133.001 67.6247 1
      vertex 132.181 66.4824 2.5
      vertex 133.112 67.5505 1
    endloop
  endfacet
  facet normal 0.400819 0.609941 0.683605
    outer loop
      vertex 132.181 66.4824 2.5
      vertex 133.001 67.6247 1
      vertex 132.174 66.487 2.5
    endloop
  endfacet
  facet normal 0.0284283 0.729248 0.683659
    outer loop
      vertex 133.992 65.8941 2.5
      vertex 133.867 67.3052 1
      vertex 133.756 65.9033 2.5
    endloop
  endfacet
  facet normal 0.715817 0.14207 0.683683
    outer loop
      vertex 130.932 68.5141 2.5
      vertex 132.347 68.6031 1
      vertex 132.321 68.7341 1
    endloop
  endfacet
  facet normal 0.71123 0.173471 0.681219
    outer loop
      vertex 132.347 68.6031 1
      vertex 130.932 68.5141 2.5
      vertex 130.934 68.5059 2.5
    endloop
  endfacet
  facet normal 0.572842 -0.45208 0.683722
    outer loop
      vertex 132.625 69.9992 1
      vertex 131.633 71.0108 2.5
      vertex 131.487 70.8258 2.5
    endloop
  endfacet
  facet normal 0.405304 0.606872 0.683692
    outer loop
      vertex 132.377 66.3515 2.5
      vertex 133.112 67.5505 1
      vertex 132.181 66.4824 2.5
    endloop
  endfacet
  facet normal 0.5349 -0.496692 0.683505
    outer loop
      vertex 131.644 71.0235 2.5
      vertex 132.707 70.1041 1
      vertex 132.798 70.2021 1
    endloop
  endfacet
  facet normal 0.524771 -0.507843 0.683162
    outer loop
      vertex 132.707 70.1041 1
      vertex 131.644 71.0235 2.5
      vertex 131.638 71.0173 2.5
    endloop
  endfacet
  facet normal -0.634634 0.359844 0.683924
    outer loop
      vertex 135.449 68.1118 1
      vertex 136.653 67.3843 2.5
      vertex 135.515 68.2282 1
    endloop
  endfacet
  facet normal -0.639953 0.350659 0.683739
    outer loop
      vertex 136.653 67.3843 2.5
      vertex 135.449 68.1118 1
      vertex 136.649 67.377 2.5
    endloop
  endfacet
  facet normal -0.143135 0.715673 0.683611
    outer loop
      vertex 134.397 67.347 1
      vertex 134.486 65.932 2.5
      vertex 134.494 65.9336 2.5
    endloop
  endfacet
  facet normal -0.142603 0.715745 0.683647
    outer loop
      vertex 134.486 65.932 2.5
      vertex 134.397 67.347 1
      vertex 134.266 67.3209 1
    endloop
  endfacet
  facet normal -0.636856 0.356391 0.683667
    outer loop
      vertex 136.653 67.3843 2.5
      vertex 136.768 67.5898 2.5
      vertex 135.515 68.2282 1
    endloop
  endfacet
  facet normal -0.663507 0.303991 0.683628
    outer loop
      vertex 136.768 67.5898 2.5
      vertex 136.866 67.8037 2.5
      vertex 135.515 68.2282 1
    endloop
  endfacet
  facet normal -0.355986 -0.637126 0.683626
    outer loop
      vertex 135.616 71.6526 2.5
      vertex 135.41 71.7677 2.5
      vertex 134.772 70.5147 1
    endloop
  endfacet
  facet normal 0.306108 0.662595 0.683569
    outer loop
      vertex 132.804 66.1337 2.5
      vertex 133.349 67.4294 1
      vertex 133.228 67.4853 1
    endloop
  endfacet
  facet normal 0.326651 0.653302 0.683005
    outer loop
      vertex 133.349 67.4294 1
      vertex 132.804 66.1337 2.5
      vertex 132.811 66.1302 2.5
    endloop
  endfacet
  facet normal 0.636856 0.356391 0.683667
    outer loop
      vertex 131.347 67.3843 2.5
      vertex 132.485 68.2282 1
      vertex 131.232 67.5898 2.5
    endloop
  endfacet
  facet normal -0.405304 -0.606872 0.683692
    outer loop
      vertex 135.819 71.5176 2.5
      vertex 135.623 71.6485 2.5
      vertex 134.888 70.4495 1
    endloop
  endfacet
  facet normal 0.724625 0.0867444 0.683662
    outer loop
      vertex 130.931 68.5224 2.5
      vertex 132.305 68.8666 1
      vertex 130.903 68.7563 2.5
    endloop
  endfacet
  facet normal -0.368733 -0.629544 0.683894
    outer loop
      vertex 135.616 71.6526 2.5
      vertex 134.888 70.4495 1
      vertex 135.623 71.6485 2.5
    endloop
  endfacet
  facet normal -0.357546 -0.636125 0.683744
    outer loop
      vertex 134.888 70.4495 1
      vertex 135.616 71.6526 2.5
      vertex 134.772 70.5147 1
    endloop
  endfacet
  facet normal 0.663507 -0.303991 0.683628
    outer loop
      vertex 132.485 69.7718 1
      vertex 131.232 70.4102 2.5
      vertex 131.134 70.1963 2.5
    endloop
  endfacet
  facet normal 0.142532 0.715756 0.68365
    outer loop
      vertex 133.506 65.9336 2.5
      vertex 133.603 67.347 1
      vertex 133.275 65.9796 2.5
    endloop
  endfacet
  facet normal 0.142603 0.715745 0.683647
    outer loop
      vertex 133.603 67.347 1
      vertex 133.514 65.932 2.5
      vertex 133.734 67.3209 1
    endloop
  endfacet
  facet normal 0.143135 0.715673 0.683611
    outer loop
      vertex 133.514 65.932 2.5
      vertex 133.603 67.347 1
      vertex 133.506 65.9336 2.5
    endloop
  endfacet
  facet normal 0.198614 0.702283 0.683631
    outer loop
      vertex 133.475 67.3832 1
      vertex 133.275 65.9796 2.5
      vertex 133.603 67.347 1
    endloop
  endfacet
  facet normal 0.193433 0.703391 0.683977
    outer loop
      vertex 133.275 65.9796 2.5
      vertex 133.475 67.3832 1
      vertex 133.267 65.9818 2.5
    endloop
  endfacet
  facet normal 0.357546 -0.636125 0.683744
    outer loop
      vertex 132.384 71.6526 2.5
      vertex 133.112 70.4495 1
      vertex 133.228 70.5147 1
    endloop
  endfacet
  facet normal 0.368733 -0.629544 0.683894
    outer loop
      vertex 133.112 70.4495 1
      vertex 132.384 71.6526 2.5
      vertex 132.377 71.6485 2.5
    endloop
  endfacet
  facet normal 0.636856 -0.356391 0.683667
    outer loop
      vertex 132.485 69.7718 1
      vertex 131.347 70.6157 2.5
      vertex 131.232 70.4102 2.5
    endloop
  endfacet
  facet normal 0.639953 -0.350659 0.683739
    outer loop
      vertex 131.347 70.6157 2.5
      vertex 132.551 69.8882 1
      vertex 131.351 70.623 2.5
    endloop
  endfacet
  facet normal 0.634634 -0.359844 0.683924
    outer loop
      vertex 132.551 69.8882 1
      vertex 131.347 70.6157 2.5
      vertex 132.485 69.7718 1
    endloop
  endfacet
  facet normal -0.477834 -0.551347 0.683879
    outer loop
      vertex 136.011 71.3672 2.5
      vertex 135.104 70.2927 1
      vertex 136.017 71.362 2.5
    endloop
  endfacet
  facet normal -0.451205 -0.573566 0.683693
    outer loop
      vertex 135.104 70.2927 1
      vertex 136.011 71.3672 2.5
      vertex 134.999 70.3753 1
    endloop
  endfacet
  facet normal -0.502833 -0.529298 0.683376
    outer loop
      vertex 135.104 70.2927 1
      vertex 136.023 71.3563 2.5
      vertex 136.017 71.362 2.5
    endloop
  endfacet
  facet normal -0.495471 -0.53594 0.683576
    outer loop
      vertex 136.023 71.3563 2.5
      vertex 135.104 70.2927 1
      vertex 135.202 70.2021 1
    endloop
  endfacet
  facet normal 0.662655 0.306177 0.683479
    outer loop
      vertex 132.429 68.3494 1
      vertex 131.134 67.8037 2.5
      vertex 132.485 68.2282 1
    endloop
  endfacet
  facet normal 0.646897 0.340472 0.682351
    outer loop
      vertex 131.134 67.8037 2.5
      vertex 132.429 68.3494 1
      vertex 131.13 67.8113 2.5
    endloop
  endfacet
  facet normal 0.326651 -0.653302 0.683005
    outer loop
      vertex 132.804 71.8663 2.5
      vertex 133.349 70.5706 1
      vertex 132.811 71.8698 2.5
    endloop
  endfacet
  facet normal 0.306108 -0.662595 0.683569
    outer loop
      vertex 133.349 70.5706 1
      vertex 132.804 71.8663 2.5
      vertex 133.228 70.5147 1
    endloop
  endfacet
  facet normal 0.634634 0.359844 0.683924
    outer loop
      vertex 131.347 67.3843 2.5
      vertex 132.551 68.1118 1
      vertex 132.485 68.2282 1
    endloop
  endfacet
  facet normal 0.639953 0.350659 0.683739
    outer loop
      vertex 132.551 68.1118 1
      vertex 131.347 67.3843 2.5
      vertex 131.351 67.377 2.5
    endloop
  endfacet
  facet normal -0.999229 -0.0392576 0
    outer loop
      vertex 0.0123301 3.68616 0
      vertex 0 4 2.5
      vertex 0 4 0
    endloop
  endfacet
  facet normal -0.999229 -0.0392576 0
    outer loop
      vertex 0 4 2.5
      vertex 0.0123301 3.68616 0
      vertex 0.0123301 3.68616 2.5
    endloop
  endfacet
  facet normal 0.27168 -0.962388 0
    outer loop
      vertex 136.934 0.110519 0
      vertex 137.236 0.195773 2.5
      vertex 136.934 0.110519 2.5
    endloop
  endfacet
  facet normal 0.27168 -0.962388 0
    outer loop
      vertex 137.236 0.195773 2.5
      vertex 136.934 0.110519 0
      vertex 137.236 0.195773 0
    endloop
  endfacet
  facet normal -0.195091 -0.980785 0
    outer loop
      vertex 3.06622 0.110519 0
      vertex 3.37426 0.0492458 2.5
      vertex 3.06622 0.110519 2.5
    endloop
  endfacet
  facet normal -0.195091 -0.980785 -0
    outer loop
      vertex 3.37426 0.0492458 2.5
      vertex 3.06622 0.110519 0
      vertex 3.37426 0.0492458 0
    endloop
  endfacet
  facet normal -0.346101 0.938197 0
    outer loop
      vertex 2.76393 74.8042 0
      vertex 2.46927 74.6955 2.5
      vertex 2.76393 74.8042 2.5
    endloop
  endfacet
  facet normal -0.346101 0.938197 0
    outer loop
      vertex 2.46927 74.6955 2.5
      vertex 2.76393 74.8042 0
      vertex 2.46927 74.6955 0
    endloop
  endfacet
  facet normal 0.907568 0.419905 0
    outer loop
      vertex 139.696 72.5307 2.5
      vertex 139.564 72.816 0
      vertex 139.564 72.816 2.5
    endloop
  endfacet
  facet normal 0.907568 0.419905 0
    outer loop
      vertex 139.564 72.816 0
      vertex 139.696 72.5307 2.5
      vertex 139.696 72.5307 0
    endloop
  endfacet
  facet normal 0 1 -0
    outer loop
      vertex 136 75 0
      vertex 4 75 2.5
      vertex 136 75 2.5
    endloop
  endfacet
  facet normal 0 1 0
    outer loop
      vertex 4 75 2.5
      vertex 136 75 0
      vertex 4 75 0
    endloop
  endfacet
  facet normal 0.679815 0.733384 -0
    outer loop
      vertex 138.828 73.8284 0
      vertex 138.598 74.0416 2.5
      vertex 138.828 73.8284 2.5
    endloop
  endfacet
  facet normal 0.679815 0.733384 0
    outer loop
      vertex 138.598 74.0416 2.5
      vertex 138.828 73.8284 0
      vertex 138.598 74.0416 0
    endloop
  endfacet
  facet normal -1 0 0
    outer loop
      vertex 0 4 0
      vertex 0 71 2.5
      vertex 0 71 0
    endloop
  endfacet
  facet normal -1 -0 0
    outer loop
      vertex 0 71 2.5
      vertex 0 4 0
      vertex 0 4 2.5
    endloop
  endfacet
  facet normal 0.99927 0.038213 0
    outer loop
      vertex 140 71 2.5
      vertex 139.988 71.3138 0
      vertex 139.988 71.3138 2.5
    endloop
  endfacet
  facet normal 0.99927 0.038213 0
    outer loop
      vertex 139.988 71.3138 0
      vertex 140 71 2.5
      vertex 140 71 0
    endloop
  endfacet
  facet normal -0.993068 -0.117537 0
    outer loop
      vertex 0.0492458 3.37426 0
      vertex 0.0123301 3.68616 2.5
      vertex 0.0123301 3.68616 0
    endloop
  endfacet
  facet normal -0.993068 -0.117537 0
    outer loop
      vertex 0.0123301 3.68616 2.5
      vertex 0.0492458 3.37426 0
      vertex 0.0492458 3.37426 2.5
    endloop
  endfacet
  facet normal -0.555566 -0.831472 0
    outer loop
      vertex 1.64886 0.763931 0
      vertex 1.91001 0.589438 2.5
      vertex 1.64886 0.763931 2.5
    endloop
  endfacet
  facet normal -0.555566 -0.831472 -0
    outer loop
      vertex 1.91001 0.589438 2.5
      vertex 1.64886 0.763931 0
      vertex 1.91001 0.589438 0
    endloop
  endfacet
  facet normal 0.980347 0.197279 0
    outer loop
      vertex 139.951 71.6257 2.5
      vertex 139.889 71.9338 0
      vertex 139.889 71.9338 2.5
    endloop
  endfacet
  facet normal 0.980347 0.197279 0
    outer loop
      vertex 139.889 71.9338 0
      vertex 139.951 71.6257 2.5
      vertex 139.951 71.6257 0
    endloop
  endfacet
  facet normal -0.908184 0.41857 0
    outer loop
      vertex 0.304482 72.5307 0
      vertex 0.435973 72.816 2.5
      vertex 0.435973 72.816 0
    endloop
  endfacet
  facet normal -0.908184 0.41857 0
    outer loop
      vertex 0.435973 72.816 2.5
      vertex 0.304482 72.5307 0
      vertex 0.304482 72.5307 2.5
    endloop
  endfacet
  facet normal 0.345775 -0.938318 0
    outer loop
      vertex 137.236 0.195773 0
      vertex 137.531 0.304482 2.5
      vertex 137.236 0.195773 2.5
    endloop
  endfacet
  facet normal 0.345775 -0.938318 0
    outer loop
      vertex 137.531 0.304482 2.5
      vertex 137.236 0.195773 0
      vertex 137.531 0.304482 0
    endloop
  endfacet
  facet normal -0.785375 0.61902 0
    outer loop
      vertex 0.763931 73.3511 0
      vertex 0.958376 73.5978 2.5
      vertex 0.958376 73.5978 0
    endloop
  endfacet
  facet normal -0.785375 0.61902 0
    outer loop
      vertex 0.958376 73.5978 2.5
      vertex 0.763931 73.3511 0
      vertex 0.763931 73.3511 2.5
    endloop
  endfacet
  facet normal -0.488623 -0.872495 0
    outer loop
      vertex 1.91001 0.589438 0
      vertex 2.18404 0.435973 2.5
      vertex 1.91001 0.589438 2.5
    endloop
  endfacet
  facet normal -0.488623 -0.872495 -0
    outer loop
      vertex 2.18404 0.435973 2.5
      vertex 1.91001 0.589438 0
      vertex 2.18404 0.435973 0
    endloop
  endfacet
  facet normal 0 -1 0
    outer loop
      vertex 4 0 0
      vertex 136 0 2.5
      vertex 4 0 2.5
    endloop
  endfacet
  facet normal 0 -1 -0
    outer loop
      vertex 136 0 2.5
      vertex 4 0 0
      vertex 136 0 0
    endloop
  endfacet
  facet normal 1 -0 0
    outer loop
      vertex 140 4 2.5
      vertex 140 71 0
      vertex 140 71 2.5
    endloop
  endfacet
  facet normal 1 0 0
    outer loop
      vertex 140 71 0
      vertex 140 4 2.5
      vertex 140 4 0
    endloop
  endfacet
  facet normal 0.117451 0.993079 -0
    outer loop
      vertex 136.626 74.9508 0
      vertex 136.314 74.9877 2.5
      vertex 136.626 74.9508 2.5
    endloop
  endfacet
  facet normal 0.117451 0.993079 0
    outer loop
      vertex 136.314 74.9877 2.5
      vertex 136.626 74.9508 0
      vertex 136.314 74.9877 0
    endloop
  endfacet
  facet normal -0.962456 -0.271439 0
    outer loop
      vertex 0.195773 2.76393 0
      vertex 0.110519 3.06622 2.5
      vertex 0.110519 3.06622 0
    endloop
  endfacet
  facet normal -0.962456 -0.271439 0
    outer loop
      vertex 0.110519 3.06622 2.5
      vertex 0.195773 2.76393 0
      vertex 0.195773 2.76393 2.5
    endloop
  endfacet
  facet normal -0.418679 0.908134 0
    outer loop
      vertex 2.46927 74.6955 0
      vertex 2.18404 74.564 2.5
      vertex 2.46927 74.6955 2.5
    endloop
  endfacet
  facet normal -0.418679 0.908134 0
    outer loop
      vertex 2.18404 74.564 2.5
      vertex 2.46927 74.6955 0
      vertex 2.18404 74.564 0
    endloop
  endfacet
  facet normal 0.618556 -0.785741 0
    outer loop
      vertex 138.351 0.763931 0
      vertex 138.598 0.958376 2.5
      vertex 138.351 0.763931 2.5
    endloop
  endfacet
  facet normal 0.618556 -0.785741 0
    outer loop
      vertex 138.598 0.958376 2.5
      vertex 138.351 0.763931 0
      vertex 138.598 0.958376 0
    endloop
  endfacet
  facet normal -0.346126 -0.938188 0
    outer loop
      vertex 2.46927 0.304482 0
      vertex 2.76393 0.195773 2.5
      vertex 2.46927 0.304482 2.5
    endloop
  endfacet
  facet normal -0.346126 -0.938188 -0
    outer loop
      vertex 2.76393 0.195773 2.5
      vertex 2.46927 0.304482 0
      vertex 2.76393 0.195773 0
    endloop
  endfacet
  facet normal -0.117488 0.993074 0
    outer loop
      vertex 3.68616 74.9877 0
      vertex 3.37426 74.9508 2.5
      vertex 3.68616 74.9877 2.5
    endloop
  endfacet
  facet normal -0.117488 0.993074 0
    outer loop
      vertex 3.37426 74.9508 2.5
      vertex 3.68616 74.9877 0
      vertex 3.37426 74.9508 0
    endloop
  endfacet
  facet normal -0.195173 0.980769 0
    outer loop
      vertex 3.37426 74.9508 0
      vertex 3.06622 74.8895 2.5
      vertex 3.37426 74.9508 2.5
    endloop
  endfacet
  facet normal -0.195173 0.980769 0
    outer loop
      vertex 3.06622 74.8895 2.5
      vertex 3.37426 74.9508 0
      vertex 3.06622 74.8895 0
    endloop
  endfacet
  facet normal -0.999229 0.0392626 0
    outer loop
      vertex 0 71 0
      vertex 0.0123301 71.3138 2.5
      vertex 0.0123301 71.3138 0
    endloop
  endfacet
  facet normal -0.999229 0.0392626 0
    outer loop
      vertex 0.0123301 71.3138 2.5
      vertex 0 71 0
      vertex 0 71 2.5
    endloop
  endfacet
  facet normal -0.734334 -0.678788 0
    outer loop
      vertex 1.17157 1.17157 0
      vertex 0.958376 1.40221 2.5
      vertex 0.958376 1.40221 0
    endloop
  endfacet
  facet normal -0.734334 -0.678788 0
    outer loop
      vertex 0.958376 1.40221 2.5
      vertex 1.17157 1.17157 0
      vertex 1.17157 1.17157 2.5
    endloop
  endfacet
  facet normal -0.831472 -0.555566 0
    outer loop
      vertex 0.763931 1.64886 0
      vertex 0.589438 1.91001 2.5
      vertex 0.589438 1.91001 0
    endloop
  endfacet
  facet normal -0.831472 -0.555566 0
    outer loop
      vertex 0.589438 1.91001 2.5
      vertex 0.763931 1.64886 0
      vertex 0.763931 1.64886 2.5
    endloop
  endfacet
  facet normal 0.962669 0.270681 0
    outer loop
      vertex 139.889 71.9338 2.5
      vertex 139.804 72.2361 0
      vertex 139.804 72.2361 2.5
    endloop
  endfacet
  facet normal 0.962669 0.270681 0
    outer loop
      vertex 139.804 72.2361 0
      vertex 139.889 71.9338 2.5
      vertex 139.889 71.9338 0
    endloop
  endfacet
  facet normal -0.117537 -0.993068 0
    outer loop
      vertex 3.37426 0.0492458 0
      vertex 3.68616 0.0123301 2.5
      vertex 3.37426 0.0492458 2.5
    endloop
  endfacet
  facet normal -0.117537 -0.993068 -0
    outer loop
      vertex 3.68616 0.0123301 2.5
      vertex 3.37426 0.0492458 0
      vertex 3.68616 0.0123301 0
    endloop
  endfacet
  facet normal -0.271574 0.962417 0
    outer loop
      vertex 3.06622 74.8895 0
      vertex 2.76393 74.8042 2.5
      vertex 3.06622 74.8895 2.5
    endloop
  endfacet
  facet normal -0.271574 0.962417 0
    outer loop
      vertex 2.76393 74.8042 2.5
      vertex 3.06622 74.8895 0
      vertex 2.76393 74.8042 0
    endloop
  endfacet
  facet normal 0.34575 0.938327 -0
    outer loop
      vertex 137.531 74.6955 0
      vertex 137.236 74.8042 2.5
      vertex 137.531 74.6955 2.5
    endloop
  endfacet
  facet normal 0.34575 0.938327 0
    outer loop
      vertex 137.236 74.8042 2.5
      vertex 137.531 74.6955 0
      vertex 137.236 74.8042 0
    endloop
  endfacet
  facet normal -0.418655 -0.908145 0
    outer loop
      vertex 2.18404 0.435973 0
      vertex 2.46927 0.304482 2.5
      vertex 2.18404 0.435973 2.5
    endloop
  endfacet
  facet normal -0.418655 -0.908145 -0
    outer loop
      vertex 2.46927 0.304482 2.5
      vertex 2.18404 0.435973 0
      vertex 2.46927 0.304482 0
    endloop
  endfacet
  facet normal 0.0392376 -0.99923 0
    outer loop
      vertex 136 0 0
      vertex 136.314 0.0123301 2.5
      vertex 136 0 2.5
    endloop
  endfacet
  facet normal 0.0392376 -0.99923 0
    outer loop
      vertex 136.314 0.0123301 2.5
      vertex 136 0 0
      vertex 136.314 0.0123301 0
    endloop
  endfacet
  facet normal -0.872495 -0.488623 0
    outer loop
      vertex 0.589438 1.91001 0
      vertex 0.435973 2.18404 2.5
      vertex 0.435973 2.18404 0
    endloop
  endfacet
  facet normal -0.872495 -0.488623 0
    outer loop
      vertex 0.435973 2.18404 2.5
      vertex 0.589438 1.91001 0
      vertex 0.589438 1.91001 2.5
    endloop
  endfacet
  facet normal 0.733056 -0.680168 0
    outer loop
      vertex 138.828 1.17157 2.5
      vertex 139.042 1.40221 0
      vertex 139.042 1.40221 2.5
    endloop
  endfacet
  facet normal 0.733056 -0.680168 0
    outer loop
      vertex 139.042 1.40221 0
      vertex 138.828 1.17157 2.5
      vertex 138.828 1.17157 0
    endloop
  endfacet
  facet normal 0.195198 0.980764 -0
    outer loop
      vertex 136.934 74.8895 0
      vertex 136.626 74.9508 2.5
      vertex 136.934 74.8895 2.5
    endloop
  endfacet
  facet normal 0.195198 0.980764 0
    outer loop
      vertex 136.626 74.9508 2.5
      vertex 136.934 74.8895 0
      vertex 136.626 74.9508 0
    endloop
  endfacet
  facet normal -0.831423 0.55564 0
    outer loop
      vertex 0.589438 73.09 0
      vertex 0.763931 73.3511 2.5
      vertex 0.763931 73.3511 0
    endloop
  endfacet
  facet normal -0.831423 0.55564 0
    outer loop
      vertex 0.763931 73.3511 2.5
      vertex 0.589438 73.09 0
      vertex 0.589438 73.09 2.5
    endloop
  endfacet
  facet normal 0.488664 -0.872472 0
    outer loop
      vertex 137.816 0.435973 0
      vertex 138.09 0.589438 2.5
      vertex 137.816 0.435973 2.5
    endloop
  endfacet
  facet normal 0.488664 -0.872472 0
    outer loop
      vertex 138.09 0.589438 2.5
      vertex 137.816 0.435973 0
      vertex 138.09 0.589438 0
    endloop
  endfacet
  facet normal -0.980785 -0.195091 0
    outer loop
      vertex 0.110519 3.06622 0
      vertex 0.0492458 3.37426 2.5
      vertex 0.0492458 3.37426 0
    endloop
  endfacet
  facet normal -0.980785 -0.195091 0
    outer loop
      vertex 0.0492458 3.37426 2.5
      vertex 0.110519 3.06622 0
      vertex 0.110519 3.06622 2.5
    endloop
  endfacet
  facet normal -0.938188 -0.346126 0
    outer loop
      vertex 0.304482 2.46927 0
      vertex 0.195773 2.76393 2.5
      vertex 0.195773 2.76393 0
    endloop
  endfacet
  facet normal -0.938188 -0.346126 0
    outer loop
      vertex 0.195773 2.76393 2.5
      vertex 0.304482 2.46927 0
      vertex 0.304482 2.46927 2.5
    endloop
  endfacet
  facet normal -0.678788 -0.734334 0
    outer loop
      vertex 1.17157 1.17157 0
      vertex 1.40221 0.958376 2.5
      vertex 1.17157 1.17157 2.5
    endloop
  endfacet
  facet normal -0.678788 -0.734334 -0
    outer loop
      vertex 1.40221 0.958376 2.5
      vertex 1.17157 1.17157 0
      vertex 1.40221 0.958376 0
    endloop
  endfacet
  facet normal -0.555582 0.831462 0
    outer loop
      vertex 1.91001 74.4106 0
      vertex 1.64886 74.2361 2.5
      vertex 1.91001 74.4106 2.5
    endloop
  endfacet
  facet normal -0.555582 0.831462 0
    outer loop
      vertex 1.64886 74.2361 2.5
      vertex 1.91001 74.4106 0
      vertex 1.64886 74.2361 0
    endloop
  endfacet
  facet normal -0.0391619 0.999233 0
    outer loop
      vertex 4 75 0
      vertex 3.68616 74.9877 2.5
      vertex 4 75 2.5
    endloop
  endfacet
  facet normal -0.0391619 0.999233 0
    outer loop
      vertex 3.68616 74.9877 2.5
      vertex 4 75 0
      vertex 3.68616 74.9877 0
    endloop
  endfacet
  facet normal -0.980792 0.195054 0
    outer loop
      vertex 0.0492458 71.6257 0
      vertex 0.110519 71.9338 2.5
      vertex 0.110519 71.9338 0
    endloop
  endfacet
  facet normal -0.980792 0.195054 0
    outer loop
      vertex 0.110519 71.9338 2.5
      vertex 0.0492458 71.6257 0
      vertex 0.0492458 71.6257 2.5
    endloop
  endfacet
  facet normal 0.873126 -0.487495 0
    outer loop
      vertex 139.411 1.91001 2.5
      vertex 139.564 2.18404 0
      vertex 139.564 2.18404 2.5
    endloop
  endfacet
  facet normal 0.873126 -0.487495 0
    outer loop
      vertex 139.564 2.18404 0
      vertex 139.411 1.91001 2.5
      vertex 139.411 1.91001 0
    endloop
  endfacet
  facet normal 0.555787 -0.831325 0
    outer loop
      vertex 138.09 0.589438 0
      vertex 138.351 0.763931 2.5
      vertex 138.09 0.589438 2.5
    endloop
  endfacet
  facet normal 0.555787 -0.831325 0
    outer loop
      vertex 138.351 0.763931 2.5
      vertex 138.09 0.589438 0
      vertex 138.351 0.763931 0
    endloop
  endfacet
  facet normal -0.993068 0.117537 0
    outer loop
      vertex 0.0123301 71.3138 0
      vertex 0.0492458 71.6257 2.5
      vertex 0.0492458 71.6257 0
    endloop
  endfacet
  facet normal -0.993068 0.117537 0
    outer loop
      vertex 0.0492458 71.6257 2.5
      vertex 0.0123301 71.3138 0
      vertex 0.0123301 71.3138 2.5
    endloop
  endfacet
  facet normal 0.418957 0.908006 -0
    outer loop
      vertex 137.816 74.564 0
      vertex 137.531 74.6955 2.5
      vertex 137.816 74.564 2.5
    endloop
  endfacet
  facet normal 0.418957 0.908006 0
    outer loop
      vertex 137.531 74.6955 2.5
      vertex 137.816 74.564 0
      vertex 137.531 74.6955 0
    endloop
  endfacet
  facet normal 0.1175 -0.993073 0
    outer loop
      vertex 136.314 0.0123301 0
      vertex 136.626 0.0492458 2.5
      vertex 136.314 0.0123301 2.5
    endloop
  endfacet
  facet normal 0.1175 -0.993073 0
    outer loop
      vertex 136.626 0.0492458 2.5
      vertex 136.314 0.0123301 0
      vertex 136.626 0.0492458 0
    endloop
  endfacet
  facet normal 0.907529 -0.41999 0
    outer loop
      vertex 139.564 2.18404 2.5
      vertex 139.696 2.46927 0
      vertex 139.696 2.46927 2.5
    endloop
  endfacet
  facet normal 0.907529 -0.41999 0
    outer loop
      vertex 139.696 2.46927 0
      vertex 139.564 2.18404 2.5
      vertex 139.564 2.18404 0
    endloop
  endfacet
  facet normal -0.908145 -0.418655 0
    outer loop
      vertex 0.435973 2.18404 0
      vertex 0.304482 2.46927 2.5
      vertex 0.304482 2.46927 0
    endloop
  endfacet
  facet normal -0.908145 -0.418655 0
    outer loop
      vertex 0.304482 2.46927 2.5
      vertex 0.435973 2.18404 0
      vertex 0.435973 2.18404 2.5
    endloop
  endfacet
  facet normal -0.872472 0.488664 0
    outer loop
      vertex 0.435973 72.816 0
      vertex 0.589438 73.09 2.5
      vertex 0.589438 73.09 0
    endloop
  endfacet
  facet normal -0.872472 0.488664 0
    outer loop
      vertex 0.589438 73.09 2.5
      vertex 0.435973 72.816 0
      vertex 0.435973 72.816 2.5
    endloop
  endfacet
  facet normal -0.962458 0.27143 0
    outer loop
      vertex 0.110519 71.9338 0
      vertex 0.195773 72.2361 2.5
      vertex 0.195773 72.2361 0
    endloop
  endfacet
  facet normal -0.962458 0.27143 0
    outer loop
      vertex 0.195773 72.2361 2.5
      vertex 0.110519 71.9338 0
      vertex 0.110519 71.9338 2.5
    endloop
  endfacet
  facet normal -0.785314 -0.619098 0
    outer loop
      vertex 0.958376 1.40221 0
      vertex 0.763931 1.64886 2.5
      vertex 0.763931 1.64886 0
    endloop
  endfacet
  facet normal -0.785314 -0.619098 0
    outer loop
      vertex 0.763931 1.64886 2.5
      vertex 0.958376 1.40221 0
      vertex 0.958376 1.40221 2.5
    endloop
  endfacet
  facet normal -0.619205 0.785229 0
    outer loop
      vertex 1.64886 74.2361 0
      vertex 1.40221 74.0416 2.5
      vertex 1.64886 74.2361 2.5
    endloop
  endfacet
  facet normal -0.619205 0.785229 0
    outer loop
      vertex 1.40221 74.0416 2.5
      vertex 1.64886 74.2361 0
      vertex 1.40221 74.0416 0
    endloop
  endfacet
  facet normal 0.555802 0.831315 -0
    outer loop
      vertex 138.351 74.2361 0
      vertex 138.09 74.4106 2.5
      vertex 138.351 74.2361 2.5
    endloop
  endfacet
  facet normal 0.555802 0.831315 0
    outer loop
      vertex 138.09 74.4106 2.5
      vertex 138.351 74.2361 0
      vertex 138.09 74.4106 0
    endloop
  endfacet
  facet normal 0.418934 -0.908017 0
    outer loop
      vertex 137.531 0.304482 0
      vertex 137.816 0.435973 2.5
      vertex 137.531 0.304482 2.5
    endloop
  endfacet
  facet normal 0.418934 -0.908017 0
    outer loop
      vertex 137.816 0.435973 2.5
      vertex 137.531 0.304482 0
      vertex 137.816 0.435973 0
    endloop
  endfacet
  facet normal 0.993037 -0.117802 0
    outer loop
      vertex 139.951 3.37426 2.5
      vertex 139.988 3.68616 0
      vertex 139.988 3.68616 2.5
    endloop
  endfacet
  facet normal 0.993037 -0.117802 0
    outer loop
      vertex 139.988 3.68616 0
      vertex 139.951 3.37426 2.5
      vertex 139.951 3.37426 0
    endloop
  endfacet
  facet normal -0.734276 0.678851 0
    outer loop
      vertex 0.958376 73.5978 0
      vertex 1.17157 73.8284 2.5
      vertex 1.17157 73.8284 0
    endloop
  endfacet
  facet normal -0.734276 0.678851 0
    outer loop
      vertex 1.17157 73.8284 2.5
      vertex 0.958376 73.5978 0
      vertex 0.958376 73.5978 2.5
    endloop
  endfacet
  facet normal 0.99927 -0.0382081 0
    outer loop
      vertex 139.988 3.68616 2.5
      vertex 140 4 0
      vertex 140 4 2.5
    endloop
  endfacet
  facet normal 0.99927 -0.0382081 0
    outer loop
      vertex 140 4 0
      vertex 139.988 3.68616 2.5
      vertex 139.988 3.68616 0
    endloop
  endfacet
  facet normal 0.488506 0.87256 -0
    outer loop
      vertex 138.09 74.4106 0
      vertex 137.816 74.564 2.5
      vertex 138.09 74.4106 2.5
    endloop
  endfacet
  facet normal 0.488506 0.87256 0
    outer loop
      vertex 137.816 74.564 2.5
      vertex 138.09 74.4106 0
      vertex 137.816 74.564 0
    endloop
  endfacet
  facet normal -0.619098 -0.785314 0
    outer loop
      vertex 1.40221 0.958376 0
      vertex 1.64886 0.763931 2.5
      vertex 1.40221 0.958376 2.5
    endloop
  endfacet
  facet normal -0.619098 -0.785314 -0
    outer loop
      vertex 1.64886 0.763931 2.5
      vertex 1.40221 0.958376 0
      vertex 1.64886 0.763931 0
    endloop
  endfacet
  facet normal 0.93892 -0.344137 0
    outer loop
      vertex 139.696 2.46927 2.5
      vertex 139.804 2.76393 0
      vertex 139.804 2.76393 2.5
    endloop
  endfacet
  facet normal 0.93892 -0.344137 0
    outer loop
      vertex 139.804 2.76393 0
      vertex 139.696 2.46927 2.5
      vertex 139.696 2.46927 0
    endloop
  endfacet
  facet normal 0.830727 -0.556681 0
    outer loop
      vertex 139.236 1.64886 2.5
      vertex 139.411 1.91001 0
      vertex 139.411 1.91001 2.5
    endloop
  endfacet
  facet normal 0.830727 -0.556681 0
    outer loop
      vertex 139.411 1.91001 0
      vertex 139.236 1.64886 2.5
      vertex 139.236 1.64886 0
    endloop
  endfacet
  facet normal 0.938897 0.344198 0
    outer loop
      vertex 139.804 72.2361 2.5
      vertex 139.696 72.5307 0
      vertex 139.696 72.5307 2.5
    endloop
  endfacet
  facet normal 0.938897 0.344198 0
    outer loop
      vertex 139.696 72.5307 0
      vertex 139.804 72.2361 2.5
      vertex 139.804 72.2361 0
    endloop
  endfacet
  facet normal 0.679805 -0.733393 0
    outer loop
      vertex 138.598 0.958376 0
      vertex 138.828 1.17157 2.5
      vertex 138.598 0.958376 2.5
    endloop
  endfacet
  facet normal 0.679805 -0.733393 0
    outer loop
      vertex 138.828 1.17157 2.5
      vertex 138.598 0.958376 0
      vertex 138.828 1.17157 0
    endloop
  endfacet
  facet normal -0.488466 0.872583 0
    outer loop
      vertex 2.18404 74.564 0
      vertex 1.91001 74.4106 2.5
      vertex 2.18404 74.564 2.5
    endloop
  endfacet
  facet normal -0.488466 0.872583 0
    outer loop
      vertex 1.91001 74.4106 2.5
      vertex 2.18404 74.564 0
      vertex 1.91001 74.4106 0
    endloop
  endfacet
  facet normal 0.039142 0.999234 -0
    outer loop
      vertex 136.314 74.9877 0
      vertex 136 75 2.5
      vertex 136.314 74.9877 2.5
    endloop
  endfacet
  facet normal 0.039142 0.999234 0
    outer loop
      vertex 136 75 2.5
      vertex 136.314 74.9877 0
      vertex 136 75 0
    endloop
  endfacet
  facet normal -0.0392576 -0.999229 0
    outer loop
      vertex 3.68616 0.0123301 0
      vertex 4 0 2.5
      vertex 3.68616 0.0123301 2.5
    endloop
  endfacet
  facet normal -0.0392576 -0.999229 -0
    outer loop
      vertex 4 0 2.5
      vertex 3.68616 0.0123301 0
      vertex 4 0 0
    endloop
  endfacet
  facet normal -0.678798 0.734325 0
    outer loop
      vertex 1.40221 74.0416 0
      vertex 1.17157 73.8284 2.5
      vertex 1.40221 74.0416 2.5
    endloop
  endfacet
  facet normal -0.678798 0.734325 0
    outer loop
      vertex 1.17157 73.8284 2.5
      vertex 1.40221 74.0416 0
      vertex 1.17157 73.8284 0
    endloop
  endfacet
  facet normal -0.271439 -0.962456 0
    outer loop
      vertex 2.76393 0.195773 0
      vertex 3.06622 0.110519 2.5
      vertex 2.76393 0.195773 2.5
    endloop
  endfacet
  facet normal -0.271439 -0.962456 -0
    outer loop
      vertex 3.06622 0.110519 2.5
      vertex 2.76393 0.195773 0
      vertex 3.06622 0.110519 0
    endloop
  endfacet
  facet normal -0.938165 0.346188 0
    outer loop
      vertex 0.195773 72.2361 0
      vertex 0.304482 72.5307 2.5
      vertex 0.304482 72.5307 0
    endloop
  endfacet
  facet normal -0.938165 0.346188 0
    outer loop
      vertex 0.304482 72.5307 2.5
      vertex 0.195773 72.2361 0
      vertex 0.195773 72.2361 2.5
    endloop
  endfacet
  facet normal 0.786003 -0.618223 0
    outer loop
      vertex 139.042 1.40221 2.5
      vertex 139.236 1.64886 0
      vertex 139.236 1.64886 2.5
    endloop
  endfacet
  facet normal 0.786003 -0.618223 0
    outer loop
      vertex 139.236 1.64886 0
      vertex 139.042 1.40221 2.5
      vertex 139.042 1.40221 0
    endloop
  endfacet
  facet normal 0.98034 -0.197316 0
    outer loop
      vertex 139.889 3.06622 2.5
      vertex 139.951 3.37426 0
      vertex 139.951 3.37426 2.5
    endloop
  endfacet
  facet normal 0.98034 -0.197316 0
    outer loop
      vertex 139.951 3.37426 0
      vertex 139.889 3.06622 2.5
      vertex 139.889 3.06622 0
    endloop
  endfacet
  facet normal 0.195115 -0.98078 0
    outer loop
      vertex 136.626 0.0492458 0
      vertex 136.934 0.110519 2.5
      vertex 136.626 0.0492458 2.5
    endloop
  endfacet
  facet normal 0.195115 -0.98078 0
    outer loop
      vertex 136.934 0.110519 2.5
      vertex 136.626 0.0492458 0
      vertex 136.934 0.110519 0
    endloop
  endfacet
  facet normal 0.271816 0.962349 -0
    outer loop
      vertex 137.236 74.8042 0
      vertex 136.934 74.8895 2.5
      vertex 137.236 74.8042 2.5
    endloop
  endfacet
  facet normal 0.271816 0.962349 0
    outer loop
      vertex 136.934 74.8895 2.5
      vertex 137.236 74.8042 0
      vertex 136.934 74.8895 0
    endloop
  endfacet
  facet normal 0.993037 0.117802 0
    outer loop
      vertex 139.988 71.3138 2.5
      vertex 139.951 71.6257 0
      vertex 139.951 71.6257 2.5
    endloop
  endfacet
  facet normal 0.993037 0.117802 0
    outer loop
      vertex 139.951 71.6257 0
      vertex 139.988 71.3138 2.5
      vertex 139.988 71.3138 0
    endloop
  endfacet
  facet normal 0.618664 0.785656 -0
    outer loop
      vertex 138.598 74.0416 0
      vertex 138.351 74.2361 2.5
      vertex 138.598 74.0416 2.5
    endloop
  endfacet
  facet normal 0.618664 0.785656 0
    outer loop
      vertex 138.351 74.2361 2.5
      vertex 138.598 74.0416 0
      vertex 138.351 74.2361 0
    endloop
  endfacet
  facet normal 0.786064 0.618145 0
    outer loop
      vertex 139.236 73.3511 2.5
      vertex 139.042 73.5978 0
      vertex 139.042 73.5978 2.5
    endloop
  endfacet
  facet normal 0.786064 0.618145 0
    outer loop
      vertex 139.042 73.5978 0
      vertex 139.236 73.3511 2.5
      vertex 139.236 73.3511 0
    endloop
  endfacet
  facet normal 0.732997 0.680232 0
    outer loop
      vertex 139.042 73.5978 2.5
      vertex 138.828 73.8284 0
      vertex 138.828 73.8284 2.5
    endloop
  endfacet
  facet normal 0.732997 0.680232 0
    outer loop
      vertex 138.828 73.8284 0
      vertex 139.042 73.5978 2.5
      vertex 139.042 73.5978 0
    endloop
  endfacet
  facet normal 0.873103 0.487536 0
    outer loop
      vertex 139.564 72.816 2.5
      vertex 139.411 73.09 0
      vertex 139.411 73.09 2.5
    endloop
  endfacet
  facet normal 0.873103 0.487536 0
    outer loop
      vertex 139.411 73.09 0
      vertex 139.564 72.816 2.5
      vertex 139.564 72.816 0
    endloop
  endfacet
  facet normal 0.830677 0.556754 0
    outer loop
      vertex 139.411 73.09 2.5
      vertex 139.236 73.3511 0
      vertex 139.236 73.3511 2.5
    endloop
  endfacet
  facet normal 0.830677 0.556754 0
    outer loop
      vertex 139.236 73.3511 0
      vertex 139.411 73.09 2.5
      vertex 139.411 73.09 0
    endloop
  endfacet
  facet normal 0 0 -1
    outer loop
      vertex 132.383 6.52533 0
      vertex 7.6168 6.52533 0
      vertex 132.429 6.65056 0
    endloop
  endfacet
  facet normal 0 0 -1
    outer loop
      vertex 132.485 68.2282 0
      vertex 7.69476 68.8666 0
      vertex 7.7 69 0
    endloop
  endfacet
  facet normal 0 0 -1
    outer loop
      vertex 7.57059 6.65056 0
      vertex 132.429 6.65056 0
      vertex 7.6168 6.52533 0
    endloop
  endfacet
  facet normal 0 0 -1
    outer loop
      vertex 132.485 68.2282 0
      vertex 7.67907 68.7341 0
      vertex 7.69476 68.8666 0
    endloop
  endfacet
  facet normal 0 0 -1
    outer loop
      vertex 132.429 6.65056 0
      vertex 7.57059 6.65056 0
      vertex 132.485 6.77178 0
    endloop
  endfacet
  facet normal 0 0 -1
    outer loop
      vertex 132.485 68.2282 0
      vertex 7.65303 68.6031 0
      vertex 7.67907 68.7341 0
    endloop
  endfacet
  facet normal 0 0 -1
    outer loop
      vertex 7.51471 6.77178 0
      vertex 132.485 6.77178 0
      vertex 7.57059 6.65056 0
    endloop
  endfacet
  facet normal 0 0 -1
    outer loop
      vertex 132.485 68.2282 0
      vertex 7.6168 68.4747 0
      vertex 7.65303 68.6031 0
    endloop
  endfacet
  facet normal 0 0 -1
    outer loop
      vertex 132.485 6.77178 0
      vertex 7.51471 6.77178 0
      vertex 132.485 68.2282 0
    endloop
  endfacet
  facet normal 0 0 -1
    outer loop
      vertex 132.485 68.2282 0
      vertex 7.57059 68.3494 0
      vertex 7.6168 68.4747 0
    endloop
  endfacet
  facet normal 0 0 -1
    outer loop
      vertex 7.51471 68.2282 0
      vertex 132.485 68.2282 0
      vertex 7.51471 6.77178 0
    endloop
  endfacet
  facet normal 0 0 -1
    outer loop
      vertex 132.485 68.2282 0
      vertex 7.51471 68.2282 0
      vertex 7.57059 68.3494 0
    endloop
  endfacet
  facet normal 0 0 -1
    outer loop
      vertex 7.44949 6.88825 0
      vertex 7.51471 68.2282 0
      vertex 7.51471 6.77178 0
    endloop
  endfacet
  facet normal 0 0 -1
    outer loop
      vertex 7.44949 6.88825 0
      vertex 7.44949 68.1118 0
      vertex 7.51471 68.2282 0
    endloop
  endfacet
  facet normal 0 0 -1
    outer loop
      vertex 7.37533 6.99923 0
      vertex 7.44949 68.1118 0
      vertex 7.44949 6.88825 0
    endloop
  endfacet
  facet normal 0 0 -1
    outer loop
      vertex 7.37533 6.99923 0
      vertex 7.37533 68.0008 0
      vertex 7.44949 68.1118 0
    endloop
  endfacet
  facet normal 0 0 -1
    outer loop
      vertex 7.29269 7.10406 0
      vertex 7.37533 68.0008 0
      vertex 7.37533 6.99923 0
    endloop
  endfacet
  facet normal 0 0 -1
    outer loop
      vertex 7.29269 7.10406 0
      vertex 7.29269 67.8959 0
      vertex 7.37533 68.0008 0
    endloop
  endfacet
  facet normal 0 0 -1
    outer loop
      vertex 7.20208 7.20208 0
      vertex 7.29269 67.8959 0
      vertex 7.29269 7.10406 0
    endloop
  endfacet
  facet normal 0 0 -1
    outer loop
      vertex 7.20208 7.20208 0
      vertex 7.20208 67.7979 0
      vertex 7.29269 67.8959 0
    endloop
  endfacet
  facet normal 0 0 -1
    outer loop
      vertex 7.10406 7.29269 0
      vertex 7.20208 67.7979 0
      vertex 7.20208 7.20208 0
    endloop
  endfacet
  facet normal 0 0 -1
    outer loop
      vertex 7.10406 7.29269 0
      vertex 7.10406 67.7073 0
      vertex 7.20208 67.7979 0
    endloop
  endfacet
  facet normal 0 0 -1
    outer loop
      vertex 6.99923 7.37533 0
      vertex 7.10406 67.7073 0
      vertex 7.10406 7.29269 0
    endloop
  endfacet
  facet normal 0 0 -1
    outer loop
      vertex 6.99923 7.37533 0
      vertex 6.99923 67.6247 0
      vertex 7.10406 67.7073 0
    endloop
  endfacet
  facet normal 0 0 -1
    outer loop
      vertex 6.88825 7.44949 0
      vertex 6.99923 67.6247 0
      vertex 6.99923 7.37533 0
    endloop
  endfacet
  facet normal 0 0 -1
    outer loop
      vertex 6.88825 7.44949 0
      vertex 6.88825 67.5505 0
      vertex 6.99923 67.6247 0
    endloop
  endfacet
  facet normal 0 0 -1
    outer loop
      vertex 6.77178 7.51471 0
      vertex 6.88825 67.5505 0
      vertex 6.88825 7.44949 0
    endloop
  endfacet
  facet normal 0 0 -1
    outer loop
      vertex 6.77178 7.51471 0
      vertex 6.77178 67.4853 0
      vertex 6.88825 67.5505 0
    endloop
  endfacet
  facet normal 0 0 -1
    outer loop
      vertex 6.65056 7.57059 0
      vertex 6.77178 67.4853 0
      vertex 6.77178 7.51471 0
    endloop
  endfacet
  facet normal 0 0 -1
    outer loop
      vertex 6.65056 7.57059 0
      vertex 6.65056 67.4294 0
      vertex 6.77178 67.4853 0
    endloop
  endfacet
  facet normal 0 0 -1
    outer loop
      vertex 6.52533 7.6168 0
      vertex 6.65056 67.4294 0
      vertex 6.65056 7.57059 0
    endloop
  endfacet
  facet normal 0 0 -1
    outer loop
      vertex 6.52533 7.6168 0
      vertex 6.52533 67.3832 0
      vertex 6.65056 67.4294 0
    endloop
  endfacet
  facet normal 0 0 -1
    outer loop
      vertex 6.39686 7.65303 0
      vertex 6.52533 67.3832 0
      vertex 6.52533 7.6168 0
    endloop
  endfacet
  facet normal 0 0 -1
    outer loop
      vertex 6.39686 7.65303 0
      vertex 6.39686 67.347 0
      vertex 6.52533 67.3832 0
    endloop
  endfacet
  facet normal 0 0 -1
    outer loop
      vertex 6.26594 7.67907 0
      vertex 6.39686 67.347 0
      vertex 6.39686 7.65303 0
    endloop
  endfacet
  facet normal 0 0 -1
    outer loop
      vertex 6.26594 7.67907 0
      vertex 6.26594 67.3209 0
      vertex 6.39686 67.347 0
    endloop
  endfacet
  facet normal 0 0 -1
    outer loop
      vertex 6.13338 7.69476 0
      vertex 6.26594 67.3209 0
      vertex 6.26594 7.67907 0
    endloop
  endfacet
  facet normal 0 0 -1
    outer loop
      vertex 6.13338 7.69476 0
      vertex 6.13338 67.3052 0
      vertex 6.26594 67.3209 0
    endloop
  endfacet
  facet normal 0 0 -1
    outer loop
      vertex 6 7.7 0
      vertex 6.13338 67.3052 0
      vertex 6.13338 7.69476 0
    endloop
  endfacet
  facet normal 0 0 -1
    outer loop
      vertex 6 7.7 0
      vertex 6 67.3 0
      vertex 6.13338 67.3052 0
    endloop
  endfacet
  facet normal 0 0 -1
    outer loop
      vertex 5.86662 7.69476 0
      vertex 6 67.3 0
      vertex 6 7.7 0
    endloop
  endfacet
  facet normal 0 0 -1
    outer loop
      vertex 5.86662 7.69476 0
      vertex 5.86662 67.3052 0
      vertex 6 67.3 0
    endloop
  endfacet
  facet normal 0 0 -1
    outer loop
      vertex 5.73406 7.67907 0
      vertex 5.86662 67.3052 0
      vertex 5.86662 7.69476 0
    endloop
  endfacet
  facet normal 0 0 -1
    outer loop
      vertex 5.73406 7.67907 0
      vertex 5.73406 67.3209 0
      vertex 5.86662 67.3052 0
    endloop
  endfacet
  facet normal 0 0 -1
    outer loop
      vertex 5.60314 7.65303 0
      vertex 5.73406 67.3209 0
      vertex 5.73406 7.67907 0
    endloop
  endfacet
  facet normal 0 0 -1
    outer loop
      vertex 5.60314 7.65303 0
      vertex 5.60314 67.347 0
      vertex 5.73406 67.3209 0
    endloop
  endfacet
  facet normal 0 0 -1
    outer loop
      vertex 5.47467 7.6168 0
      vertex 5.60314 67.347 0
      vertex 5.60314 7.65303 0
    endloop
  endfacet
  facet normal 0 0 -1
    outer loop
      vertex 5.47467 7.6168 0
      vertex 5.47467 67.3832 0
      vertex 5.60314 67.347 0
    endloop
  endfacet
  facet normal 0 0 -1
    outer loop
      vertex 5.34944 7.57059 0
      vertex 5.47467 67.3832 0
      vertex 5.47467 7.6168 0
    endloop
  endfacet
  facet normal 0 0 -1
    outer loop
      vertex 5.34944 7.57059 0
      vertex 5.34944 67.4294 0
      vertex 5.47467 67.3832 0
    endloop
  endfacet
  facet normal 0 0 -1
    outer loop
      vertex 5.22822 7.51471 0
      vertex 5.34944 67.4294 0
      vertex 5.34944 7.57059 0
    endloop
  endfacet
  facet normal 0 0 -1
    outer loop
      vertex 5.22822 7.51471 0
      vertex 5.22822 67.4853 0
      vertex 5.34944 67.4294 0
    endloop
  endfacet
  facet normal 0 0 -1
    outer loop
      vertex 5.11175 7.44949 0
      vertex 5.22822 67.4853 0
      vertex 5.22822 7.51471 0
    endloop
  endfacet
  facet normal 0 0 -1
    outer loop
      vertex 5.11175 7.44949 0
      vertex 5.11175 67.5505 0
      vertex 5.22822 67.4853 0
    endloop
  endfacet
  facet normal 0 0 -1
    outer loop
      vertex 5.00076 7.37533 0
      vertex 5.11175 67.5505 0
      vertex 5.11175 7.44949 0
    endloop
  endfacet
  facet normal 0 0 -1
    outer loop
      vertex 5.00076 7.37533 0
      vertex 5.00076 67.6247 0
      vertex 5.11175 67.5505 0
    endloop
  endfacet
  facet normal 0 0 -1
    outer loop
      vertex 4.89594 7.29269 0
      vertex 5.00076 67.6247 0
      vertex 5.00076 7.37533 0
    endloop
  endfacet
  facet normal 0 0 -1
    outer loop
      vertex 4.89594 7.29269 0
      vertex 4.89594 67.7073 0
      vertex 5.00076 67.6247 0
    endloop
  endfacet
  facet normal 0 0 -1
    outer loop
      vertex 0 4 0
      vertex 4.89594 7.29269 0
      vertex 4.79792 7.20208 0
    endloop
  endfacet
  facet normal -0 0 -1
    outer loop
      vertex 4.89594 7.29269 0
      vertex 0 4 0
      vertex 4.89594 67.7073 0
    endloop
  endfacet
  facet normal 0 0 -1
    outer loop
      vertex 0 4 0
      vertex 4.79792 7.20208 0
      vertex 4.70731 7.10406 0
    endloop
  endfacet
  facet normal 0 0 -1
    outer loop
      vertex 0 71 0
      vertex 4.89594 67.7073 0
      vertex 0 4 0
    endloop
  endfacet
  facet normal 0 0 -1
    outer loop
      vertex 0 4 0
      vertex 4.70731 7.10406 0
      vertex 4.62467 6.99923 0
    endloop
  endfacet
  facet normal 0 0 -1
    outer loop
      vertex 4.89594 67.7073 0
      vertex 0 71 0
      vertex 4.79792 67.7979 0
    endloop
  endfacet
  facet normal 0 0 -1
    outer loop
      vertex 0 4 0
      vertex 4.62467 6.99923 0
      vertex 4.55051 6.88825 0
    endloop
  endfacet
  facet normal 0 0 -1
    outer loop
      vertex 4.79792 67.7979 0
      vertex 0 71 0
      vertex 4.70731 67.8959 0
    endloop
  endfacet
  facet normal 0 0 -1
    outer loop
      vertex 0 4 0
      vertex 4.55051 6.88825 0
      vertex 4.48529 6.77178 0
    endloop
  endfacet
  facet normal 0 0 -1
    outer loop
      vertex 4.70731 67.8959 0
      vertex 0 71 0
      vertex 4.62467 68.0008 0
    endloop
  endfacet
  facet normal 0 0 -1
    outer loop
      vertex 0 4 0
      vertex 4.48529 6.77178 0
      vertex 4.4294 6.65056 0
    endloop
  endfacet
  facet normal 0 0 -1
    outer loop
      vertex 4.62467 68.0008 0
      vertex 0 71 0
      vertex 4.55051 68.1118 0
    endloop
  endfacet
  facet normal 0 0 -1
    outer loop
      vertex 0 4 0
      vertex 4.4294 6.65056 0
      vertex 4.3832 6.52533 0
    endloop
  endfacet
  facet normal 0 0 -1
    outer loop
      vertex 4.55051 68.1118 0
      vertex 0 71 0
      vertex 4.48529 68.2282 0
    endloop
  endfacet
  facet normal 0 0 -1
    outer loop
      vertex 0 4 0
      vertex 4.3832 6.52533 0
      vertex 4.34697 6.39686 0
    endloop
  endfacet
  facet normal 0 0 -1
    outer loop
      vertex 4.48529 68.2282 0
      vertex 0 71 0
      vertex 4.4294 68.3494 0
    endloop
  endfacet
  facet normal 0 0 -1
    outer loop
      vertex 0 4 0
      vertex 4.34697 6.39686 0
      vertex 4.32093 6.26594 0
    endloop
  endfacet
  facet normal 0 0 -1
    outer loop
      vertex 4.4294 68.3494 0
      vertex 0 71 0
      vertex 4.3832 68.4747 0
    endloop
  endfacet
  facet normal 0 0 -1
    outer loop
      vertex 0 4 0
      vertex 4.32093 6.26594 0
      vertex 4.30524 6.13338 0
    endloop
  endfacet
  facet normal 0 0 -1
    outer loop
      vertex 4.3832 68.4747 0
      vertex 0 71 0
      vertex 4.34697 68.6031 0
    endloop
  endfacet
  facet normal 0 0 -1
    outer loop
      vertex 0 4 0
      vertex 4.30524 6.13338 0
      vertex 4.3 6 0
    endloop
  endfacet
  facet normal 0 0 -1
    outer loop
      vertex 4.34697 68.6031 0
      vertex 0 71 0
      vertex 4.32093 68.7341 0
    endloop
  endfacet
  facet normal 0 0 -1
    outer loop
      vertex 135.653 6.39686 0
      vertex 140 4 0
      vertex 135.679 6.26594 0
    endloop
  endfacet
  facet normal 0 0 -1
    outer loop
      vertex 140 71 0
      vertex 135.695 68.8666 0
      vertex 135.7 69 0
    endloop
  endfacet
  facet normal 0 0 -1
    outer loop
      vertex 135.617 6.52533 0
      vertex 140 4 0
      vertex 135.653 6.39686 0
    endloop
  endfacet
  facet normal 0 0 -1
    outer loop
      vertex 140 71 0
      vertex 135.679 68.7341 0
      vertex 135.695 68.8666 0
    endloop
  endfacet
  facet normal 0 0 -1
    outer loop
      vertex 135.571 6.65056 0
      vertex 140 4 0
      vertex 135.617 6.52533 0
    endloop
  endfacet
  facet normal 0 0 -1
    outer loop
      vertex 140 71 0
      vertex 135.653 68.6031 0
      vertex 135.679 68.7341 0
    endloop
  endfacet
  facet normal 0 0 -1
    outer loop
      vertex 135.515 6.77178 0
      vertex 140 4 0
      vertex 135.571 6.65056 0
    endloop
  endfacet
  facet normal 0 0 -1
    outer loop
      vertex 140 71 0
      vertex 135.617 68.4747 0
      vertex 135.653 68.6031 0
    endloop
  endfacet
  facet normal 0 0 -1
    outer loop
      vertex 135.449 6.88825 0
      vertex 140 4 0
      vertex 135.515 6.77178 0
    endloop
  endfacet
  facet normal 0 0 -1
    outer loop
      vertex 140 71 0
      vertex 135.571 68.3494 0
      vertex 135.617 68.4747 0
    endloop
  endfacet
  facet normal 0 0 -1
    outer loop
      vertex 135.375 6.99923 0
      vertex 140 4 0
      vertex 135.449 6.88825 0
    endloop
  endfacet
  facet normal 0 0 -1
    outer loop
      vertex 140 71 0
      vertex 135.515 68.2282 0
      vertex 135.571 68.3494 0
    endloop
  endfacet
  facet normal 0 0 -1
    outer loop
      vertex 135.293 7.10406 0
      vertex 140 4 0
      vertex 135.375 6.99923 0
    endloop
  endfacet
  facet normal 0 0 -1
    outer loop
      vertex 140 71 0
      vertex 135.449 68.1118 0
      vertex 135.515 68.2282 0
    endloop
  endfacet
  facet normal 0 0 -1
    outer loop
      vertex 135.202 7.20208 0
      vertex 140 4 0
      vertex 135.293 7.10406 0
    endloop
  endfacet
  facet normal 0 0 -1
    outer loop
      vertex 140 71 0
      vertex 135.375 68.0008 0
      vertex 135.449 68.1118 0
    endloop
  endfacet
  facet normal 0 0 -1
    outer loop
      vertex 135.104 7.29269 0
      vertex 140 4 0
      vertex 135.202 7.20208 0
    endloop
  endfacet
  facet normal 0 0 -1
    outer loop
      vertex 140 71 0
      vertex 135.293 67.8959 0
      vertex 135.375 68.0008 0
    endloop
  endfacet
  facet normal 0 0 -1
    outer loop
      vertex 140 4 0
      vertex 135.104 7.29269 0
      vertex 140 71 0
    endloop
  endfacet
  facet normal 0 0 -1
    outer loop
      vertex 140 71 0
      vertex 135.202 67.7979 0
      vertex 135.293 67.8959 0
    endloop
  endfacet
  facet normal 0 0 -1
    outer loop
      vertex 135.104 67.7073 0
      vertex 140 71 0
      vertex 135.104 7.29269 0
    endloop
  endfacet
  facet normal 0 0 -1
    outer loop
      vertex 140 71 0
      vertex 135.104 67.7073 0
      vertex 135.202 67.7979 0
    endloop
  endfacet
  facet normal 0 0 -1
    outer loop
      vertex 134.999 7.37533 0
      vertex 135.104 67.7073 0
      vertex 135.104 7.29269 0
    endloop
  endfacet
  facet normal 0 0 -1
    outer loop
      vertex 134.999 7.37533 0
      vertex 134.999 67.6247 0
      vertex 135.104 67.7073 0
    endloop
  endfacet
  facet normal 0 0 -1
    outer loop
      vertex 134.888 7.44949 0
      vertex 134.999 67.6247 0
      vertex 134.999 7.37533 0
    endloop
  endfacet
  facet normal 0 0 -1
    outer loop
      vertex 134.888 7.44949 0
      vertex 134.888 67.5505 0
      vertex 134.999 67.6247 0
    endloop
  endfacet
  facet normal 0 0 -1
    outer loop
      vertex 134.772 7.51471 0
      vertex 134.888 67.5505 0
      vertex 134.888 7.44949 0
    endloop
  endfacet
  facet normal 0 0 -1
    outer loop
      vertex 134.772 7.51471 0
      vertex 134.772 67.4853 0
      vertex 134.888 67.5505 0
    endloop
  endfacet
  facet normal 0 0 -1
    outer loop
      vertex 134.651 7.57059 0
      vertex 134.772 67.4853 0
      vertex 134.772 7.51471 0
    endloop
  endfacet
  facet normal 0 0 -1
    outer loop
      vertex 134.651 7.57059 0
      vertex 134.651 67.4294 0
      vertex 134.772 67.4853 0
    endloop
  endfacet
  facet normal 0 0 -1
    outer loop
      vertex 134.525 7.6168 0
      vertex 134.651 67.4294 0
      vertex 134.651 7.57059 0
    endloop
  endfacet
  facet normal 0 0 -1
    outer loop
      vertex 134.525 7.6168 0
      vertex 134.525 67.3832 0
      vertex 134.651 67.4294 0
    endloop
  endfacet
  facet normal 0 0 -1
    outer loop
      vertex 134.397 7.65303 0
      vertex 134.525 67.3832 0
      vertex 134.525 7.6168 0
    endloop
  endfacet
  facet normal 0 0 -1
    outer loop
      vertex 134.397 7.65303 0
      vertex 134.397 67.347 0
      vertex 134.525 67.3832 0
    endloop
  endfacet
  facet normal 0 0 -1
    outer loop
      vertex 134.266 7.67907 0
      vertex 134.397 67.347 0
      vertex 134.397 7.65303 0
    endloop
  endfacet
  facet normal 0 0 -1
    outer loop
      vertex 134.266 7.67907 0
      vertex 134.266 67.3209 0
      vertex 134.397 67.347 0
    endloop
  endfacet
  facet normal 0 0 -1
    outer loop
      vertex 134.133 7.69476 0
      vertex 134.266 67.3209 0
      vertex 134.266 7.67907 0
    endloop
  endfacet
  facet normal 0 0 -1
    outer loop
      vertex 134.133 7.69476 0
      vertex 134.133 67.3052 0
      vertex 134.266 67.3209 0
    endloop
  endfacet
  facet normal 0 0 -1
    outer loop
      vertex 134 7.7 0
      vertex 134.133 67.3052 0
      vertex 134.133 7.69476 0
    endloop
  endfacet
  facet normal 0 0 -1
    outer loop
      vertex 134 7.7 0
      vertex 134 67.3 0
      vertex 134.133 67.3052 0
    endloop
  endfacet
  facet normal 0 0 -1
    outer loop
      vertex 133.867 7.69476 0
      vertex 134 67.3 0
      vertex 134 7.7 0
    endloop
  endfacet
  facet normal 0 0 -1
    outer loop
      vertex 133.867 7.69476 0
      vertex 133.867 67.3052 0
      vertex 134 67.3 0
    endloop
  endfacet
  facet normal 0 0 -1
    outer loop
      vertex 133.734 7.67907 0
      vertex 133.867 67.3052 0
      vertex 133.867 7.69476 0
    endloop
  endfacet
  facet normal 0 0 -1
    outer loop
      vertex 133.734 7.67907 0
      vertex 133.734 67.3209 0
      vertex 133.867 67.3052 0
    endloop
  endfacet
  facet normal 0 0 -1
    outer loop
      vertex 133.603 7.65303 0
      vertex 133.734 67.3209 0
      vertex 133.734 7.67907 0
    endloop
  endfacet
  facet normal 0 0 -1
    outer loop
      vertex 133.603 7.65303 0
      vertex 133.603 67.347 0
      vertex 133.734 67.3209 0
    endloop
  endfacet
  facet normal 0 0 -1
    outer loop
      vertex 133.475 7.6168 0
      vertex 133.603 67.347 0
      vertex 133.603 7.65303 0
    endloop
  endfacet
  facet normal 0 0 -1
    outer loop
      vertex 133.475 7.6168 0
      vertex 133.475 67.3832 0
      vertex 133.603 67.347 0
    endloop
  endfacet
  facet normal 0 0 -1
    outer loop
      vertex 133.349 7.57059 0
      vertex 133.475 67.3832 0
      vertex 133.475 7.6168 0
    endloop
  endfacet
  facet normal 0 0 -1
    outer loop
      vertex 133.349 7.57059 0
      vertex 133.349 67.4294 0
      vertex 133.475 67.3832 0
    endloop
  endfacet
  facet normal 0 0 -1
    outer loop
      vertex 133.228 7.51471 0
      vertex 133.349 67.4294 0
      vertex 133.349 7.57059 0
    endloop
  endfacet
  facet normal 0 0 -1
    outer loop
      vertex 133.228 7.51471 0
      vertex 133.228 67.4853 0
      vertex 133.349 67.4294 0
    endloop
  endfacet
  facet normal 0 0 -1
    outer loop
      vertex 133.112 7.44949 0
      vertex 133.228 67.4853 0
      vertex 133.228 7.51471 0
    endloop
  endfacet
  facet normal 0 0 -1
    outer loop
      vertex 133.112 7.44949 0
      vertex 133.112 67.5505 0
      vertex 133.228 67.4853 0
    endloop
  endfacet
  facet normal 0 0 -1
    outer loop
      vertex 133.001 7.37533 0
      vertex 133.112 67.5505 0
      vertex 133.112 7.44949 0
    endloop
  endfacet
  facet normal 0 0 -1
    outer loop
      vertex 133.001 7.37533 0
      vertex 133.001 67.6247 0
      vertex 133.112 67.5505 0
    endloop
  endfacet
  facet normal 0 0 -1
    outer loop
      vertex 132.896 7.29269 0
      vertex 133.001 67.6247 0
      vertex 133.001 7.37533 0
    endloop
  endfacet
  facet normal 0 0 -1
    outer loop
      vertex 132.896 7.29269 0
      vertex 132.896 67.7073 0
      vertex 133.001 67.6247 0
    endloop
  endfacet
  facet normal 0 0 -1
    outer loop
      vertex 132.798 7.20208 0
      vertex 132.896 67.7073 0
      vertex 132.896 7.29269 0
    endloop
  endfacet
  facet normal 0 0 -1
    outer loop
      vertex 132.798 7.20208 0
      vertex 132.798 67.7979 0
      vertex 132.896 67.7073 0
    endloop
  endfacet
  facet normal 0 0 -1
    outer loop
      vertex 132.707 7.10406 0
      vertex 132.798 67.7979 0
      vertex 132.798 7.20208 0
    endloop
  endfacet
  facet normal 0 0 -1
    outer loop
      vertex 132.707 7.10406 0
      vertex 132.707 67.8959 0
      vertex 132.798 67.7979 0
    endloop
  endfacet
  facet normal 0 0 -1
    outer loop
      vertex 132.625 6.99923 0
      vertex 132.707 67.8959 0
      vertex 132.707 7.10406 0
    endloop
  endfacet
  facet normal 0 0 -1
    outer loop
      vertex 132.625 6.99923 0
      vertex 132.625 68.0008 0
      vertex 132.707 67.8959 0
    endloop
  endfacet
  facet normal 0 0 -1
    outer loop
      vertex 132.551 6.88825 0
      vertex 132.625 68.0008 0
      vertex 132.625 6.99923 0
    endloop
  endfacet
  facet normal 0 0 -1
    outer loop
      vertex 132.551 6.88825 0
      vertex 132.551 68.1118 0
      vertex 132.625 68.0008 0
    endloop
  endfacet
  facet normal 0 0 -1
    outer loop
      vertex 132.485 6.77178 0
      vertex 132.551 68.1118 0
      vertex 132.551 6.88825 0
    endloop
  endfacet
  facet normal 0 0 -1
    outer loop
      vertex 132.485 6.77178 0
      vertex 132.485 68.2282 0
      vertex 132.551 68.1118 0
    endloop
  endfacet
  facet normal 0 0 -1
    outer loop
      vertex 7.65303 6.39686 0
      vertex 132.347 6.39686 0
      vertex 7.67907 6.26594 0
    endloop
  endfacet
  facet normal 0 0 -1
    outer loop
      vertex 132.347 6.39686 0
      vertex 7.65303 6.39686 0
      vertex 132.383 6.52533 0
    endloop
  endfacet
  facet normal 0 0 -1
    outer loop
      vertex 132.321 6.26594 0
      vertex 7.67907 6.26594 0
      vertex 132.347 6.39686 0
    endloop
  endfacet
  facet normal 0 0 -1
    outer loop
      vertex 7.6168 6.52533 0
      vertex 132.383 6.52533 0
      vertex 7.65303 6.39686 0
    endloop
  endfacet
  facet normal 0 0 -1
    outer loop
      vertex 7.67907 6.26594 0
      vertex 132.321 6.26594 0
      vertex 7.69476 6.13338 0
    endloop
  endfacet
  facet normal 0 0 -1
    outer loop
      vertex 132.485 68.2282 0
      vertex 7.7 69 0
      vertex 132.429 68.3494 0
    endloop
  endfacet
  facet normal 0 0 -1
    outer loop
      vertex 132.305 6.13338 0
      vertex 7.69476 6.13338 0
      vertex 132.321 6.26594 0
    endloop
  endfacet
  facet normal 0 0 -1
    outer loop
      vertex 132.429 68.3494 0
      vertex 7.7 69 0
      vertex 132.383 68.4747 0
    endloop
  endfacet
  facet normal 0 0 -1
    outer loop
      vertex 7.69476 6.13338 0
      vertex 132.305 6.13338 0
      vertex 7.7 6 0
    endloop
  endfacet
  facet normal 0 0 -1
    outer loop
      vertex 132.383 68.4747 0
      vertex 7.7 69 0
      vertex 132.347 68.6031 0
    endloop
  endfacet
  facet normal 0 0 -1
    outer loop
      vertex 7.7 6 0
      vertex 132.305 6.13338 0
      vertex 132.3 6 0
    endloop
  endfacet
  facet normal 0 0 -1
    outer loop
      vertex 132.347 68.6031 0
      vertex 7.7 69 0
      vertex 132.321 68.7341 0
    endloop
  endfacet
  facet normal 0 0 -1
    outer loop
      vertex 135.449 5.11175 0
      vertex 140 4 0
      vertex 139.988 3.68616 0
    endloop
  endfacet
  facet normal 0 0 -1
    outer loop
      vertex 135.695 6.13338 0
      vertex 140 4 0
      vertex 135.7 6 0
    endloop
  endfacet
  facet normal 0 0 -1
    outer loop
      vertex 135.449 5.11175 0
      vertex 139.988 3.68616 0
      vertex 139.951 3.37426 0
    endloop
  endfacet
  facet normal 0 0 -1
    outer loop
      vertex 135.679 6.26594 0
      vertex 140 4 0
      vertex 135.695 6.13338 0
    endloop
  endfacet
  facet normal 0 0 -1
    outer loop
      vertex 135.449 5.11175 0
      vertex 139.951 3.37426 0
      vertex 139.889 3.06622 0
    endloop
  endfacet
  facet normal 0 0 -1
    outer loop
      vertex 135.695 69.1334 0
      vertex 140 71 0
      vertex 135.7 69 0
    endloop
  endfacet
  facet normal 0 0 -1
    outer loop
      vertex 135.375 5.00076 0
      vertex 139.889 3.06622 0
      vertex 139.804 2.76393 0
    endloop
  endfacet
  facet normal 0 0 -1
    outer loop
      vertex 135.679 69.2659 0
      vertex 140 71 0
      vertex 135.695 69.1334 0
    endloop
  endfacet
  facet normal 0 0 -1
    outer loop
      vertex 135.375 5.00076 0
      vertex 139.804 2.76393 0
      vertex 139.696 2.46927 0
    endloop
  endfacet
  facet normal 0 0 -1
    outer loop
      vertex 135.653 69.3969 0
      vertex 140 71 0
      vertex 135.679 69.2659 0
    endloop
  endfacet
  facet normal 0 0 -1
    outer loop
      vertex 135.375 5.00076 0
      vertex 139.696 2.46927 0
      vertex 139.564 2.18404 0
    endloop
  endfacet
  facet normal 0 0 -1
    outer loop
      vertex 135.617 69.5253 0
      vertex 140 71 0
      vertex 135.653 69.3969 0
    endloop
  endfacet
  facet normal 0 0 -1
    outer loop
      vertex 135.293 4.89594 0
      vertex 139.564 2.18404 0
      vertex 139.411 1.91001 0
    endloop
  endfacet
  facet normal 0 0 -1
    outer loop
      vertex 135.571 69.6506 0
      vertex 140 71 0
      vertex 135.617 69.5253 0
    endloop
  endfacet
  facet normal 0 0 -1
    outer loop
      vertex 135.293 4.89594 0
      vertex 139.411 1.91001 0
      vertex 139.236 1.64886 0
    endloop
  endfacet
  facet normal 0 0 -1
    outer loop
      vertex 135.515 69.7718 0
      vertex 140 71 0
      vertex 135.571 69.6506 0
    endloop
  endfacet
  facet normal 0 0 -1
    outer loop
      vertex 135.293 4.89594 0
      vertex 139.236 1.64886 0
      vertex 139.042 1.40221 0
    endloop
  endfacet
  facet normal 0 0 -1
    outer loop
      vertex 135.449 69.8882 0
      vertex 140 71 0
      vertex 135.515 69.7718 0
    endloop
  endfacet
  facet normal 0 0 -1
    outer loop
      vertex 135.202 4.79792 0
      vertex 139.042 1.40221 0
      vertex 138.828 1.17157 0
    endloop
  endfacet
  facet normal -0 0 -1
    outer loop
      vertex 140 71 0
      vertex 135.449 69.8882 0
      vertex 139.988 71.3138 0
    endloop
  endfacet
  facet normal 0 0 -1
    outer loop
      vertex 135.202 4.79792 0
      vertex 138.828 1.17157 0
      vertex 138.598 0.958376 0
    endloop
  endfacet
  facet normal -0 0 -1
    outer loop
      vertex 139.988 71.3138 0
      vertex 135.449 69.8882 0
      vertex 139.951 71.6257 0
    endloop
  endfacet
  facet normal 0 0 -1
    outer loop
      vertex 135.202 4.79792 0
      vertex 138.598 0.958376 0
      vertex 138.351 0.763931 0
    endloop
  endfacet
  facet normal -0 0 -1
    outer loop
      vertex 139.951 71.6257 0
      vertex 135.449 69.8882 0
      vertex 139.889 71.9338 0
    endloop
  endfacet
  facet normal 0 0 -1
    outer loop
      vertex 135.104 4.70731 0
      vertex 138.351 0.763931 0
      vertex 138.09 0.589438 0
    endloop
  endfacet
  facet normal 0 0 -1
    outer loop
      vertex 135.375 69.9992 0
      vertex 139.889 71.9338 0
      vertex 135.449 69.8882 0
    endloop
  endfacet
  facet normal 0 0 -1
    outer loop
      vertex 135.104 4.70731 0
      vertex 138.09 0.589438 0
      vertex 137.816 0.435973 0
    endloop
  endfacet
  facet normal -0 0 -1
    outer loop
      vertex 139.889 71.9338 0
      vertex 135.375 69.9992 0
      vertex 139.804 72.2361 0
    endloop
  endfacet
  facet normal 0 0 -1
    outer loop
      vertex 135.104 4.70731 0
      vertex 137.816 0.435973 0
      vertex 137.531 0.304482 0
    endloop
  endfacet
  facet normal -0 0 -1
    outer loop
      vertex 139.804 72.2361 0
      vertex 135.375 69.9992 0
      vertex 139.696 72.5307 0
    endloop
  endfacet
  facet normal 0 0 -1
    outer loop
      vertex 134.999 4.62467 0
      vertex 137.531 0.304482 0
      vertex 137.236 0.195773 0
    endloop
  endfacet
  facet normal -0 0 -1
    outer loop
      vertex 139.696 72.5307 0
      vertex 135.375 69.9992 0
      vertex 139.564 72.816 0
    endloop
  endfacet
  facet normal 0 0 -1
    outer loop
      vertex 134.999 4.62467 0
      vertex 137.236 0.195773 0
      vertex 136.934 0.110519 0
    endloop
  endfacet
  facet normal 0 0 -1
    outer loop
      vertex 135.293 70.1041 0
      vertex 139.564 72.816 0
      vertex 135.375 69.9992 0
    endloop
  endfacet
  facet normal 0 0 -1
    outer loop
      vertex 134.888 4.55051 0
      vertex 136.934 0.110519 0
      vertex 136.626 0.0492458 0
    endloop
  endfacet
  facet normal -0 0 -1
    outer loop
      vertex 139.564 72.816 0
      vertex 135.293 70.1041 0
      vertex 139.411 73.09 0
    endloop
  endfacet
  facet normal 0 0 -1
    outer loop
      vertex 134.888 4.55051 0
      vertex 136.626 0.0492458 0
      vertex 136.314 0.0123301 0
    endloop
  endfacet
  facet normal -0 0 -1
    outer loop
      vertex 139.411 73.09 0
      vertex 135.293 70.1041 0
      vertex 139.236 73.3511 0
    endloop
  endfacet
  facet normal 0 0 -1
    outer loop
      vertex 134.888 4.55051 0
      vertex 136.314 0.0123301 0
      vertex 136 0 0
    endloop
  endfacet
  facet normal -0 0 -1
    outer loop
      vertex 139.236 73.3511 0
      vertex 135.293 70.1041 0
      vertex 139.042 73.5978 0
    endloop
  endfacet
  facet normal 0 0 -1
    outer loop
      vertex 135.202 70.2021 0
      vertex 139.042 73.5978 0
      vertex 135.293 70.1041 0
    endloop
  endfacet
  facet normal 0 0 -1
    outer loop
      vertex 140 4 0
      vertex 135.695 5.86662 0
      vertex 135.7 6 0
    endloop
  endfacet
  facet normal 0 0 -1
    outer loop
      vertex 140 4 0
      vertex 135.679 5.73406 0
      vertex 135.695 5.86662 0
    endloop
  endfacet
  facet normal 0 0 -1
    outer loop
      vertex 140 4 0
      vertex 135.653 5.60314 0
      vertex 135.679 5.73406 0
    endloop
  endfacet
  facet normal 0 0 -1
    outer loop
      vertex 140 4 0
      vertex 135.617 5.47467 0
      vertex 135.653 5.60314 0
    endloop
  endfacet
  facet normal 0 0 -1
    outer loop
      vertex 140 4 0
      vertex 135.571 5.34944 0
      vertex 135.617 5.47467 0
    endloop
  endfacet
  facet normal 0 0 -1
    outer loop
      vertex 140 4 0
      vertex 135.515 5.22822 0
      vertex 135.571 5.34944 0
    endloop
  endfacet
  facet normal 0 0 -1
    outer loop
      vertex 140 4 0
      vertex 135.449 5.11175 0
      vertex 135.515 5.22822 0
    endloop
  endfacet
  facet normal 0 0 -1
    outer loop
      vertex 139.889 3.06622 0
      vertex 135.375 5.00076 0
      vertex 135.449 5.11175 0
    endloop
  endfacet
  facet normal 0 0 -1
    outer loop
      vertex 139.564 2.18404 0
      vertex 135.293 4.89594 0
      vertex 135.375 5.00076 0
    endloop
  endfacet
  facet normal 0 0 -1
    outer loop
      vertex 139.042 1.40221 0
      vertex 135.202 4.79792 0
      vertex 135.293 4.89594 0
    endloop
  endfacet
  facet normal 0 0 -1
    outer loop
      vertex 138.351 0.763931 0
      vertex 135.104 4.70731 0
      vertex 135.202 4.79792 0
    endloop
  endfacet
  facet normal 0 0 -1
    outer loop
      vertex 137.531 0.304482 0
      vertex 134.999 4.62467 0
      vertex 135.104 4.70731 0
    endloop
  endfacet
  facet normal 0 0 -1
    outer loop
      vertex 136.934 0.110519 0
      vertex 134.888 4.55051 0
      vertex 134.999 4.62467 0
    endloop
  endfacet
  facet normal 0 0 -1
    outer loop
      vertex 136 0 0
      vertex 134.772 4.48529 0
      vertex 134.888 4.55051 0
    endloop
  endfacet
  facet normal 0 0 -1
    outer loop
      vertex 136 0 0
      vertex 134.651 4.4294 0
      vertex 134.772 4.48529 0
    endloop
  endfacet
  facet normal 0 0 -1
    outer loop
      vertex 136 0 0
      vertex 134.525 4.3832 0
      vertex 134.651 4.4294 0
    endloop
  endfacet
  facet normal 0 0 -1
    outer loop
      vertex 136 0 0
      vertex 134.397 4.34697 0
      vertex 134.525 4.3832 0
    endloop
  endfacet
  facet normal 0 0 -1
    outer loop
      vertex 136 0 0
      vertex 134.266 4.32093 0
      vertex 134.397 4.34697 0
    endloop
  endfacet
  facet normal 0 0 -1
    outer loop
      vertex 136 0 0
      vertex 134.133 4.30524 0
      vertex 134.266 4.32093 0
    endloop
  endfacet
  facet normal 0 0 -1
    outer loop
      vertex 136 0 0
      vertex 134 4.3 0
      vertex 134.133 4.30524 0
    endloop
  endfacet
  facet normal 0 0 -1
    outer loop
      vertex 136 0 0
      vertex 133.867 4.30524 0
      vertex 134 4.3 0
    endloop
  endfacet
  facet normal 0 0 -1
    outer loop
      vertex 136 0 0
      vertex 133.734 4.32093 0
      vertex 133.867 4.30524 0
    endloop
  endfacet
  facet normal 0 0 -1
    outer loop
      vertex 136 0 0
      vertex 133.603 4.34697 0
      vertex 133.734 4.32093 0
    endloop
  endfacet
  facet normal 0 0 -1
    outer loop
      vertex 136 0 0
      vertex 133.475 4.3832 0
      vertex 133.603 4.34697 0
    endloop
  endfacet
  facet normal 0 0 -1
    outer loop
      vertex 136 0 0
      vertex 133.349 4.4294 0
      vertex 133.475 4.3832 0
    endloop
  endfacet
  facet normal 0 0 -1
    outer loop
      vertex 136 0 0
      vertex 133.228 4.48529 0
      vertex 133.349 4.4294 0
    endloop
  endfacet
  facet normal 0 0 -1
    outer loop
      vertex 136 0 0
      vertex 133.112 4.55051 0
      vertex 133.228 4.48529 0
    endloop
  endfacet
  facet normal 0 0 -1
    outer loop
      vertex 136 0 0
      vertex 133.001 4.62467 0
      vertex 133.112 4.55051 0
    endloop
  endfacet
  facet normal 0 0 -1
    outer loop
      vertex 136 0 0
      vertex 132.896 4.70731 0
      vertex 133.001 4.62467 0
    endloop
  endfacet
  facet normal 0 0 -1
    outer loop
      vertex 136 0 0
      vertex 132.798 4.79792 0
      vertex 132.896 4.70731 0
    endloop
  endfacet
  facet normal 0 0 -1
    outer loop
      vertex 136 0 0
      vertex 132.707 4.89594 0
      vertex 132.798 4.79792 0
    endloop
  endfacet
  facet normal 0 0 -1
    outer loop
      vertex 136 0 0
      vertex 132.625 5.00076 0
      vertex 132.707 4.89594 0
    endloop
  endfacet
  facet normal 0 0 -1
    outer loop
      vertex 132.321 68.7341 0
      vertex 7.7 69 0
      vertex 132.305 68.8666 0
    endloop
  endfacet
  facet normal 0 0 -1
    outer loop
      vertex 132.305 5.86662 0
      vertex 7.7 6 0
      vertex 132.3 6 0
    endloop
  endfacet
  facet normal 0 0 -1
    outer loop
      vertex 7.69476 5.86662 0
      vertex 132.305 5.86662 0
      vertex 132.321 5.73406 0
    endloop
  endfacet
  facet normal 0 0 -1
    outer loop
      vertex 7.67907 5.73406 0
      vertex 132.321 5.73406 0
      vertex 132.347 5.60314 0
    endloop
  endfacet
  facet normal 0 0 -1
    outer loop
      vertex 7.65303 5.60314 0
      vertex 132.347 5.60314 0
      vertex 132.383 5.47467 0
    endloop
  endfacet
  facet normal 0 0 -1
    outer loop
      vertex 7.6168 5.47467 0
      vertex 132.383 5.47467 0
      vertex 132.429 5.34944 0
    endloop
  endfacet
  facet normal 0 0 -1
    outer loop
      vertex 7.57059 5.34944 0
      vertex 132.429 5.34944 0
      vertex 132.485 5.22822 0
    endloop
  endfacet
  facet normal 0 0 -1
    outer loop
      vertex 7.51471 5.22822 0
      vertex 132.485 5.22822 0
      vertex 132.551 5.11175 0
    endloop
  endfacet
  facet normal 0 0 -1
    outer loop
      vertex 7.44949 5.11175 0
      vertex 132.551 5.11175 0
      vertex 132.625 5.00076 0
    endloop
  endfacet
  facet normal 0 0 -1
    outer loop
      vertex 7.37533 5.00076 0
      vertex 132.625 5.00076 0
      vertex 136 0 0
    endloop
  endfacet
  facet normal 0 0 -1
    outer loop
      vertex 132.305 5.86662 0
      vertex 7.69476 5.86662 0
      vertex 7.7 6 0
    endloop
  endfacet
  facet normal 0 0 -1
    outer loop
      vertex 132.321 5.73406 0
      vertex 7.67907 5.73406 0
      vertex 7.69476 5.86662 0
    endloop
  endfacet
  facet normal 0 0 -1
    outer loop
      vertex 132.347 5.60314 0
      vertex 7.65303 5.60314 0
      vertex 7.67907 5.73406 0
    endloop
  endfacet
  facet normal 0 0 -1
    outer loop
      vertex 132.383 5.47467 0
      vertex 7.6168 5.47467 0
      vertex 7.65303 5.60314 0
    endloop
  endfacet
  facet normal 0 0 -1
    outer loop
      vertex 132.429 5.34944 0
      vertex 7.57059 5.34944 0
      vertex 7.6168 5.47467 0
    endloop
  endfacet
  facet normal 0 0 -1
    outer loop
      vertex 132.485 5.22822 0
      vertex 7.51471 5.22822 0
      vertex 7.57059 5.34944 0
    endloop
  endfacet
  facet normal 0 0 -1
    outer loop
      vertex 132.551 5.11175 0
      vertex 7.44949 5.11175 0
      vertex 7.51471 5.22822 0
    endloop
  endfacet
  facet normal 0 0 -1
    outer loop
      vertex 132.625 5.00076 0
      vertex 7.37533 5.00076 0
      vertex 7.44949 5.11175 0
    endloop
  endfacet
  facet normal 0 0 -1
    outer loop
      vertex 4 0 0
      vertex 7.37533 5.00076 0
      vertex 136 0 0
    endloop
  endfacet
  facet normal 0 0 -1
    outer loop
      vertex 7.37533 5.00076 0
      vertex 4 0 0
      vertex 7.29269 4.89594 0
    endloop
  endfacet
  facet normal 0 0 -1
    outer loop
      vertex 7.29269 4.89594 0
      vertex 4 0 0
      vertex 7.20208 4.79792 0
    endloop
  endfacet
  facet normal 0 0 -1
    outer loop
      vertex 7.20208 4.79792 0
      vertex 4 0 0
      vertex 7.10406 4.70731 0
    endloop
  endfacet
  facet normal 0 0 -1
    outer loop
      vertex 7.10406 4.70731 0
      vertex 4 0 0
      vertex 6.99923 4.62467 0
    endloop
  endfacet
  facet normal 0 0 -1
    outer loop
      vertex 6.99923 4.62467 0
      vertex 4 0 0
      vertex 6.88825 4.55051 0
    endloop
  endfacet
  facet normal 0 0 -1
    outer loop
      vertex 6.88825 4.55051 0
      vertex 4 0 0
      vertex 6.77178 4.48529 0
    endloop
  endfacet
  facet normal 0 0 -1
    outer loop
      vertex 6.77178 4.48529 0
      vertex 4 0 0
      vertex 6.65056 4.4294 0
    endloop
  endfacet
  facet normal 0 0 -1
    outer loop
      vertex 6.65056 4.4294 0
      vertex 4 0 0
      vertex 6.52533 4.3832 0
    endloop
  endfacet
  facet normal 0 0 -1
    outer loop
      vertex 6.52533 4.3832 0
      vertex 4 0 0
      vertex 6.39686 4.34697 0
    endloop
  endfacet
  facet normal 0 0 -1
    outer loop
      vertex 6.39686 4.34697 0
      vertex 4 0 0
      vertex 6.26594 4.32093 0
    endloop
  endfacet
  facet normal 0 0 -1
    outer loop
      vertex 6.26594 4.32093 0
      vertex 4 0 0
      vertex 6.13338 4.30524 0
    endloop
  endfacet
  facet normal 0 0 -1
    outer loop
      vertex 0.958376 1.40221 0
      vertex 4.79792 4.79792 0
      vertex 1.17157 1.17157 0
    endloop
  endfacet
  facet normal 0 0 -1
    outer loop
      vertex 1.17157 1.17157 0
      vertex 4.79792 4.79792 0
      vertex 1.40221 0.958376 0
    endloop
  endfacet
  facet normal 0 0 -1
    outer loop
      vertex 1.40221 0.958376 0
      vertex 4.79792 4.79792 0
      vertex 1.64886 0.763931 0
    endloop
  endfacet
  facet normal -0 0 -1
    outer loop
      vertex 4.89594 4.70731 0
      vertex 1.64886 0.763931 0
      vertex 4.79792 4.79792 0
    endloop
  endfacet
  facet normal 0 0 -1
    outer loop
      vertex 1.64886 0.763931 0
      vertex 4.89594 4.70731 0
      vertex 1.91001 0.589438 0
    endloop
  endfacet
  facet normal 0 0 -1
    outer loop
      vertex 1.91001 0.589438 0
      vertex 4.89594 4.70731 0
      vertex 2.18404 0.435973 0
    endloop
  endfacet
  facet normal 0 0 -1
    outer loop
      vertex 2.18404 0.435973 0
      vertex 4.89594 4.70731 0
      vertex 2.46927 0.304482 0
    endloop
  endfacet
  facet normal -0 0 -1
    outer loop
      vertex 5.00076 4.62467 0
      vertex 2.46927 0.304482 0
      vertex 4.89594 4.70731 0
    endloop
  endfacet
  facet normal 0 0 -1
    outer loop
      vertex 2.46927 0.304482 0
      vertex 5.00076 4.62467 0
      vertex 2.76393 0.195773 0
    endloop
  endfacet
  facet normal 0 0 -1
    outer loop
      vertex 2.76393 0.195773 0
      vertex 5.00076 4.62467 0
      vertex 3.06622 0.110519 0
    endloop
  endfacet
  facet normal -0 0 -1
    outer loop
      vertex 5.11175 4.55051 0
      vertex 3.06622 0.110519 0
      vertex 5.00076 4.62467 0
    endloop
  endfacet
  facet normal 0 0 -1
    outer loop
      vertex 3.06622 0.110519 0
      vertex 5.11175 4.55051 0
      vertex 3.37426 0.0492458 0
    endloop
  endfacet
  facet normal 0 0 -1
    outer loop
      vertex 3.37426 0.0492458 0
      vertex 5.11175 4.55051 0
      vertex 3.68616 0.0123301 0
    endloop
  endfacet
  facet normal 0 0 -1
    outer loop
      vertex 3.68616 0.0123301 0
      vertex 5.11175 4.55051 0
      vertex 4 0 0
    endloop
  endfacet
  facet normal -0 0 -1
    outer loop
      vertex 5.22822 4.48529 0
      vertex 4 0 0
      vertex 5.11175 4.55051 0
    endloop
  endfacet
  facet normal -0 0 -1
    outer loop
      vertex 5.34944 4.4294 0
      vertex 4 0 0
      vertex 5.22822 4.48529 0
    endloop
  endfacet
  facet normal -0 0 -1
    outer loop
      vertex 5.47467 4.3832 0
      vertex 4 0 0
      vertex 5.34944 4.4294 0
    endloop
  endfacet
  facet normal -0 0 -1
    outer loop
      vertex 5.60314 4.34697 0
      vertex 4 0 0
      vertex 5.47467 4.3832 0
    endloop
  endfacet
  facet normal -0 0 -1
    outer loop
      vertex 5.73406 4.32093 0
      vertex 4 0 0
      vertex 5.60314 4.34697 0
    endloop
  endfacet
  facet normal -0 0 -1
    outer loop
      vertex 5.86662 4.30524 0
      vertex 4 0 0
      vertex 5.73406 4.32093 0
    endloop
  endfacet
  facet normal -0 0 -1
    outer loop
      vertex 6 4.3 0
      vertex 4 0 0
      vertex 5.86662 4.30524 0
    endloop
  endfacet
  facet normal 0 0 -1
    outer loop
      vertex 6.13338 4.30524 0
      vertex 4 0 0
      vertex 6 4.3 0
    endloop
  endfacet
  facet normal -0 0 -1
    outer loop
      vertex 139.042 73.5978 0
      vertex 135.202 70.2021 0
      vertex 138.828 73.8284 0
    endloop
  endfacet
  facet normal -0 0 -1
    outer loop
      vertex 138.828 73.8284 0
      vertex 135.202 70.2021 0
      vertex 138.598 74.0416 0
    endloop
  endfacet
  facet normal -0 0 -1
    outer loop
      vertex 138.598 74.0416 0
      vertex 135.202 70.2021 0
      vertex 138.351 74.2361 0
    endloop
  endfacet
  facet normal 0 0 -1
    outer loop
      vertex 135.104 70.2927 0
      vertex 138.351 74.2361 0
      vertex 135.202 70.2021 0
    endloop
  endfacet
  facet normal -0 0 -1
    outer loop
      vertex 138.351 74.2361 0
      vertex 135.104 70.2927 0
      vertex 138.09 74.4106 0
    endloop
  endfacet
  facet normal -0 0 -1
    outer loop
      vertex 138.09 74.4106 0
      vertex 135.104 70.2927 0
      vertex 137.816 74.564 0
    endloop
  endfacet
  facet normal -0 0 -1
    outer loop
      vertex 137.816 74.564 0
      vertex 135.104 70.2927 0
      vertex 137.531 74.6955 0
    endloop
  endfacet
  facet normal 0 0 -1
    outer loop
      vertex 134.999 70.3753 0
      vertex 137.531 74.6955 0
      vertex 135.104 70.2927 0
    endloop
  endfacet
  facet normal -0 0 -1
    outer loop
      vertex 137.531 74.6955 0
      vertex 134.999 70.3753 0
      vertex 137.236 74.8042 0
    endloop
  endfacet
  facet normal -0 0 -1
    outer loop
      vertex 137.236 74.8042 0
      vertex 134.999 70.3753 0
      vertex 136.934 74.8895 0
    endloop
  endfacet
  facet normal 0 0 -1
    outer loop
      vertex 134.888 70.4495 0
      vertex 136.934 74.8895 0
      vertex 134.999 70.3753 0
    endloop
  endfacet
  facet normal -0 0 -1
    outer loop
      vertex 136.934 74.8895 0
      vertex 134.888 70.4495 0
      vertex 136.626 74.9508 0
    endloop
  endfacet
  facet normal -0 0 -1
    outer loop
      vertex 136.626 74.9508 0
      vertex 134.888 70.4495 0
      vertex 136.314 74.9877 0
    endloop
  endfacet
  facet normal -0 0 -1
    outer loop
      vertex 136.314 74.9877 0
      vertex 134.888 70.4495 0
      vertex 136 75 0
    endloop
  endfacet
  facet normal 0 0 -1
    outer loop
      vertex 134.772 70.5147 0
      vertex 136 75 0
      vertex 134.888 70.4495 0
    endloop
  endfacet
  facet normal 0 0 -1
    outer loop
      vertex 134.651 70.5706 0
      vertex 136 75 0
      vertex 134.772 70.5147 0
    endloop
  endfacet
  facet normal 0 0 -1
    outer loop
      vertex 134.525 70.6168 0
      vertex 136 75 0
      vertex 134.651 70.5706 0
    endloop
  endfacet
  facet normal 0 0 -1
    outer loop
      vertex 134.397 70.653 0
      vertex 136 75 0
      vertex 134.525 70.6168 0
    endloop
  endfacet
  facet normal 0 0 -1
    outer loop
      vertex 134.266 70.6791 0
      vertex 136 75 0
      vertex 134.397 70.653 0
    endloop
  endfacet
  facet normal 0 0 -1
    outer loop
      vertex 134.133 70.6948 0
      vertex 136 75 0
      vertex 134.266 70.6791 0
    endloop
  endfacet
  facet normal 0 0 -1
    outer loop
      vertex 134 70.7 0
      vertex 136 75 0
      vertex 134.133 70.6948 0
    endloop
  endfacet
  facet normal 0 0 -1
    outer loop
      vertex 133.867 70.6948 0
      vertex 136 75 0
      vertex 134 70.7 0
    endloop
  endfacet
  facet normal 0 0 -1
    outer loop
      vertex 133.734 70.6791 0
      vertex 136 75 0
      vertex 133.867 70.6948 0
    endloop
  endfacet
  facet normal 0 0 -1
    outer loop
      vertex 133.603 70.653 0
      vertex 136 75 0
      vertex 133.734 70.6791 0
    endloop
  endfacet
  facet normal 0 0 -1
    outer loop
      vertex 133.475 70.6168 0
      vertex 136 75 0
      vertex 133.603 70.653 0
    endloop
  endfacet
  facet normal 0 0 -1
    outer loop
      vertex 133.349 70.5706 0
      vertex 136 75 0
      vertex 133.475 70.6168 0
    endloop
  endfacet
  facet normal 0 0 -1
    outer loop
      vertex 133.228 70.5147 0
      vertex 136 75 0
      vertex 133.349 70.5706 0
    endloop
  endfacet
  facet normal 0 0 -1
    outer loop
      vertex 133.112 70.4495 0
      vertex 136 75 0
      vertex 133.228 70.5147 0
    endloop
  endfacet
  facet normal 0 0 -1
    outer loop
      vertex 133.001 70.3753 0
      vertex 136 75 0
      vertex 133.112 70.4495 0
    endloop
  endfacet
  facet normal 0 0 -1
    outer loop
      vertex 132.896 70.2927 0
      vertex 136 75 0
      vertex 133.001 70.3753 0
    endloop
  endfacet
  facet normal 0 0 -1
    outer loop
      vertex 132.798 70.2021 0
      vertex 136 75 0
      vertex 132.896 70.2927 0
    endloop
  endfacet
  facet normal 0 0 -1
    outer loop
      vertex 132.707 70.1041 0
      vertex 136 75 0
      vertex 132.798 70.2021 0
    endloop
  endfacet
  facet normal 0 0 -1
    outer loop
      vertex 132.625 69.9992 0
      vertex 136 75 0
      vertex 132.707 70.1041 0
    endloop
  endfacet
  facet normal 0 0 -1
    outer loop
      vertex 132.305 68.8666 0
      vertex 7.7 69 0
      vertex 132.3 69 0
    endloop
  endfacet
  facet normal 0 0 -1
    outer loop
      vertex 132.3 69 0
      vertex 7.7 69 0
      vertex 132.305 69.1334 0
    endloop
  endfacet
  facet normal 0 0 -1
    outer loop
      vertex 7.69476 69.1334 0
      vertex 132.305 69.1334 0
      vertex 7.7 69 0
    endloop
  endfacet
  facet normal 0 0 -1
    outer loop
      vertex 132.305 69.1334 0
      vertex 7.69476 69.1334 0
      vertex 132.321 69.2659 0
    endloop
  endfacet
  facet normal 0 0 -1
    outer loop
      vertex 7.67907 69.2659 0
      vertex 132.321 69.2659 0
      vertex 7.69476 69.1334 0
    endloop
  endfacet
  facet normal 0 0 -1
    outer loop
      vertex 132.321 69.2659 0
      vertex 7.67907 69.2659 0
      vertex 132.347 69.3969 0
    endloop
  endfacet
  facet normal 0 0 -1
    outer loop
      vertex 7.65303 69.3969 0
      vertex 132.347 69.3969 0
      vertex 7.67907 69.2659 0
    endloop
  endfacet
  facet normal 0 0 -1
    outer loop
      vertex 132.347 69.3969 0
      vertex 7.65303 69.3969 0
      vertex 132.383 69.5253 0
    endloop
  endfacet
  facet normal 0 0 -1
    outer loop
      vertex 7.6168 69.5253 0
      vertex 132.383 69.5253 0
      vertex 7.65303 69.3969 0
    endloop
  endfacet
  facet normal 0 0 -1
    outer loop
      vertex 132.383 69.5253 0
      vertex 7.6168 69.5253 0
      vertex 132.429 69.6506 0
    endloop
  endfacet
  facet normal 0 0 -1
    outer loop
      vertex 7.57059 69.6506 0
      vertex 132.429 69.6506 0
      vertex 7.6168 69.5253 0
    endloop
  endfacet
  facet normal 0 0 -1
    outer loop
      vertex 132.429 69.6506 0
      vertex 7.57059 69.6506 0
      vertex 132.485 69.7718 0
    endloop
  endfacet
  facet normal 0 0 -1
    outer loop
      vertex 7.51471 69.7718 0
      vertex 132.485 69.7718 0
      vertex 7.57059 69.6506 0
    endloop
  endfacet
  facet normal 0 0 -1
    outer loop
      vertex 132.485 69.7718 0
      vertex 7.51471 69.7718 0
      vertex 132.551 69.8882 0
    endloop
  endfacet
  facet normal 0 0 -1
    outer loop
      vertex 7.44949 69.8882 0
      vertex 132.551 69.8882 0
      vertex 7.51471 69.7718 0
    endloop
  endfacet
  facet normal 0 0 -1
    outer loop
      vertex 132.551 69.8882 0
      vertex 7.44949 69.8882 0
      vertex 132.625 69.9992 0
    endloop
  endfacet
  facet normal 0 0 -1
    outer loop
      vertex 7.37533 69.9992 0
      vertex 132.625 69.9992 0
      vertex 7.44949 69.8882 0
    endloop
  endfacet
  facet normal 0 0 -1
    outer loop
      vertex 132.625 69.9992 0
      vertex 7.37533 69.9992 0
      vertex 136 75 0
    endloop
  endfacet
  facet normal 0 0 -1
    outer loop
      vertex 4 75 0
      vertex 7.37533 69.9992 0
      vertex 7.29269 70.1041 0
    endloop
  endfacet
  facet normal 0 0 -1
    outer loop
      vertex 4 75 0
      vertex 7.29269 70.1041 0
      vertex 7.20208 70.2021 0
    endloop
  endfacet
  facet normal 0 0 -1
    outer loop
      vertex 4 75 0
      vertex 7.20208 70.2021 0
      vertex 7.10406 70.2927 0
    endloop
  endfacet
  facet normal 0 0 -1
    outer loop
      vertex 4 75 0
      vertex 7.10406 70.2927 0
      vertex 6.99923 70.3753 0
    endloop
  endfacet
  facet normal 0 0 -1
    outer loop
      vertex 4 75 0
      vertex 6.99923 70.3753 0
      vertex 6.88825 70.4495 0
    endloop
  endfacet
  facet normal 0 0 -1
    outer loop
      vertex 4 75 0
      vertex 6.88825 70.4495 0
      vertex 6.77178 70.5147 0
    endloop
  endfacet
  facet normal 0 0 -1
    outer loop
      vertex 4 75 0
      vertex 6.77178 70.5147 0
      vertex 6.65056 70.5706 0
    endloop
  endfacet
  facet normal 0 0 -1
    outer loop
      vertex 4 75 0
      vertex 6.65056 70.5706 0
      vertex 6.52533 70.6168 0
    endloop
  endfacet
  facet normal 0 0 -1
    outer loop
      vertex 4 75 0
      vertex 6.52533 70.6168 0
      vertex 6.39686 70.653 0
    endloop
  endfacet
  facet normal 0 0 -1
    outer loop
      vertex 4 75 0
      vertex 6.39686 70.653 0
      vertex 6.26594 70.6791 0
    endloop
  endfacet
  facet normal 0 0 -1
    outer loop
      vertex 4 75 0
      vertex 6.26594 70.6791 0
      vertex 6.13338 70.6948 0
    endloop
  endfacet
  facet normal 0 0 -1
    outer loop
      vertex 4 75 0
      vertex 6.13338 70.6948 0
      vertex 6 70.7 0
    endloop
  endfacet
  facet normal 0 0 -1
    outer loop
      vertex 7.37533 69.9992 0
      vertex 4 75 0
      vertex 136 75 0
    endloop
  endfacet
  facet normal 0 0 -1
    outer loop
      vertex 5.86662 70.6948 0
      vertex 4 75 0
      vertex 6 70.7 0
    endloop
  endfacet
  facet normal 0 0 -1
    outer loop
      vertex 5.73406 70.6791 0
      vertex 4 75 0
      vertex 5.86662 70.6948 0
    endloop
  endfacet
  facet normal 0 0 -1
    outer loop
      vertex 5.60314 70.653 0
      vertex 4 75 0
      vertex 5.73406 70.6791 0
    endloop
  endfacet
  facet normal 0 0 -1
    outer loop
      vertex 5.47467 70.6168 0
      vertex 4 75 0
      vertex 5.60314 70.653 0
    endloop
  endfacet
  facet normal 0 0 -1
    outer loop
      vertex 5.34944 70.5706 0
      vertex 4 75 0
      vertex 5.47467 70.6168 0
    endloop
  endfacet
  facet normal 0 0 -1
    outer loop
      vertex 5.22822 70.5147 0
      vertex 4 75 0
      vertex 5.34944 70.5706 0
    endloop
  endfacet
  facet normal 0 0 -1
    outer loop
      vertex 5.11175 70.4495 0
      vertex 4 75 0
      vertex 5.22822 70.5147 0
    endloop
  endfacet
  facet normal 0 0 -1
    outer loop
      vertex 3.06622 74.8895 0
      vertex 5.11175 70.4495 0
      vertex 5.00076 70.3753 0
    endloop
  endfacet
  facet normal 0 0 -1
    outer loop
      vertex 2.46927 74.6955 0
      vertex 5.00076 70.3753 0
      vertex 4.89594 70.2927 0
    endloop
  endfacet
  facet normal 0 0 -1
    outer loop
      vertex 1.64886 74.2361 0
      vertex 4.89594 70.2927 0
      vertex 4.79792 70.2021 0
    endloop
  endfacet
  facet normal 0 0 -1
    outer loop
      vertex 0.958376 73.5978 0
      vertex 4.79792 70.2021 0
      vertex 4.70731 70.1041 0
    endloop
  endfacet
  facet normal 0 0 -1
    outer loop
      vertex 0.435973 72.816 0
      vertex 4.70731 70.1041 0
      vertex 4.62467 69.9992 0
    endloop
  endfacet
  facet normal 0 0 -1
    outer loop
      vertex 0.110519 71.9338 0
      vertex 4.62467 69.9992 0
      vertex 4.55051 69.8882 0
    endloop
  endfacet
  facet normal 0 0 -1
    outer loop
      vertex 0 71 0
      vertex 4.55051 69.8882 0
      vertex 4.48529 69.7718 0
    endloop
  endfacet
  facet normal 0 0 -1
    outer loop
      vertex 0 71 0
      vertex 4.48529 69.7718 0
      vertex 4.4294 69.6506 0
    endloop
  endfacet
  facet normal 0 0 -1
    outer loop
      vertex 0 71 0
      vertex 4.4294 69.6506 0
      vertex 4.3832 69.5253 0
    endloop
  endfacet
  facet normal 0 0 -1
    outer loop
      vertex 0 71 0
      vertex 4.3832 69.5253 0
      vertex 4.34697 69.3969 0
    endloop
  endfacet
  facet normal 0 0 -1
    outer loop
      vertex 0 71 0
      vertex 4.34697 69.3969 0
      vertex 4.32093 69.2659 0
    endloop
  endfacet
  facet normal 0 0 -1
    outer loop
      vertex 0 71 0
      vertex 4.32093 69.2659 0
      vertex 4.30524 69.1334 0
    endloop
  endfacet
  facet normal 0 0 -1
    outer loop
      vertex 0 71 0
      vertex 4.30524 69.1334 0
      vertex 4.3 69 0
    endloop
  endfacet
  facet normal 0 0 -1
    outer loop
      vertex 4.32093 68.7341 0
      vertex 0 71 0
      vertex 4.30524 68.8666 0
    endloop
  endfacet
  facet normal -0 0 -1
    outer loop
      vertex 4.79792 4.79792 0
      vertex 0.958376 1.40221 0
      vertex 4.70731 4.89594 0
    endloop
  endfacet
  facet normal 0 0 -1
    outer loop
      vertex 4.30524 68.8666 0
      vertex 0 71 0
      vertex 4.3 69 0
    endloop
  endfacet
  facet normal 0 0 -1
    outer loop
      vertex 0.763931 1.64886 0
      vertex 4.70731 4.89594 0
      vertex 0.958376 1.40221 0
    endloop
  endfacet
  facet normal 0 0 -1
    outer loop
      vertex 4.55051 69.8882 0
      vertex 0 71 0
      vertex 0.0123301 71.3138 0
    endloop
  endfacet
  facet normal 0 0 -1
    outer loop
      vertex 0.589438 1.91001 0
      vertex 4.70731 4.89594 0
      vertex 0.763931 1.64886 0
    endloop
  endfacet
  facet normal 0 0 -1
    outer loop
      vertex 5.11175 70.4495 0
      vertex 3.68616 74.9877 0
      vertex 4 75 0
    endloop
  endfacet
  facet normal 0 0 -1
    outer loop
      vertex 0.435973 2.18404 0
      vertex 4.70731 4.89594 0
      vertex 0.589438 1.91001 0
    endloop
  endfacet
  facet normal 0 0 -1
    outer loop
      vertex 5.11175 70.4495 0
      vertex 3.37426 74.9508 0
      vertex 3.68616 74.9877 0
    endloop
  endfacet
  facet normal -0 0 -1
    outer loop
      vertex 4.70731 4.89594 0
      vertex 0.435973 2.18404 0
      vertex 4.62467 5.00076 0
    endloop
  endfacet
  facet normal 0 0 -1
    outer loop
      vertex 5.11175 70.4495 0
      vertex 3.06622 74.8895 0
      vertex 3.37426 74.9508 0
    endloop
  endfacet
  facet normal 0 0 -1
    outer loop
      vertex 0.304482 2.46927 0
      vertex 4.62467 5.00076 0
      vertex 0.435973 2.18404 0
    endloop
  endfacet
  facet normal 0 0 -1
    outer loop
      vertex 5.00076 70.3753 0
      vertex 2.76393 74.8042 0
      vertex 3.06622 74.8895 0
    endloop
  endfacet
  facet normal 0 0 -1
    outer loop
      vertex 0.195773 2.76393 0
      vertex 4.62467 5.00076 0
      vertex 0.304482 2.46927 0
    endloop
  endfacet
  facet normal 0 0 -1
    outer loop
      vertex 5.00076 70.3753 0
      vertex 2.46927 74.6955 0
      vertex 2.76393 74.8042 0
    endloop
  endfacet
  facet normal 0 0 -1
    outer loop
      vertex 0.110519 3.06622 0
      vertex 4.62467 5.00076 0
      vertex 0.195773 2.76393 0
    endloop
  endfacet
  facet normal 0 0 -1
    outer loop
      vertex 4.89594 70.2927 0
      vertex 2.18404 74.564 0
      vertex 2.46927 74.6955 0
    endloop
  endfacet
  facet normal -0 0 -1
    outer loop
      vertex 4.62467 5.00076 0
      vertex 0.110519 3.06622 0
      vertex 4.55051 5.11175 0
    endloop
  endfacet
  facet normal 0 0 -1
    outer loop
      vertex 4.89594 70.2927 0
      vertex 1.91001 74.4106 0
      vertex 2.18404 74.564 0
    endloop
  endfacet
  facet normal 0 0 -1
    outer loop
      vertex 0.0492458 3.37426 0
      vertex 4.55051 5.11175 0
      vertex 0.110519 3.06622 0
    endloop
  endfacet
  facet normal 0 0 -1
    outer loop
      vertex 4.89594 70.2927 0
      vertex 1.64886 74.2361 0
      vertex 1.91001 74.4106 0
    endloop
  endfacet
  facet normal 0 0 -1
    outer loop
      vertex 0.0123301 3.68616 0
      vertex 4.55051 5.11175 0
      vertex 0.0492458 3.37426 0
    endloop
  endfacet
  facet normal 0 0 -1
    outer loop
      vertex 4.79792 70.2021 0
      vertex 1.40221 74.0416 0
      vertex 1.64886 74.2361 0
    endloop
  endfacet
  facet normal 0 0 -1
    outer loop
      vertex 0 4 0
      vertex 4.55051 5.11175 0
      vertex 0.0123301 3.68616 0
    endloop
  endfacet
  facet normal 0 0 -1
    outer loop
      vertex 4.79792 70.2021 0
      vertex 1.17157 73.8284 0
      vertex 1.40221 74.0416 0
    endloop
  endfacet
  facet normal -0 0 -1
    outer loop
      vertex 4.55051 5.11175 0
      vertex 0 4 0
      vertex 4.48529 5.22822 0
    endloop
  endfacet
  facet normal 0 0 -1
    outer loop
      vertex 4.79792 70.2021 0
      vertex 0.958376 73.5978 0
      vertex 1.17157 73.8284 0
    endloop
  endfacet
  facet normal -0 0 -1
    outer loop
      vertex 4.48529 5.22822 0
      vertex 0 4 0
      vertex 4.4294 5.34944 0
    endloop
  endfacet
  facet normal 0 0 -1
    outer loop
      vertex 4.70731 70.1041 0
      vertex 0.763931 73.3511 0
      vertex 0.958376 73.5978 0
    endloop
  endfacet
  facet normal -0 0 -1
    outer loop
      vertex 4.4294 5.34944 0
      vertex 0 4 0
      vertex 4.3832 5.47467 0
    endloop
  endfacet
  facet normal 0 0 -1
    outer loop
      vertex 4.70731 70.1041 0
      vertex 0.589438 73.09 0
      vertex 0.763931 73.3511 0
    endloop
  endfacet
  facet normal -0 0 -1
    outer loop
      vertex 4.3832 5.47467 0
      vertex 0 4 0
      vertex 4.34697 5.60314 0
    endloop
  endfacet
  facet normal 0 0 -1
    outer loop
      vertex 4.70731 70.1041 0
      vertex 0.435973 72.816 0
      vertex 0.589438 73.09 0
    endloop
  endfacet
  facet normal -0 0 -1
    outer loop
      vertex 4.34697 5.60314 0
      vertex 0 4 0
      vertex 4.32093 5.73406 0
    endloop
  endfacet
  facet normal 0 0 -1
    outer loop
      vertex 4.62467 69.9992 0
      vertex 0.304482 72.5307 0
      vertex 0.435973 72.816 0
    endloop
  endfacet
  facet normal -0 0 -1
    outer loop
      vertex 4.32093 5.73406 0
      vertex 0 4 0
      vertex 4.30524 5.86662 0
    endloop
  endfacet
  facet normal 0 0 -1
    outer loop
      vertex 4.62467 69.9992 0
      vertex 0.195773 72.2361 0
      vertex 0.304482 72.5307 0
    endloop
  endfacet
  facet normal -0 0 -1
    outer loop
      vertex 4.30524 5.86662 0
      vertex 0 4 0
      vertex 4.3 6 0
    endloop
  endfacet
  facet normal 0 0 -1
    outer loop
      vertex 4.62467 69.9992 0
      vertex 0.110519 71.9338 0
      vertex 0.195773 72.2361 0
    endloop
  endfacet
  facet normal 0 0 -1
    outer loop
      vertex 4.55051 69.8882 0
      vertex 0.0492458 71.6257 0
      vertex 0.110519 71.9338 0
    endloop
  endfacet
  facet normal 0 0 -1
    outer loop
      vertex 4.55051 69.8882 0
      vertex 0.0123301 71.3138 0
      vertex 0.0492458 71.6257 0
    endloop
  endfacet
  facet normal 0.962667 -0.270689 0
    outer loop
      vertex 139.804 2.76393 2.5
      vertex 139.889 3.06622 0
      vertex 139.889 3.06622 2.5
    endloop
  endfacet
  facet normal 0.962667 -0.270689 0
    outer loop
      vertex 139.889 3.06622 0
      vertex 139.804 2.76393 2.5
      vertex 139.804 2.76393 0
    endloop
  endfacet
  facet normal -0 0 1
    outer loop
      vertex 9.01816 68.2668 2.5
      vertex 131.046 68.0401 2.5
      vertex 9.02042 68.2749 2.5
    endloop
  endfacet
  facet normal 0 0 1
    outer loop
      vertex 131.232 7.41021 2.5
      vertex 9.10592 6.00834 2.5
      vertex 9.10625 6 2.5
    endloop
  endfacet
  facet normal 0 0 1
    outer loop
      vertex 8.95422 68.0401 2.5
      vertex 131.046 68.0401 2.5
      vertex 9.01816 68.2668 2.5
    endloop
  endfacet
  facet normal 0 0 1
    outer loop
      vertex 131.232 7.41021 2.5
      vertex 9.09667 6.24371 2.5
      vertex 9.10592 6.00834 2.5
    endloop
  endfacet
  facet normal 0 0 1
    outer loop
      vertex 131.046 68.0401 2.5
      vertex 8.95422 68.0401 2.5
      vertex 131.049 68.0323 2.5
    endloop
  endfacet
  facet normal 0 0 1
    outer loop
      vertex 131.232 7.41021 2.5
      vertex 9.06899 6.47764 2.5
      vertex 9.09667 6.24371 2.5
    endloop
  endfacet
  facet normal 0 0 1
    outer loop
      vertex 131.049 68.0323 2.5
      vertex 8.95422 68.0401 2.5
      vertex 131.13 67.8113 2.5
    endloop
  endfacet
  facet normal 0 0 1
    outer loop
      vertex 131.232 7.41021 2.5
      vertex 9.06801 6.48592 2.5
      vertex 9.06899 6.47764 2.5
    endloop
  endfacet
  facet normal -0 0 1
    outer loop
      vertex 8.95133 68.0323 2.5
      vertex 131.13 67.8113 2.5
      vertex 8.95422 68.0401 2.5
    endloop
  endfacet
  facet normal 0 0 1
    outer loop
      vertex 131.232 7.41021 2.5
      vertex 9.06638 6.49411 2.5
      vertex 9.06801 6.48592 2.5
    endloop
  endfacet
  facet normal 0 0 1
    outer loop
      vertex 8.8698 67.8113 2.5
      vertex 131.13 67.8113 2.5
      vertex 8.95133 68.0323 2.5
    endloop
  endfacet
  facet normal 0 0 1
    outer loop
      vertex 131.232 7.41021 2.5
      vertex 9.02042 6.72514 2.5
      vertex 9.06638 6.49411 2.5
    endloop
  endfacet
  facet normal 0 0 1
    outer loop
      vertex 131.13 67.8113 2.5
      vertex 8.8698 67.8113 2.5
      vertex 131.134 67.8037 2.5
    endloop
  endfacet
  facet normal 0 0 1
    outer loop
      vertex 131.232 7.41021 2.5
      vertex 9.01816 6.73317 2.5
      vertex 9.02042 6.72514 2.5
    endloop
  endfacet
  facet normal 0 0 1
    outer loop
      vertex 131.134 67.8037 2.5
      vertex 8.8698 67.8113 2.5
      vertex 131.232 67.5898 2.5
    endloop
  endfacet
  facet normal 0 0 1
    outer loop
      vertex 131.232 7.41021 2.5
      vertex 8.95422 6.95988 2.5
      vertex 9.01816 6.73317 2.5
    endloop
  endfacet
  facet normal -0 0 1
    outer loop
      vertex 8.86631 67.8037 2.5
      vertex 131.232 67.5898 2.5
      vertex 8.8698 67.8113 2.5
    endloop
  endfacet
  facet normal 0 0 1
    outer loop
      vertex 131.232 7.41021 2.5
      vertex 8.95133 6.96771 2.5
      vertex 8.95422 6.95988 2.5
    endloop
  endfacet
  facet normal 0 0 1
    outer loop
      vertex 8.76769 67.5898 2.5
      vertex 131.232 67.5898 2.5
      vertex 8.86631 67.8037 2.5
    endloop
  endfacet
  facet normal 0 0 1
    outer loop
      vertex 131.232 7.41021 2.5
      vertex 8.8698 7.18871 2.5
      vertex 8.95133 6.96771 2.5
    endloop
  endfacet
  facet normal 0 0 1
    outer loop
      vertex 131.232 67.5898 2.5
      vertex 8.76769 67.5898 2.5
      vertex 131.232 7.41021 2.5
    endloop
  endfacet
  facet normal 0 0 1
    outer loop
      vertex 131.232 7.41021 2.5
      vertex 8.86631 7.19629 2.5
      vertex 8.8698 7.18871 2.5
    endloop
  endfacet
  facet normal 0 0 1
    outer loop
      vertex 8.76769 7.41021 2.5
      vertex 131.232 7.41021 2.5
      vertex 8.76769 67.5898 2.5
    endloop
  endfacet
  facet normal 0 0 1
    outer loop
      vertex 131.232 7.41021 2.5
      vertex 8.76769 7.41021 2.5
      vertex 8.86631 7.19629 2.5
    endloop
  endfacet
  facet normal -0 0 1
    outer loop
      vertex 8.65259 67.3843 2.5
      vertex 8.76769 7.41021 2.5
      vertex 8.76769 67.5898 2.5
    endloop
  endfacet
  facet normal 0 0 1
    outer loop
      vertex 8.65259 67.3843 2.5
      vertex 8.65259 7.61573 2.5
      vertex 8.76769 7.41021 2.5
    endloop
  endfacet
  facet normal -0 0 1
    outer loop
      vertex 8.64851 67.377 2.5
      vertex 8.65259 7.61573 2.5
      vertex 8.65259 67.3843 2.5
    endloop
  endfacet
  facet normal 0 0 1
    outer loop
      vertex 8.64851 67.377 2.5
      vertex 8.64851 7.62301 2.5
      vertex 8.65259 7.61573 2.5
    endloop
  endfacet
  facet normal -0 0 1
    outer loop
      vertex 8.51764 67.1811 2.5
      vertex 8.64851 7.62301 2.5
      vertex 8.64851 67.377 2.5
    endloop
  endfacet
  facet normal 0 0 1
    outer loop
      vertex 8.51764 67.1811 2.5
      vertex 8.51764 7.81887 2.5
      vertex 8.64851 7.62301 2.5
    endloop
  endfacet
  facet normal -0 0 1
    outer loop
      vertex 8.51301 67.1742 2.5
      vertex 8.51764 7.81887 2.5
      vertex 8.51764 67.1811 2.5
    endloop
  endfacet
  facet normal 0 0 1
    outer loop
      vertex 8.51301 67.1742 2.5
      vertex 8.51301 7.82581 2.5
      vertex 8.51764 7.81887 2.5
    endloop
  endfacet
  facet normal -0 0 1
    outer loop
      vertex 8.36718 66.9892 2.5
      vertex 8.51301 7.82581 2.5
      vertex 8.51301 67.1742 2.5
    endloop
  endfacet
  facet normal 0 0 1
    outer loop
      vertex 8.36718 66.9892 2.5
      vertex 8.36718 8.0108 2.5
      vertex 8.51301 7.82581 2.5
    endloop
  endfacet
  facet normal -0 0 1
    outer loop
      vertex 8.36201 66.9827 2.5
      vertex 8.36718 8.0108 2.5
      vertex 8.36718 66.9892 2.5
    endloop
  endfacet
  facet normal 0 0 1
    outer loop
      vertex 8.36201 66.9827 2.5
      vertex 8.36201 8.01735 2.5
      vertex 8.36718 8.0108 2.5
    endloop
  endfacet
  facet normal -0 0 1
    outer loop
      vertex 8.35635 66.9765 2.5
      vertex 8.36201 8.01735 2.5
      vertex 8.36201 66.9827 2.5
    endloop
  endfacet
  facet normal 0 0 1
    outer loop
      vertex 8.35635 66.9765 2.5
      vertex 8.35635 8.02347 2.5
      vertex 8.36201 8.01735 2.5
    endloop
  endfacet
  facet normal -0 0 1
    outer loop
      vertex 8.19645 66.8036 2.5
      vertex 8.35635 8.02347 2.5
      vertex 8.35635 66.9765 2.5
    endloop
  endfacet
  facet normal 0 0 1
    outer loop
      vertex 8.19645 66.8036 2.5
      vertex 8.19645 8.19645 2.5
      vertex 8.35635 8.02347 2.5
    endloop
  endfacet
  facet normal -0 0 1
    outer loop
      vertex 8.02347 66.6437 2.5
      vertex 8.19645 8.19645 2.5
      vertex 8.19645 66.8036 2.5
    endloop
  endfacet
  facet normal 0 0 1
    outer loop
      vertex 8.02347 66.6437 2.5
      vertex 8.02347 8.35635 2.5
      vertex 8.19645 8.19645 2.5
    endloop
  endfacet
  facet normal -0 0 1
    outer loop
      vertex 8.01735 66.638 2.5
      vertex 8.02347 8.35635 2.5
      vertex 8.02347 66.6437 2.5
    endloop
  endfacet
  facet normal 0 0 1
    outer loop
      vertex 8.01735 66.638 2.5
      vertex 8.01735 8.36201 2.5
      vertex 8.02347 8.35635 2.5
    endloop
  endfacet
  facet normal -0 0 1
    outer loop
      vertex 8.0108 66.6328 2.5
      vertex 8.01735 8.36201 2.5
      vertex 8.01735 66.638 2.5
    endloop
  endfacet
  facet normal 0 0 1
    outer loop
      vertex 8.0108 66.6328 2.5
      vertex 8.0108 8.36718 2.5
      vertex 8.01735 8.36201 2.5
    endloop
  endfacet
  facet normal -0 0 1
    outer loop
      vertex 7.82581 66.487 2.5
      vertex 8.0108 8.36718 2.5
      vertex 8.0108 66.6328 2.5
    endloop
  endfacet
  facet normal 0 0 1
    outer loop
      vertex 7.82581 66.487 2.5
      vertex 7.82581 8.51301 2.5
      vertex 8.0108 8.36718 2.5
    endloop
  endfacet
  facet normal -0 0 1
    outer loop
      vertex 7.81887 66.4824 2.5
      vertex 7.82581 8.51301 2.5
      vertex 7.82581 66.487 2.5
    endloop
  endfacet
  facet normal 0 0 1
    outer loop
      vertex 7.81887 66.4824 2.5
      vertex 7.81887 8.51764 2.5
      vertex 7.82581 8.51301 2.5
    endloop
  endfacet
  facet normal -0 0 1
    outer loop
      vertex 7.62301 66.3515 2.5
      vertex 7.81887 8.51764 2.5
      vertex 7.81887 66.4824 2.5
    endloop
  endfacet
  facet normal 0 0 1
    outer loop
      vertex 7.62301 66.3515 2.5
      vertex 7.62301 8.64851 2.5
      vertex 7.81887 8.51764 2.5
    endloop
  endfacet
  facet normal -0 0 1
    outer loop
      vertex 7.61573 66.3474 2.5
      vertex 7.62301 8.64851 2.5
      vertex 7.62301 66.3515 2.5
    endloop
  endfacet
  facet normal 0 0 1
    outer loop
      vertex 7.61573 66.3474 2.5
      vertex 7.61573 8.65259 2.5
      vertex 7.62301 8.64851 2.5
    endloop
  endfacet
  facet normal -0 0 1
    outer loop
      vertex 7.41021 66.2323 2.5
      vertex 7.61573 8.65259 2.5
      vertex 7.61573 66.3474 2.5
    endloop
  endfacet
  facet normal 0 0 1
    outer loop
      vertex 7.41021 66.2323 2.5
      vertex 7.41021 8.76769 2.5
      vertex 7.61573 8.65259 2.5
    endloop
  endfacet
  facet normal -0 0 1
    outer loop
      vertex 7.19629 66.1337 2.5
      vertex 7.41021 8.76769 2.5
      vertex 7.41021 66.2323 2.5
    endloop
  endfacet
  facet normal 0 0 1
    outer loop
      vertex 7.19629 66.1337 2.5
      vertex 7.19629 8.86631 2.5
      vertex 7.41021 8.76769 2.5
    endloop
  endfacet
  facet normal -0 0 1
    outer loop
      vertex 7.18871 66.1302 2.5
      vertex 7.19629 8.86631 2.5
      vertex 7.19629 66.1337 2.5
    endloop
  endfacet
  facet normal 0 0 1
    outer loop
      vertex 7.18871 66.1302 2.5
      vertex 7.18871 8.8698 2.5
      vertex 7.19629 8.86631 2.5
    endloop
  endfacet
  facet normal -0 0 1
    outer loop
      vertex 6.96771 66.0487 2.5
      vertex 7.18871 8.8698 2.5
      vertex 7.18871 66.1302 2.5
    endloop
  endfacet
  facet normal 0 0 1
    outer loop
      vertex 6.96771 66.0487 2.5
      vertex 6.96771 8.95133 2.5
      vertex 7.18871 8.8698 2.5
    endloop
  endfacet
  facet normal -0 0 1
    outer loop
      vertex 6.95988 66.0458 2.5
      vertex 6.96771 8.95133 2.5
      vertex 6.96771 66.0487 2.5
    endloop
  endfacet
  facet normal 0 0 1
    outer loop
      vertex 6.95988 66.0458 2.5
      vertex 6.95988 8.95422 2.5
      vertex 6.96771 8.95133 2.5
    endloop
  endfacet
  facet normal -0 0 1
    outer loop
      vertex 6.73317 65.9818 2.5
      vertex 6.95988 8.95422 2.5
      vertex 6.95988 66.0458 2.5
    endloop
  endfacet
  facet normal 0 0 1
    outer loop
      vertex 6.73317 65.9818 2.5
      vertex 6.73317 9.01816 2.5
      vertex 6.95988 8.95422 2.5
    endloop
  endfacet
  facet normal -0 0 1
    outer loop
      vertex 6.72514 65.9796 2.5
      vertex 6.73317 9.01816 2.5
      vertex 6.73317 65.9818 2.5
    endloop
  endfacet
  facet normal 0 0 1
    outer loop
      vertex 6.72514 65.9796 2.5
      vertex 6.72514 9.02042 2.5
      vertex 6.73317 9.01816 2.5
    endloop
  endfacet
  facet normal -0 0 1
    outer loop
      vertex 6.49411 65.9336 2.5
      vertex 6.72514 9.02042 2.5
      vertex 6.72514 65.9796 2.5
    endloop
  endfacet
  facet normal 0 0 1
    outer loop
      vertex 6.49411 65.9336 2.5
      vertex 6.49411 9.06638 2.5
      vertex 6.72514 9.02042 2.5
    endloop
  endfacet
  facet normal -0 0 1
    outer loop
      vertex 6.48592 65.932 2.5
      vertex 6.49411 9.06638 2.5
      vertex 6.49411 65.9336 2.5
    endloop
  endfacet
  facet normal 0 0 1
    outer loop
      vertex 6.48592 65.932 2.5
      vertex 6.48592 9.06801 2.5
      vertex 6.49411 9.06638 2.5
    endloop
  endfacet
  facet normal -0 0 1
    outer loop
      vertex 6.47764 65.931 2.5
      vertex 6.48592 9.06801 2.5
      vertex 6.48592 65.932 2.5
    endloop
  endfacet
  facet normal 0 0 1
    outer loop
      vertex 6.47764 65.931 2.5
      vertex 6.47764 9.06899 2.5
      vertex 6.48592 9.06801 2.5
    endloop
  endfacet
  facet normal -0 0 1
    outer loop
      vertex 6.24371 65.9033 2.5
      vertex 6.47764 9.06899 2.5
      vertex 6.47764 65.931 2.5
    endloop
  endfacet
  facet normal 0 0 1
    outer loop
      vertex 6.24371 65.9033 2.5
      vertex 6.24371 9.09667 2.5
      vertex 6.47764 9.06899 2.5
    endloop
  endfacet
  facet normal -0 0 1
    outer loop
      vertex 6.00834 65.8941 2.5
      vertex 6.24371 9.09667 2.5
      vertex 6.24371 65.9033 2.5
    endloop
  endfacet
  facet normal 0 0 1
    outer loop
      vertex 6.00834 65.8941 2.5
      vertex 6.00834 9.10592 2.5
      vertex 6.24371 9.09667 2.5
    endloop
  endfacet
  facet normal -0 0 1
    outer loop
      vertex 6 65.8937 2.5
      vertex 6.00834 9.10592 2.5
      vertex 6.00834 65.8941 2.5
    endloop
  endfacet
  facet normal 0 0 1
    outer loop
      vertex 6 65.8937 2.5
      vertex 6 9.10625 2.5
      vertex 6.00834 9.10592 2.5
    endloop
  endfacet
  facet normal 0 0 1
    outer loop
      vertex 5.99166 65.8941 2.5
      vertex 6 9.10625 2.5
      vertex 6 65.8937 2.5
    endloop
  endfacet
  facet normal 0 0 1
    outer loop
      vertex 5.99166 65.8941 2.5
      vertex 5.99166 9.10592 2.5
      vertex 6 9.10625 2.5
    endloop
  endfacet
  facet normal 0 0 1
    outer loop
      vertex 5.75629 65.9033 2.5
      vertex 5.99166 9.10592 2.5
      vertex 5.99166 65.8941 2.5
    endloop
  endfacet
  facet normal 0 0 1
    outer loop
      vertex 5.75629 65.9033 2.5
      vertex 5.75629 9.09667 2.5
      vertex 5.99166 9.10592 2.5
    endloop
  endfacet
  facet normal 0 0 1
    outer loop
      vertex 5.52236 65.931 2.5
      vertex 5.75629 9.09667 2.5
      vertex 5.75629 65.9033 2.5
    endloop
  endfacet
  facet normal 0 0 1
    outer loop
      vertex 5.52236 65.931 2.5
      vertex 5.52236 9.06899 2.5
      vertex 5.75629 9.09667 2.5
    endloop
  endfacet
  facet normal 0 0 1
    outer loop
      vertex 5.51408 65.932 2.5
      vertex 5.52236 9.06899 2.5
      vertex 5.52236 65.931 2.5
    endloop
  endfacet
  facet normal 0 0 1
    outer loop
      vertex 5.51408 65.932 2.5
      vertex 5.51408 9.06801 2.5
      vertex 5.52236 9.06899 2.5
    endloop
  endfacet
  facet normal 0 0 1
    outer loop
      vertex 5.50589 65.9336 2.5
      vertex 5.51408 9.06801 2.5
      vertex 5.51408 65.932 2.5
    endloop
  endfacet
  facet normal 0 0 1
    outer loop
      vertex 5.50589 65.9336 2.5
      vertex 5.50589 9.06638 2.5
      vertex 5.51408 9.06801 2.5
    endloop
  endfacet
  facet normal 0 0 1
    outer loop
      vertex 5.27486 65.9796 2.5
      vertex 5.50589 9.06638 2.5
      vertex 5.50589 65.9336 2.5
    endloop
  endfacet
  facet normal 0 0 1
    outer loop
      vertex 5.27486 65.9796 2.5
      vertex 5.27486 9.02042 2.5
      vertex 5.50589 9.06638 2.5
    endloop
  endfacet
  facet normal 0 0 1
    outer loop
      vertex 5.26683 65.9818 2.5
      vertex 5.27486 9.02042 2.5
      vertex 5.27486 65.9796 2.5
    endloop
  endfacet
  facet normal 0 0 1
    outer loop
      vertex 5.26683 65.9818 2.5
      vertex 5.26683 9.01816 2.5
      vertex 5.27486 9.02042 2.5
    endloop
  endfacet
  facet normal 0 0 1
    outer loop
      vertex 5.04012 66.0458 2.5
      vertex 5.26683 9.01816 2.5
      vertex 5.26683 65.9818 2.5
    endloop
  endfacet
  facet normal 0 0 1
    outer loop
      vertex 5.04012 66.0458 2.5
      vertex 5.04012 8.95422 2.5
      vertex 5.26683 9.01816 2.5
    endloop
  endfacet
  facet normal 0 0 1
    outer loop
      vertex 5.03229 66.0487 2.5
      vertex 5.04012 8.95422 2.5
      vertex 5.04012 66.0458 2.5
    endloop
  endfacet
  facet normal 0 0 1
    outer loop
      vertex 5.03229 66.0487 2.5
      vertex 5.03229 8.95133 2.5
      vertex 5.04012 8.95422 2.5
    endloop
  endfacet
  facet normal 0 0 1
    outer loop
      vertex 4.81129 66.1302 2.5
      vertex 5.03229 8.95133 2.5
      vertex 5.03229 66.0487 2.5
    endloop
  endfacet
  facet normal 0 0 1
    outer loop
      vertex 4.81129 66.1302 2.5
      vertex 4.81129 8.8698 2.5
      vertex 5.03229 8.95133 2.5
    endloop
  endfacet
  facet normal 0 0 1
    outer loop
      vertex 4.80371 66.1337 2.5
      vertex 4.81129 8.8698 2.5
      vertex 4.81129 66.1302 2.5
    endloop
  endfacet
  facet normal 0 0 1
    outer loop
      vertex 4.80371 66.1337 2.5
      vertex 4.80371 8.86631 2.5
      vertex 4.81129 8.8698 2.5
    endloop
  endfacet
  facet normal 0 0 1
    outer loop
      vertex 4.58979 66.2323 2.5
      vertex 4.80371 8.86631 2.5
      vertex 4.80371 66.1337 2.5
    endloop
  endfacet
  facet normal 0 0 1
    outer loop
      vertex 4.58979 66.2323 2.5
      vertex 4.58979 8.76769 2.5
      vertex 4.80371 8.86631 2.5
    endloop
  endfacet
  facet normal 0 0 1
    outer loop
      vertex 4.38427 66.3474 2.5
      vertex 4.58979 8.76769 2.5
      vertex 4.58979 66.2323 2.5
    endloop
  endfacet
  facet normal 0 0 1
    outer loop
      vertex 4.38427 66.3474 2.5
      vertex 4.38427 8.65259 2.5
      vertex 4.58979 8.76769 2.5
    endloop
  endfacet
  facet normal 0 0 1
    outer loop
      vertex 4.37699 66.3515 2.5
      vertex 4.38427 8.65259 2.5
      vertex 4.38427 66.3474 2.5
    endloop
  endfacet
  facet normal 0 0 1
    outer loop
      vertex 4.37699 66.3515 2.5
      vertex 4.37699 8.64851 2.5
      vertex 4.38427 8.65259 2.5
    endloop
  endfacet
  facet normal 0 0 1
    outer loop
      vertex 4.18113 66.4824 2.5
      vertex 4.37699 8.64851 2.5
      vertex 4.37699 66.3515 2.5
    endloop
  endfacet
  facet normal 0 0 1
    outer loop
      vertex 4.18113 66.4824 2.5
      vertex 4.18113 8.51764 2.5
      vertex 4.37699 8.64851 2.5
    endloop
  endfacet
  facet normal 0 0 1
    outer loop
      vertex 4.17419 66.487 2.5
      vertex 4.18113 8.51764 2.5
      vertex 4.18113 66.4824 2.5
    endloop
  endfacet
  facet normal 0 0 1
    outer loop
      vertex 4.17419 66.487 2.5
      vertex 4.17419 8.51301 2.5
      vertex 4.18113 8.51764 2.5
    endloop
  endfacet
  facet normal 0 0 1
    outer loop
      vertex 3.9892 66.6328 2.5
      vertex 4.17419 8.51301 2.5
      vertex 4.17419 66.487 2.5
    endloop
  endfacet
  facet normal 0 0 1
    outer loop
      vertex 3.9892 66.6328 2.5
      vertex 3.9892 8.36718 2.5
      vertex 4.17419 8.51301 2.5
    endloop
  endfacet
  facet normal 0 0 1
    outer loop
      vertex 3.98265 66.638 2.5
      vertex 3.9892 8.36718 2.5
      vertex 3.9892 66.6328 2.5
    endloop
  endfacet
  facet normal 0 0 1
    outer loop
      vertex 3.98265 66.638 2.5
      vertex 3.98265 8.36201 2.5
      vertex 3.9892 8.36718 2.5
    endloop
  endfacet
  facet normal 0 0 1
    outer loop
      vertex 3.97652 66.6437 2.5
      vertex 3.98265 8.36201 2.5
      vertex 3.98265 66.638 2.5
    endloop
  endfacet
  facet normal 0 0 1
    outer loop
      vertex 3.97652 66.6437 2.5
      vertex 3.97652 8.35635 2.5
      vertex 3.98265 8.36201 2.5
    endloop
  endfacet
  facet normal 0 0 1
    outer loop
      vertex 3.80355 66.8036 2.5
      vertex 3.97652 8.35635 2.5
      vertex 3.97652 66.6437 2.5
    endloop
  endfacet
  facet normal 0 0 1
    outer loop
      vertex 3.80355 66.8036 2.5
      vertex 3.80355 8.19645 2.5
      vertex 3.97652 8.35635 2.5
    endloop
  endfacet
  facet normal 0 0 1
    outer loop
      vertex 3.64365 66.9765 2.5
      vertex 3.80355 8.19645 2.5
      vertex 3.80355 66.8036 2.5
    endloop
  endfacet
  facet normal 0 0 1
    outer loop
      vertex 3.64365 66.9765 2.5
      vertex 3.64365 8.02347 2.5
      vertex 3.80355 8.19645 2.5
    endloop
  endfacet
  facet normal 0 0 1
    outer loop
      vertex 3.63799 66.9827 2.5
      vertex 3.64365 8.02347 2.5
      vertex 3.64365 66.9765 2.5
    endloop
  endfacet
  facet normal 0 0 1
    outer loop
      vertex 3.63799 66.9827 2.5
      vertex 3.63799 8.01735 2.5
      vertex 3.64365 8.02347 2.5
    endloop
  endfacet
  facet normal 0 0 1
    outer loop
      vertex 0 71 2.5
      vertex 3.63799 66.9827 2.5
      vertex 3.63282 66.9892 2.5
    endloop
  endfacet
  facet normal 0 0 1
    outer loop
      vertex 3.63799 66.9827 2.5
      vertex 0 71 2.5
      vertex 3.63799 8.01735 2.5
    endloop
  endfacet
  facet normal 0 0 1
    outer loop
      vertex 0 71 2.5
      vertex 3.63282 66.9892 2.5
      vertex 3.48699 67.1742 2.5
    endloop
  endfacet
  facet normal 0 0 1
    outer loop
      vertex 0 4 2.5
      vertex 3.63799 8.01735 2.5
      vertex 0 71 2.5
    endloop
  endfacet
  facet normal 0 0 1
    outer loop
      vertex 0 71 2.5
      vertex 3.48699 67.1742 2.5
      vertex 3.48236 67.1811 2.5
    endloop
  endfacet
  facet normal 0 0 1
    outer loop
      vertex 3.63799 8.01735 2.5
      vertex 0 4 2.5
      vertex 3.63282 8.0108 2.5
    endloop
  endfacet
  facet normal 0 0 1
    outer loop
      vertex 0 71 2.5
      vertex 3.48236 67.1811 2.5
      vertex 3.35149 67.377 2.5
    endloop
  endfacet
  facet normal 0 0 1
    outer loop
      vertex 3.63282 8.0108 2.5
      vertex 0 4 2.5
      vertex 3.48699 7.82581 2.5
    endloop
  endfacet
  facet normal 0 0 1
    outer loop
      vertex 0 71 2.5
      vertex 3.35149 67.377 2.5
      vertex 3.34741 67.3843 2.5
    endloop
  endfacet
  facet normal 0 0 1
    outer loop
      vertex 3.48699 7.82581 2.5
      vertex 0 4 2.5
      vertex 3.48236 7.81887 2.5
    endloop
  endfacet
  facet normal 0 0 1
    outer loop
      vertex 0 71 2.5
      vertex 3.34741 67.3843 2.5
      vertex 3.23231 67.5898 2.5
    endloop
  endfacet
  facet normal 0 0 1
    outer loop
      vertex 3.48236 7.81887 2.5
      vertex 0 4 2.5
      vertex 3.35149 7.62301 2.5
    endloop
  endfacet
  facet normal 0 0 1
    outer loop
      vertex 0 71 2.5
      vertex 3.23231 67.5898 2.5
      vertex 3.13369 67.8037 2.5
    endloop
  endfacet
  facet normal 0 0 1
    outer loop
      vertex 3.35149 7.62301 2.5
      vertex 0 4 2.5
      vertex 3.34741 7.61573 2.5
    endloop
  endfacet
  facet normal 0 0 1
    outer loop
      vertex 0 71 2.5
      vertex 3.13369 67.8037 2.5
      vertex 3.1302 67.8113 2.5
    endloop
  endfacet
  facet normal 0 0 1
    outer loop
      vertex 3.34741 7.61573 2.5
      vertex 0 4 2.5
      vertex 3.23231 7.41021 2.5
    endloop
  endfacet
  facet normal 0 0 1
    outer loop
      vertex 0 71 2.5
      vertex 3.1302 67.8113 2.5
      vertex 3.04867 68.0323 2.5
    endloop
  endfacet
  facet normal 0 0 1
    outer loop
      vertex 3.23231 7.41021 2.5
      vertex 0 4 2.5
      vertex 3.13369 7.19629 2.5
    endloop
  endfacet
  facet normal 0 0 1
    outer loop
      vertex 0 71 2.5
      vertex 3.04867 68.0323 2.5
      vertex 3.04578 68.0401 2.5
    endloop
  endfacet
  facet normal 0 0 1
    outer loop
      vertex 3.13369 7.19629 2.5
      vertex 0 4 2.5
      vertex 3.1302 7.18871 2.5
    endloop
  endfacet
  facet normal 0 0 1
    outer loop
      vertex 0 71 2.5
      vertex 3.04578 68.0401 2.5
      vertex 2.98184 68.2668 2.5
    endloop
  endfacet
  facet normal 0 0 1
    outer loop
      vertex 3.1302 7.18871 2.5
      vertex 0 4 2.5
      vertex 3.04867 6.96771 2.5
    endloop
  endfacet
  facet normal 0 0 1
    outer loop
      vertex 0 71 2.5
      vertex 2.98184 68.2668 2.5
      vertex 2.97957 68.2749 2.5
    endloop
  endfacet
  facet normal 0 0 1
    outer loop
      vertex 3.04867 6.96771 2.5
      vertex 0 4 2.5
      vertex 3.04578 6.95988 2.5
    endloop
  endfacet
  facet normal 0 0 1
    outer loop
      vertex 0 71 2.5
      vertex 2.97957 68.2749 2.5
      vertex 2.93362 68.5059 2.5
    endloop
  endfacet
  facet normal 0 0 1
    outer loop
      vertex 3.04578 6.95988 2.5
      vertex 0 4 2.5
      vertex 2.98184 6.73317 2.5
    endloop
  endfacet
  facet normal 0 0 1
    outer loop
      vertex 0 71 2.5
      vertex 2.93362 68.5059 2.5
      vertex 2.93199 68.5141 2.5
    endloop
  endfacet
  facet normal 0 0 1
    outer loop
      vertex 2.98184 6.73317 2.5
      vertex 0 4 2.5
      vertex 2.97957 6.72514 2.5
    endloop
  endfacet
  facet normal 0 0 1
    outer loop
      vertex 0 71 2.5
      vertex 2.93199 68.5141 2.5
      vertex 2.93101 68.5224 2.5
    endloop
  endfacet
  facet normal 0 0 1
    outer loop
      vertex 2.97957 6.72514 2.5
      vertex 0 4 2.5
      vertex 2.93362 6.49411 2.5
    endloop
  endfacet
  facet normal 0 0 1
    outer loop
      vertex 0 71 2.5
      vertex 2.93101 68.5224 2.5
      vertex 2.90332 68.7563 2.5
    endloop
  endfacet
  facet normal 0 0 1
    outer loop
      vertex 2.93362 6.49411 2.5
      vertex 0 4 2.5
      vertex 2.93199 6.48592 2.5
    endloop
  endfacet
  facet normal 0 0 1
    outer loop
      vertex 0 71 2.5
      vertex 2.90332 68.7563 2.5
      vertex 2.89408 68.9917 2.5
    endloop
  endfacet
  facet normal 0 0 1
    outer loop
      vertex 2.93199 6.48592 2.5
      vertex 0 4 2.5
      vertex 2.93101 6.47764 2.5
    endloop
  endfacet
  facet normal 0 0 1
    outer loop
      vertex 0 71 2.5
      vertex 2.89408 68.9917 2.5
      vertex 2.89375 69 2.5
    endloop
  endfacet
  facet normal 0 0 1
    outer loop
      vertex 2.93101 6.47764 2.5
      vertex 0 4 2.5
      vertex 2.90332 6.24371 2.5
    endloop
  endfacet
  facet normal 0 0 1
    outer loop
      vertex 137.069 68.5224 2.5
      vertex 140 71 2.5
      vertex 137.097 68.7563 2.5
    endloop
  endfacet
  facet normal 0 0 1
    outer loop
      vertex 140 4 2.5
      vertex 137.106 6.00834 2.5
      vertex 137.106 6 2.5
    endloop
  endfacet
  facet normal 0 0 1
    outer loop
      vertex 137.068 68.5141 2.5
      vertex 140 71 2.5
      vertex 137.069 68.5224 2.5
    endloop
  endfacet
  facet normal 0 0 1
    outer loop
      vertex 140 4 2.5
      vertex 137.097 6.24371 2.5
      vertex 137.106 6.00834 2.5
    endloop
  endfacet
  facet normal 0 0 1
    outer loop
      vertex 137.066 68.5059 2.5
      vertex 140 71 2.5
      vertex 137.068 68.5141 2.5
    endloop
  endfacet
  facet normal 0 0 1
    outer loop
      vertex 140 4 2.5
      vertex 137.069 6.47764 2.5
      vertex 137.097 6.24371 2.5
    endloop
  endfacet
  facet normal 0 0 1
    outer loop
      vertex 137.02 68.2749 2.5
      vertex 140 71 2.5
      vertex 137.066 68.5059 2.5
    endloop
  endfacet
  facet normal 0 0 1
    outer loop
      vertex 140 4 2.5
      vertex 137.068 6.48592 2.5
      vertex 137.069 6.47764 2.5
    endloop
  endfacet
  facet normal 0 0 1
    outer loop
      vertex 137.018 68.2668 2.5
      vertex 140 71 2.5
      vertex 137.02 68.2749 2.5
    endloop
  endfacet
  facet normal 0 0 1
    outer loop
      vertex 140 4 2.5
      vertex 137.066 6.49411 2.5
      vertex 137.068 6.48592 2.5
    endloop
  endfacet
  facet normal 0 0 1
    outer loop
      vertex 136.954 68.0401 2.5
      vertex 140 71 2.5
      vertex 137.018 68.2668 2.5
    endloop
  endfacet
  facet normal 0 0 1
    outer loop
      vertex 140 4 2.5
      vertex 137.02 6.72514 2.5
      vertex 137.066 6.49411 2.5
    endloop
  endfacet
  facet normal 0 0 1
    outer loop
      vertex 136.951 68.0323 2.5
      vertex 140 71 2.5
      vertex 136.954 68.0401 2.5
    endloop
  endfacet
  facet normal 0 0 1
    outer loop
      vertex 140 4 2.5
      vertex 137.018 6.73317 2.5
      vertex 137.02 6.72514 2.5
    endloop
  endfacet
  facet normal 0 0 1
    outer loop
      vertex 136.87 67.8113 2.5
      vertex 140 71 2.5
      vertex 136.951 68.0323 2.5
    endloop
  endfacet
  facet normal 0 0 1
    outer loop
      vertex 140 4 2.5
      vertex 136.954 6.95988 2.5
      vertex 137.018 6.73317 2.5
    endloop
  endfacet
  facet normal 0 0 1
    outer loop
      vertex 136.866 67.8037 2.5
      vertex 140 71 2.5
      vertex 136.87 67.8113 2.5
    endloop
  endfacet
  facet normal 0 0 1
    outer loop
      vertex 140 4 2.5
      vertex 136.951 6.96771 2.5
      vertex 136.954 6.95988 2.5
    endloop
  endfacet
  facet normal 0 0 1
    outer loop
      vertex 136.768 67.5898 2.5
      vertex 140 71 2.5
      vertex 136.866 67.8037 2.5
    endloop
  endfacet
  facet normal 0 0 1
    outer loop
      vertex 140 4 2.5
      vertex 136.87 7.18871 2.5
      vertex 136.951 6.96771 2.5
    endloop
  endfacet
  facet normal 0 0 1
    outer loop
      vertex 136.653 67.3843 2.5
      vertex 140 71 2.5
      vertex 136.768 67.5898 2.5
    endloop
  endfacet
  facet normal 0 0 1
    outer loop
      vertex 140 4 2.5
      vertex 136.866 7.19629 2.5
      vertex 136.87 7.18871 2.5
    endloop
  endfacet
  facet normal 0 0 1
    outer loop
      vertex 136.649 67.377 2.5
      vertex 140 71 2.5
      vertex 136.653 67.3843 2.5
    endloop
  endfacet
  facet normal 0 0 1
    outer loop
      vertex 140 4 2.5
      vertex 136.768 7.41021 2.5
      vertex 136.866 7.19629 2.5
    endloop
  endfacet
  facet normal 0 0 1
    outer loop
      vertex 136.518 67.1811 2.5
      vertex 140 71 2.5
      vertex 136.649 67.377 2.5
    endloop
  endfacet
  facet normal 0 0 1
    outer loop
      vertex 140 4 2.5
      vertex 136.653 7.61573 2.5
      vertex 136.768 7.41021 2.5
    endloop
  endfacet
  facet normal 0 0 1
    outer loop
      vertex 136.513 67.1742 2.5
      vertex 140 71 2.5
      vertex 136.518 67.1811 2.5
    endloop
  endfacet
  facet normal 0 0 1
    outer loop
      vertex 140 4 2.5
      vertex 136.649 7.62301 2.5
      vertex 136.653 7.61573 2.5
    endloop
  endfacet
  facet normal 0 0 1
    outer loop
      vertex 136.367 66.9892 2.5
      vertex 140 71 2.5
      vertex 136.513 67.1742 2.5
    endloop
  endfacet
  facet normal 0 0 1
    outer loop
      vertex 140 4 2.5
      vertex 136.518 7.81887 2.5
      vertex 136.649 7.62301 2.5
    endloop
  endfacet
  facet normal 0 0 1
    outer loop
      vertex 136.362 66.9827 2.5
      vertex 140 71 2.5
      vertex 136.367 66.9892 2.5
    endloop
  endfacet
  facet normal 0 0 1
    outer loop
      vertex 140 4 2.5
      vertex 136.513 7.82581 2.5
      vertex 136.518 7.81887 2.5
    endloop
  endfacet
  facet normal 0 0 1
    outer loop
      vertex 140 71 2.5
      vertex 136.362 66.9827 2.5
      vertex 140 4 2.5
    endloop
  endfacet
  facet normal 0 0 1
    outer loop
      vertex 140 4 2.5
      vertex 136.367 8.0108 2.5
      vertex 136.513 7.82581 2.5
    endloop
  endfacet
  facet normal -0 0 1
    outer loop
      vertex 136.362 8.01735 2.5
      vertex 140 4 2.5
      vertex 136.362 66.9827 2.5
    endloop
  endfacet
  facet normal 0 0 1
    outer loop
      vertex 140 4 2.5
      vertex 136.362 8.01735 2.5
      vertex 136.367 8.0108 2.5
    endloop
  endfacet
  facet normal -0 0 1
    outer loop
      vertex 136.356 66.9765 2.5
      vertex 136.362 8.01735 2.5
      vertex 136.362 66.9827 2.5
    endloop
  endfacet
  facet normal 0 0 1
    outer loop
      vertex 136.356 66.9765 2.5
      vertex 136.356 8.02347 2.5
      vertex 136.362 8.01735 2.5
    endloop
  endfacet
  facet normal -0 0 1
    outer loop
      vertex 136.196 66.8036 2.5
      vertex 136.356 8.02347 2.5
      vertex 136.356 66.9765 2.5
    endloop
  endfacet
  facet normal 0 0 1
    outer loop
      vertex 136.196 66.8036 2.5
      vertex 136.196 8.19645 2.5
      vertex 136.356 8.02347 2.5
    endloop
  endfacet
  facet normal -0 0 1
    outer loop
      vertex 136.023 66.6437 2.5
      vertex 136.196 8.19645 2.5
      vertex 136.196 66.8036 2.5
    endloop
  endfacet
  facet normal 0 0 1
    outer loop
      vertex 136.023 66.6437 2.5
      vertex 136.023 8.35635 2.5
      vertex 136.196 8.19645 2.5
    endloop
  endfacet
  facet normal -0 0 1
    outer loop
      vertex 136.017 66.638 2.5
      vertex 136.023 8.35635 2.5
      vertex 136.023 66.6437 2.5
    endloop
  endfacet
  facet normal 0 0 1
    outer loop
      vertex 136.017 66.638 2.5
      vertex 136.017 8.36201 2.5
      vertex 136.023 8.35635 2.5
    endloop
  endfacet
  facet normal -0 0 1
    outer loop
      vertex 136.011 66.6328 2.5
      vertex 136.017 8.36201 2.5
      vertex 136.017 66.638 2.5
    endloop
  endfacet
  facet normal 0 0 1
    outer loop
      vertex 136.011 66.6328 2.5
      vertex 136.011 8.36718 2.5
      vertex 136.017 8.36201 2.5
    endloop
  endfacet
  facet normal -0 0 1
    outer loop
      vertex 135.826 66.487 2.5
      vertex 136.011 8.36718 2.5
      vertex 136.011 66.6328 2.5
    endloop
  endfacet
  facet normal 0 0 1
    outer loop
      vertex 135.826 66.487 2.5
      vertex 135.826 8.51301 2.5
      vertex 136.011 8.36718 2.5
    endloop
  endfacet
  facet normal -0 0 1
    outer loop
      vertex 135.819 66.4824 2.5
      vertex 135.826 8.51301 2.5
      vertex 135.826 66.487 2.5
    endloop
  endfacet
  facet normal 0 0 1
    outer loop
      vertex 135.819 66.4824 2.5
      vertex 135.819 8.51764 2.5
      vertex 135.826 8.51301 2.5
    endloop
  endfacet
  facet normal -0 0 1
    outer loop
      vertex 135.623 66.3515 2.5
      vertex 135.819 8.51764 2.5
      vertex 135.819 66.4824 2.5
    endloop
  endfacet
  facet normal 0 0 1
    outer loop
      vertex 135.623 66.3515 2.5
      vertex 135.623 8.64851 2.5
      vertex 135.819 8.51764 2.5
    endloop
  endfacet
  facet normal -0 0 1
    outer loop
      vertex 135.616 66.3474 2.5
      vertex 135.623 8.64851 2.5
      vertex 135.623 66.3515 2.5
    endloop
  endfacet
  facet normal 0 0 1
    outer loop
      vertex 135.616 66.3474 2.5
      vertex 135.616 8.65259 2.5
      vertex 135.623 8.64851 2.5
    endloop
  endfacet
  facet normal -0 0 1
    outer loop
      vertex 135.41 66.2323 2.5
      vertex 135.616 8.65259 2.5
      vertex 135.616 66.3474 2.5
    endloop
  endfacet
  facet normal 0 0 1
    outer loop
      vertex 135.41 66.2323 2.5
      vertex 135.41 8.76769 2.5
      vertex 135.616 8.65259 2.5
    endloop
  endfacet
  facet normal -0 0 1
    outer loop
      vertex 135.196 66.1337 2.5
      vertex 135.41 8.76769 2.5
      vertex 135.41 66.2323 2.5
    endloop
  endfacet
  facet normal 0 0 1
    outer loop
      vertex 135.196 66.1337 2.5
      vertex 135.196 8.86631 2.5
      vertex 135.41 8.76769 2.5
    endloop
  endfacet
  facet normal -0 0 1
    outer loop
      vertex 135.189 66.1302 2.5
      vertex 135.196 8.86631 2.5
      vertex 135.196 66.1337 2.5
    endloop
  endfacet
  facet normal 0 0 1
    outer loop
      vertex 135.189 66.1302 2.5
      vertex 135.189 8.8698 2.5
      vertex 135.196 8.86631 2.5
    endloop
  endfacet
  facet normal -0 0 1
    outer loop
      vertex 134.968 66.0487 2.5
      vertex 135.189 8.8698 2.5
      vertex 135.189 66.1302 2.5
    endloop
  endfacet
  facet normal 0 0 1
    outer loop
      vertex 134.968 66.0487 2.5
      vertex 134.968 8.95133 2.5
      vertex 135.189 8.8698 2.5
    endloop
  endfacet
  facet normal -0 0 1
    outer loop
      vertex 134.96 66.0458 2.5
      vertex 134.968 8.95133 2.5
      vertex 134.968 66.0487 2.5
    endloop
  endfacet
  facet normal 0 0 1
    outer loop
      vertex 134.96 66.0458 2.5
      vertex 134.96 8.95422 2.5
      vertex 134.968 8.95133 2.5
    endloop
  endfacet
  facet normal -0 0 1
    outer loop
      vertex 134.733 65.9818 2.5
      vertex 134.96 8.95422 2.5
      vertex 134.96 66.0458 2.5
    endloop
  endfacet
  facet normal 0 0 1
    outer loop
      vertex 134.733 65.9818 2.5
      vertex 134.733 9.01816 2.5
      vertex 134.96 8.95422 2.5
    endloop
  endfacet
  facet normal -0 0 1
    outer loop
      vertex 134.725 65.9796 2.5
      vertex 134.733 9.01816 2.5
      vertex 134.733 65.9818 2.5
    endloop
  endfacet
  facet normal 0 0 1
    outer loop
      vertex 134.725 65.9796 2.5
      vertex 134.725 9.02042 2.5
      vertex 134.733 9.01816 2.5
    endloop
  endfacet
  facet normal -0 0 1
    outer loop
      vertex 134.494 65.9336 2.5
      vertex 134.725 9.02042 2.5
      vertex 134.725 65.9796 2.5
    endloop
  endfacet
  facet normal 0 0 1
    outer loop
      vertex 134.494 65.9336 2.5
      vertex 134.494 9.06638 2.5
      vertex 134.725 9.02042 2.5
    endloop
  endfacet
  facet normal -0 0 1
    outer loop
      vertex 134.486 65.932 2.5
      vertex 134.494 9.06638 2.5
      vertex 134.494 65.9336 2.5
    endloop
  endfacet
  facet normal 0 0 1
    outer loop
      vertex 134.486 65.932 2.5
      vertex 134.486 9.06801 2.5
      vertex 134.494 9.06638 2.5
    endloop
  endfacet
  facet normal -0 0 1
    outer loop
      vertex 134.478 65.931 2.5
      vertex 134.486 9.06801 2.5
      vertex 134.486 65.932 2.5
    endloop
  endfacet
  facet normal 0 0 1
    outer loop
      vertex 134.478 65.931 2.5
      vertex 134.478 9.06899 2.5
      vertex 134.486 9.06801 2.5
    endloop
  endfacet
  facet normal -0 0 1
    outer loop
      vertex 134.244 65.9033 2.5
      vertex 134.478 9.06899 2.5
      vertex 134.478 65.931 2.5
    endloop
  endfacet
  facet normal 0 0 1
    outer loop
      vertex 134.244 65.9033 2.5
      vertex 134.244 9.09667 2.5
      vertex 134.478 9.06899 2.5
    endloop
  endfacet
  facet normal -0 0 1
    outer loop
      vertex 134.008 65.8941 2.5
      vertex 134.244 9.09667 2.5
      vertex 134.244 65.9033 2.5
    endloop
  endfacet
  facet normal 0 0 1
    outer loop
      vertex 134.008 65.8941 2.5
      vertex 134.008 9.10592 2.5
      vertex 134.244 9.09667 2.5
    endloop
  endfacet
  facet normal -0 0 1
    outer loop
      vertex 134 65.8937 2.5
      vertex 134.008 9.10592 2.5
      vertex 134.008 65.8941 2.5
    endloop
  endfacet
  facet normal 0 0 1
    outer loop
      vertex 134 65.8937 2.5
      vertex 134 9.10625 2.5
      vertex 134.008 9.10592 2.5
    endloop
  endfacet
  facet normal 0 0 1
    outer loop
      vertex 133.992 65.8941 2.5
      vertex 134 9.10625 2.5
      vertex 134 65.8937 2.5
    endloop
  endfacet
  facet normal 0 0 1
    outer loop
      vertex 133.992 65.8941 2.5
      vertex 133.992 9.10592 2.5
      vertex 134 9.10625 2.5
    endloop
  endfacet
  facet normal 0 0 1
    outer loop
      vertex 133.756 65.9033 2.5
      vertex 133.992 9.10592 2.5
      vertex 133.992 65.8941 2.5
    endloop
  endfacet
  facet normal 0 0 1
    outer loop
      vertex 133.756 65.9033 2.5
      vertex 133.756 9.09667 2.5
      vertex 133.992 9.10592 2.5
    endloop
  endfacet
  facet normal 0 0 1
    outer loop
      vertex 133.522 65.931 2.5
      vertex 133.756 9.09667 2.5
      vertex 133.756 65.9033 2.5
    endloop
  endfacet
  facet normal 0 0 1
    outer loop
      vertex 133.522 65.931 2.5
      vertex 133.522 9.06899 2.5
      vertex 133.756 9.09667 2.5
    endloop
  endfacet
  facet normal 0 0 1
    outer loop
      vertex 133.514 65.932 2.5
      vertex 133.522 9.06899 2.5
      vertex 133.522 65.931 2.5
    endloop
  endfacet
  facet normal 0 0 1
    outer loop
      vertex 133.514 65.932 2.5
      vertex 133.514 9.06801 2.5
      vertex 133.522 9.06899 2.5
    endloop
  endfacet
  facet normal 0 0 1
    outer loop
      vertex 133.506 65.9336 2.5
      vertex 133.514 9.06801 2.5
      vertex 133.514 65.932 2.5
    endloop
  endfacet
  facet normal 0 0 1
    outer loop
      vertex 133.506 65.9336 2.5
      vertex 133.506 9.06638 2.5
      vertex 133.514 9.06801 2.5
    endloop
  endfacet
  facet normal 0 0 1
    outer loop
      vertex 133.275 65.9796 2.5
      vertex 133.506 9.06638 2.5
      vertex 133.506 65.9336 2.5
    endloop
  endfacet
  facet normal 0 0 1
    outer loop
      vertex 133.275 65.9796 2.5
      vertex 133.275 9.02042 2.5
      vertex 133.506 9.06638 2.5
    endloop
  endfacet
  facet normal 0 0 1
    outer loop
      vertex 133.267 65.9818 2.5
      vertex 133.275 9.02042 2.5
      vertex 133.275 65.9796 2.5
    endloop
  endfacet
  facet normal 0 0 1
    outer loop
      vertex 133.267 65.9818 2.5
      vertex 133.267 9.01816 2.5
      vertex 133.275 9.02042 2.5
    endloop
  endfacet
  facet normal 0 0 1
    outer loop
      vertex 133.04 66.0458 2.5
      vertex 133.267 9.01816 2.5
      vertex 133.267 65.9818 2.5
    endloop
  endfacet
  facet normal 0 0 1
    outer loop
      vertex 133.04 66.0458 2.5
      vertex 133.04 8.95422 2.5
      vertex 133.267 9.01816 2.5
    endloop
  endfacet
  facet normal 0 0 1
    outer loop
      vertex 133.032 66.0487 2.5
      vertex 133.04 8.95422 2.5
      vertex 133.04 66.0458 2.5
    endloop
  endfacet
  facet normal 0 0 1
    outer loop
      vertex 133.032 66.0487 2.5
      vertex 133.032 8.95133 2.5
      vertex 133.04 8.95422 2.5
    endloop
  endfacet
  facet normal 0 0 1
    outer loop
      vertex 132.811 66.1302 2.5
      vertex 133.032 8.95133 2.5
      vertex 133.032 66.0487 2.5
    endloop
  endfacet
  facet normal 0 0 1
    outer loop
      vertex 132.811 66.1302 2.5
      vertex 132.811 8.8698 2.5
      vertex 133.032 8.95133 2.5
    endloop
  endfacet
  facet normal 0 0 1
    outer loop
      vertex 132.804 66.1337 2.5
      vertex 132.811 8.8698 2.5
      vertex 132.811 66.1302 2.5
    endloop
  endfacet
  facet normal 0 0 1
    outer loop
      vertex 132.804 66.1337 2.5
      vertex 132.804 8.86631 2.5
      vertex 132.811 8.8698 2.5
    endloop
  endfacet
  facet normal 0 0 1
    outer loop
      vertex 132.59 66.2323 2.5
      vertex 132.804 8.86631 2.5
      vertex 132.804 66.1337 2.5
    endloop
  endfacet
  facet normal 0 0 1
    outer loop
      vertex 132.59 66.2323 2.5
      vertex 132.59 8.76769 2.5
      vertex 132.804 8.86631 2.5
    endloop
  endfacet
  facet normal 0 0 1
    outer loop
      vertex 132.384 66.3474 2.5
      vertex 132.59 8.76769 2.5
      vertex 132.59 66.2323 2.5
    endloop
  endfacet
  facet normal 0 0 1
    outer loop
      vertex 132.384 66.3474 2.5
      vertex 132.384 8.65259 2.5
      vertex 132.59 8.76769 2.5
    endloop
  endfacet
  facet normal 0 0 1
    outer loop
      vertex 132.377 66.3515 2.5
      vertex 132.384 8.65259 2.5
      vertex 132.384 66.3474 2.5
    endloop
  endfacet
  facet normal 0 0 1
    outer loop
      vertex 132.377 66.3515 2.5
      vertex 132.377 8.64851 2.5
      vertex 132.384 8.65259 2.5
    endloop
  endfacet
  facet normal 0 0 1
    outer loop
      vertex 132.181 66.4824 2.5
      vertex 132.377 8.64851 2.5
      vertex 132.377 66.3515 2.5
    endloop
  endfacet
  facet normal 0 0 1
    outer loop
      vertex 132.181 66.4824 2.5
      vertex 132.181 8.51764 2.5
      vertex 132.377 8.64851 2.5
    endloop
  endfacet
  facet normal 0 0 1
    outer loop
      vertex 132.174 66.487 2.5
      vertex 132.181 8.51764 2.5
      vertex 132.181 66.4824 2.5
    endloop
  endfacet
  facet normal 0 0 1
    outer loop
      vertex 132.174 66.487 2.5
      vertex 132.174 8.51301 2.5
      vertex 132.181 8.51764 2.5
    endloop
  endfacet
  facet normal 0 0 1
    outer loop
      vertex 131.989 66.6328 2.5
      vertex 132.174 8.51301 2.5
      vertex 132.174 66.487 2.5
    endloop
  endfacet
  facet normal 0 0 1
    outer loop
      vertex 131.989 66.6328 2.5
      vertex 131.989 8.36718 2.5
      vertex 132.174 8.51301 2.5
    endloop
  endfacet
  facet normal 0 0 1
    outer loop
      vertex 131.983 66.638 2.5
      vertex 131.989 8.36718 2.5
      vertex 131.989 66.6328 2.5
    endloop
  endfacet
  facet normal 0 0 1
    outer loop
      vertex 131.983 66.638 2.5
      vertex 131.983 8.36201 2.5
      vertex 131.989 8.36718 2.5
    endloop
  endfacet
  facet normal 0 0 1
    outer loop
      vertex 131.977 66.6437 2.5
      vertex 131.983 8.36201 2.5
      vertex 131.983 66.638 2.5
    endloop
  endfacet
  facet normal 0 0 1
    outer loop
      vertex 131.977 66.6437 2.5
      vertex 131.977 8.35635 2.5
      vertex 131.983 8.36201 2.5
    endloop
  endfacet
  facet normal 0 0 1
    outer loop
      vertex 131.804 66.8036 2.5
      vertex 131.977 8.35635 2.5
      vertex 131.977 66.6437 2.5
    endloop
  endfacet
  facet normal 0 0 1
    outer loop
      vertex 131.804 66.8036 2.5
      vertex 131.804 8.19645 2.5
      vertex 131.977 8.35635 2.5
    endloop
  endfacet
  facet normal 0 0 1
    outer loop
      vertex 131.644 66.9765 2.5
      vertex 131.804 8.19645 2.5
      vertex 131.804 66.8036 2.5
    endloop
  endfacet
  facet normal 0 0 1
    outer loop
      vertex 131.644 66.9765 2.5
      vertex 131.644 8.02347 2.5
      vertex 131.804 8.19645 2.5
    endloop
  endfacet
  facet normal 0 0 1
    outer loop
      vertex 131.638 66.9827 2.5
      vertex 131.644 8.02347 2.5
      vertex 131.644 66.9765 2.5
    endloop
  endfacet
  facet normal 0 0 1
    outer loop
      vertex 131.638 66.9827 2.5
      vertex 131.638 8.01735 2.5
      vertex 131.644 8.02347 2.5
    endloop
  endfacet
  facet normal 0 0 1
    outer loop
      vertex 131.633 66.9892 2.5
      vertex 131.638 8.01735 2.5
      vertex 131.638 66.9827 2.5
    endloop
  endfacet
  facet normal 0 0 1
    outer loop
      vertex 131.633 66.9892 2.5
      vertex 131.633 8.0108 2.5
      vertex 131.638 8.01735 2.5
    endloop
  endfacet
  facet normal 0 0 1
    outer loop
      vertex 131.487 67.1742 2.5
      vertex 131.633 8.0108 2.5
      vertex 131.633 66.9892 2.5
    endloop
  endfacet
  facet normal 0 0 1
    outer loop
      vertex 131.487 67.1742 2.5
      vertex 131.487 7.82581 2.5
      vertex 131.633 8.0108 2.5
    endloop
  endfacet
  facet normal 0 0 1
    outer loop
      vertex 131.482 67.1811 2.5
      vertex 131.487 7.82581 2.5
      vertex 131.487 67.1742 2.5
    endloop
  endfacet
  facet normal 0 0 1
    outer loop
      vertex 131.482 67.1811 2.5
      vertex 131.482 7.81887 2.5
      vertex 131.487 7.82581 2.5
    endloop
  endfacet
  facet normal 0 0 1
    outer loop
      vertex 131.351 67.377 2.5
      vertex 131.482 7.81887 2.5
      vertex 131.482 67.1811 2.5
    endloop
  endfacet
  facet normal 0 0 1
    outer loop
      vertex 131.351 67.377 2.5
      vertex 131.351 7.62301 2.5
      vertex 131.482 7.81887 2.5
    endloop
  endfacet
  facet normal 0 0 1
    outer loop
      vertex 131.347 67.3843 2.5
      vertex 131.351 7.62301 2.5
      vertex 131.351 67.377 2.5
    endloop
  endfacet
  facet normal 0 0 1
    outer loop
      vertex 131.347 67.3843 2.5
      vertex 131.347 7.61573 2.5
      vertex 131.351 7.62301 2.5
    endloop
  endfacet
  facet normal 0 0 1
    outer loop
      vertex 131.232 67.5898 2.5
      vertex 131.347 7.61573 2.5
      vertex 131.347 67.3843 2.5
    endloop
  endfacet
  facet normal 0 0 1
    outer loop
      vertex 131.232 67.5898 2.5
      vertex 131.232 7.41021 2.5
      vertex 131.347 7.61573 2.5
    endloop
  endfacet
  facet normal 0 0 1
    outer loop
      vertex 9.02042 68.2749 2.5
      vertex 130.98 68.2749 2.5
      vertex 9.06638 68.5059 2.5
    endloop
  endfacet
  facet normal 0 0 1
    outer loop
      vertex 130.98 68.2749 2.5
      vertex 9.02042 68.2749 2.5
      vertex 130.982 68.2668 2.5
    endloop
  endfacet
  facet normal -0 0 1
    outer loop
      vertex 9.06638 68.5059 2.5
      vertex 130.98 68.2749 2.5
      vertex 9.06801 68.5141 2.5
    endloop
  endfacet
  facet normal 0 0 1
    outer loop
      vertex 130.982 68.2668 2.5
      vertex 9.02042 68.2749 2.5
      vertex 131.046 68.0401 2.5
    endloop
  endfacet
  facet normal 0 0 1
    outer loop
      vertex 130.934 68.5059 2.5
      vertex 9.06801 68.5141 2.5
      vertex 130.98 68.2749 2.5
    endloop
  endfacet
  facet normal 0 0 1
    outer loop
      vertex 131.232 7.41021 2.5
      vertex 9.10625 6 2.5
      vertex 131.134 7.19629 2.5
    endloop
  endfacet
  facet normal 0 0 1
    outer loop
      vertex 130.932 68.5141 2.5
      vertex 9.06801 68.5141 2.5
      vertex 130.934 68.5059 2.5
    endloop
  endfacet
  facet normal 0 0 1
    outer loop
      vertex 131.134 7.19629 2.5
      vertex 9.10625 6 2.5
      vertex 131.13 7.18871 2.5
    endloop
  endfacet
  facet normal 0 0 1
    outer loop
      vertex 9.06801 68.5141 2.5
      vertex 130.932 68.5141 2.5
      vertex 9.06899 68.5224 2.5
    endloop
  endfacet
  facet normal 0 0 1
    outer loop
      vertex 131.13 7.18871 2.5
      vertex 9.10625 6 2.5
      vertex 131.049 6.96771 2.5
    endloop
  endfacet
  facet normal -0 0 1
    outer loop
      vertex 9.06899 68.5224 2.5
      vertex 130.932 68.5141 2.5
      vertex 9.09667 68.7563 2.5
    endloop
  endfacet
  facet normal 0 0 1
    outer loop
      vertex 131.049 6.96771 2.5
      vertex 9.10625 6 2.5
      vertex 131.046 6.95988 2.5
    endloop
  endfacet
  facet normal 0 0 1
    outer loop
      vertex 130.931 68.5224 2.5
      vertex 9.09667 68.7563 2.5
      vertex 130.932 68.5141 2.5
    endloop
  endfacet
  facet normal 0 0 1
    outer loop
      vertex 131.046 6.95988 2.5
      vertex 9.10625 6 2.5
      vertex 130.982 6.73317 2.5
    endloop
  endfacet
  facet normal 0 0 1
    outer loop
      vertex 130.903 68.7563 2.5
      vertex 9.09667 68.7563 2.5
      vertex 130.931 68.5224 2.5
    endloop
  endfacet
  facet normal 0 0 1
    outer loop
      vertex 130.982 6.73317 2.5
      vertex 9.10625 6 2.5
      vertex 130.98 6.72514 2.5
    endloop
  endfacet
  facet normal 0 0 1
    outer loop
      vertex 9.09667 68.7563 2.5
      vertex 130.903 68.7563 2.5
      vertex 9.10592 68.9917 2.5
    endloop
  endfacet
  facet normal 0 0 1
    outer loop
      vertex 130.98 6.72514 2.5
      vertex 9.10625 6 2.5
      vertex 130.934 6.49411 2.5
    endloop
  endfacet
  facet normal -0 0 1
    outer loop
      vertex 9.10592 68.9917 2.5
      vertex 130.903 68.7563 2.5
      vertex 9.10625 69 2.5
    endloop
  endfacet
  facet normal 0 0 1
    outer loop
      vertex 130.934 6.49411 2.5
      vertex 9.10625 6 2.5
      vertex 130.932 6.48592 2.5
    endloop
  endfacet
  facet normal 0 0 1
    outer loop
      vertex 9.10625 69 2.5
      vertex 130.903 68.7563 2.5
      vertex 130.894 68.9917 2.5
    endloop
  endfacet
  facet normal 0 0 1
    outer loop
      vertex 130.932 6.48592 2.5
      vertex 9.10625 6 2.5
      vertex 130.931 6.47764 2.5
    endloop
  endfacet
  facet normal -0 0 1
    outer loop
      vertex 9.10625 69 2.5
      vertex 130.894 68.9917 2.5
      vertex 130.894 69 2.5
    endloop
  endfacet
  facet normal 0 0 1
    outer loop
      vertex 130.931 6.47764 2.5
      vertex 9.10625 6 2.5
      vertex 130.903 6.24371 2.5
    endloop
  endfacet
  facet normal 0 0 1
    outer loop
      vertex 136.768 70.4102 2.5
      vertex 140 71 2.5
      vertex 139.988 71.3138 2.5
    endloop
  endfacet
  facet normal 0 0 1
    outer loop
      vertex 137.106 68.9917 2.5
      vertex 140 71 2.5
      vertex 137.106 69 2.5
    endloop
  endfacet
  facet normal 0 0 1
    outer loop
      vertex 136.768 70.4102 2.5
      vertex 139.988 71.3138 2.5
      vertex 139.951 71.6257 2.5
    endloop
  endfacet
  facet normal 0 0 1
    outer loop
      vertex 137.097 68.7563 2.5
      vertex 140 71 2.5
      vertex 137.106 68.9917 2.5
    endloop
  endfacet
  facet normal 0 0 1
    outer loop
      vertex 136.653 70.6157 2.5
      vertex 139.951 71.6257 2.5
      vertex 139.889 71.9338 2.5
    endloop
  endfacet
  facet normal -0 0 1
    outer loop
      vertex 137.106 5.99166 2.5
      vertex 140 4 2.5
      vertex 137.106 6 2.5
    endloop
  endfacet
  facet normal 0 0 1
    outer loop
      vertex 136.649 70.623 2.5
      vertex 139.889 71.9338 2.5
      vertex 139.804 72.2361 2.5
    endloop
  endfacet
  facet normal -0 0 1
    outer loop
      vertex 137.097 5.75629 2.5
      vertex 140 4 2.5
      vertex 137.106 5.99166 2.5
    endloop
  endfacet
  facet normal 0 0 1
    outer loop
      vertex 136.518 70.8189 2.5
      vertex 139.804 72.2361 2.5
      vertex 139.696 72.5307 2.5
    endloop
  endfacet
  facet normal -0 0 1
    outer loop
      vertex 137.069 5.52236 2.5
      vertex 140 4 2.5
      vertex 137.097 5.75629 2.5
    endloop
  endfacet
  facet normal 0 0 1
    outer loop
      vertex 136.513 70.8258 2.5
      vertex 139.696 72.5307 2.5
      vertex 139.564 72.816 2.5
    endloop
  endfacet
  facet normal -0 0 1
    outer loop
      vertex 137.068 5.51408 2.5
      vertex 140 4 2.5
      vertex 137.069 5.52236 2.5
    endloop
  endfacet
  facet normal 0 0 1
    outer loop
      vertex 136.513 70.8258 2.5
      vertex 139.564 72.816 2.5
      vertex 139.411 73.09 2.5
    endloop
  endfacet
  facet normal -0 0 1
    outer loop
      vertex 137.066 5.50589 2.5
      vertex 140 4 2.5
      vertex 137.068 5.51408 2.5
    endloop
  endfacet
  facet normal 0 0 1
    outer loop
      vertex 136.362 71.0173 2.5
      vertex 139.411 73.09 2.5
      vertex 139.236 73.3511 2.5
    endloop
  endfacet
  facet normal -0 0 1
    outer loop
      vertex 137.02 5.27486 2.5
      vertex 140 4 2.5
      vertex 137.066 5.50589 2.5
    endloop
  endfacet
  facet normal 0 0 1
    outer loop
      vertex 136.356 71.0235 2.5
      vertex 139.236 73.3511 2.5
      vertex 139.042 73.5978 2.5
    endloop
  endfacet
  facet normal -0 0 1
    outer loop
      vertex 137.018 5.26683 2.5
      vertex 140 4 2.5
      vertex 137.02 5.27486 2.5
    endloop
  endfacet
  facet normal 0 0 1
    outer loop
      vertex 136.196 71.1964 2.5
      vertex 139.042 73.5978 2.5
      vertex 138.828 73.8284 2.5
    endloop
  endfacet
  facet normal -0 0 1
    outer loop
      vertex 136.954 5.04012 2.5
      vertex 140 4 2.5
      vertex 137.018 5.26683 2.5
    endloop
  endfacet
  facet normal 0 0 1
    outer loop
      vertex 136.196 71.1964 2.5
      vertex 138.828 73.8284 2.5
      vertex 138.598 74.0416 2.5
    endloop
  endfacet
  facet normal -0 0 1
    outer loop
      vertex 136.951 5.03229 2.5
      vertex 140 4 2.5
      vertex 136.954 5.04012 2.5
    endloop
  endfacet
  facet normal 0 0 1
    outer loop
      vertex 136.023 71.3563 2.5
      vertex 138.598 74.0416 2.5
      vertex 138.351 74.2361 2.5
    endloop
  endfacet
  facet normal -0 0 1
    outer loop
      vertex 136.87 4.81129 2.5
      vertex 140 4 2.5
      vertex 136.951 5.03229 2.5
    endloop
  endfacet
  facet normal 0 0 1
    outer loop
      vertex 136.017 71.362 2.5
      vertex 138.351 74.2361 2.5
      vertex 138.09 74.4106 2.5
    endloop
  endfacet
  facet normal -0 0 1
    outer loop
      vertex 136.866 4.80371 2.5
      vertex 140 4 2.5
      vertex 136.87 4.81129 2.5
    endloop
  endfacet
  facet normal 0 0 1
    outer loop
      vertex 136.011 71.3672 2.5
      vertex 138.09 74.4106 2.5
      vertex 137.816 74.564 2.5
    endloop
  endfacet
  facet normal -0 0 1
    outer loop
      vertex 136.768 4.58979 2.5
      vertex 140 4 2.5
      vertex 136.866 4.80371 2.5
    endloop
  endfacet
  facet normal 0 0 1
    outer loop
      vertex 135.826 71.513 2.5
      vertex 137.816 74.564 2.5
      vertex 137.531 74.6955 2.5
    endloop
  endfacet
  facet normal 0 0 1
    outer loop
      vertex 140 4 2.5
      vertex 136.768 4.58979 2.5
      vertex 139.988 3.68616 2.5
    endloop
  endfacet
  facet normal 0 0 1
    outer loop
      vertex 135.819 71.5176 2.5
      vertex 137.531 74.6955 2.5
      vertex 137.236 74.8042 2.5
    endloop
  endfacet
  facet normal 0 0 1
    outer loop
      vertex 139.988 3.68616 2.5
      vertex 136.768 4.58979 2.5
      vertex 139.951 3.37426 2.5
    endloop
  endfacet
  facet normal -0 0 1
    outer loop
      vertex 136.653 4.38427 2.5
      vertex 139.951 3.37426 2.5
      vertex 136.768 4.58979 2.5
    endloop
  endfacet
  facet normal 0 0 1
    outer loop
      vertex 140 71 2.5
      vertex 137.106 69.0083 2.5
      vertex 137.106 69 2.5
    endloop
  endfacet
  facet normal 0 0 1
    outer loop
      vertex 140 71 2.5
      vertex 137.097 69.2437 2.5
      vertex 137.106 69.0083 2.5
    endloop
  endfacet
  facet normal 0 0 1
    outer loop
      vertex 140 71 2.5
      vertex 137.069 69.4776 2.5
      vertex 137.097 69.2437 2.5
    endloop
  endfacet
  facet normal 0 0 1
    outer loop
      vertex 140 71 2.5
      vertex 137.068 69.4859 2.5
      vertex 137.069 69.4776 2.5
    endloop
  endfacet
  facet normal 0 0 1
    outer loop
      vertex 140 71 2.5
      vertex 137.066 69.4941 2.5
      vertex 137.068 69.4859 2.5
    endloop
  endfacet
  facet normal 0 0 1
    outer loop
      vertex 140 71 2.5
      vertex 137.02 69.7251 2.5
      vertex 137.066 69.4941 2.5
    endloop
  endfacet
  facet normal 0 0 1
    outer loop
      vertex 140 71 2.5
      vertex 137.018 69.7332 2.5
      vertex 137.02 69.7251 2.5
    endloop
  endfacet
  facet normal 0 0 1
    outer loop
      vertex 140 71 2.5
      vertex 136.954 69.9599 2.5
      vertex 137.018 69.7332 2.5
    endloop
  endfacet
  facet normal 0 0 1
    outer loop
      vertex 140 71 2.5
      vertex 136.951 69.9677 2.5
      vertex 136.954 69.9599 2.5
    endloop
  endfacet
  facet normal 0 0 1
    outer loop
      vertex 135.623 71.6485 2.5
      vertex 137.236 74.8042 2.5
      vertex 136.934 74.8895 2.5
    endloop
  endfacet
  facet normal 0 0 1
    outer loop
      vertex 140 71 2.5
      vertex 136.87 70.1887 2.5
      vertex 136.951 69.9677 2.5
    endloop
  endfacet
  facet normal 0 0 1
    outer loop
      vertex 140 71 2.5
      vertex 136.866 70.1963 2.5
      vertex 136.87 70.1887 2.5
    endloop
  endfacet
  facet normal 0 0 1
    outer loop
      vertex 140 71 2.5
      vertex 136.768 70.4102 2.5
      vertex 136.866 70.1963 2.5
    endloop
  endfacet
  facet normal 0 0 1
    outer loop
      vertex 139.951 71.6257 2.5
      vertex 136.653 70.6157 2.5
      vertex 136.768 70.4102 2.5
    endloop
  endfacet
  facet normal 0 0 1
    outer loop
      vertex 139.889 71.9338 2.5
      vertex 136.649 70.623 2.5
      vertex 136.653 70.6157 2.5
    endloop
  endfacet
  facet normal 0 0 1
    outer loop
      vertex 135.616 71.6526 2.5
      vertex 136.934 74.8895 2.5
      vertex 136.626 74.9508 2.5
    endloop
  endfacet
  facet normal 0 0 1
    outer loop
      vertex 139.804 72.2361 2.5
      vertex 136.518 70.8189 2.5
      vertex 136.649 70.623 2.5
    endloop
  endfacet
  facet normal 0 0 1
    outer loop
      vertex 139.696 72.5307 2.5
      vertex 136.513 70.8258 2.5
      vertex 136.518 70.8189 2.5
    endloop
  endfacet
  facet normal 0 0 1
    outer loop
      vertex 139.411 73.09 2.5
      vertex 136.367 71.0108 2.5
      vertex 136.513 70.8258 2.5
    endloop
  endfacet
  facet normal 0 0 1
    outer loop
      vertex 139.411 73.09 2.5
      vertex 136.362 71.0173 2.5
      vertex 136.367 71.0108 2.5
    endloop
  endfacet
  facet normal 0 0 1
    outer loop
      vertex 139.236 73.3511 2.5
      vertex 136.356 71.0235 2.5
      vertex 136.362 71.0173 2.5
    endloop
  endfacet
  facet normal 0 0 1
    outer loop
      vertex 135.41 71.7677 2.5
      vertex 136.626 74.9508 2.5
      vertex 136.314 74.9877 2.5
    endloop
  endfacet
  facet normal 0 0 1
    outer loop
      vertex 139.042 73.5978 2.5
      vertex 136.196 71.1964 2.5
      vertex 136.356 71.0235 2.5
    endloop
  endfacet
  facet normal 0 0 1
    outer loop
      vertex 138.598 74.0416 2.5
      vertex 136.023 71.3563 2.5
      vertex 136.196 71.1964 2.5
    endloop
  endfacet
  facet normal 0 0 1
    outer loop
      vertex 138.351 74.2361 2.5
      vertex 136.017 71.362 2.5
      vertex 136.023 71.3563 2.5
    endloop
  endfacet
  facet normal 0 0 1
    outer loop
      vertex 138.09 74.4106 2.5
      vertex 136.011 71.3672 2.5
      vertex 136.017 71.362 2.5
    endloop
  endfacet
  facet normal 0 0 1
    outer loop
      vertex 135.41 71.7677 2.5
      vertex 136.314 74.9877 2.5
      vertex 136 75 2.5
    endloop
  endfacet
  facet normal 0 0 1
    outer loop
      vertex 137.816 74.564 2.5
      vertex 135.826 71.513 2.5
      vertex 136.011 71.3672 2.5
    endloop
  endfacet
  facet normal 0 0 1
    outer loop
      vertex 137.531 74.6955 2.5
      vertex 135.819 71.5176 2.5
      vertex 135.826 71.513 2.5
    endloop
  endfacet
  facet normal 0 0 1
    outer loop
      vertex 137.236 74.8042 2.5
      vertex 135.623 71.6485 2.5
      vertex 135.819 71.5176 2.5
    endloop
  endfacet
  facet normal 0 0 1
    outer loop
      vertex 136.934 74.8895 2.5
      vertex 135.616 71.6526 2.5
      vertex 135.623 71.6485 2.5
    endloop
  endfacet
  facet normal 0 0 1
    outer loop
      vertex 136.626 74.9508 2.5
      vertex 135.41 71.7677 2.5
      vertex 135.616 71.6526 2.5
    endloop
  endfacet
  facet normal 0 0 1
    outer loop
      vertex 136 75 2.5
      vertex 135.196 71.8663 2.5
      vertex 135.41 71.7677 2.5
    endloop
  endfacet
  facet normal 0 0 1
    outer loop
      vertex 136 75 2.5
      vertex 135.189 71.8698 2.5
      vertex 135.196 71.8663 2.5
    endloop
  endfacet
  facet normal 0 0 1
    outer loop
      vertex 136 75 2.5
      vertex 134.968 71.9513 2.5
      vertex 135.189 71.8698 2.5
    endloop
  endfacet
  facet normal 0 0 1
    outer loop
      vertex 136 75 2.5
      vertex 134.96 71.9542 2.5
      vertex 134.968 71.9513 2.5
    endloop
  endfacet
  facet normal 0 0 1
    outer loop
      vertex 136 75 2.5
      vertex 134.733 72.0182 2.5
      vertex 134.96 71.9542 2.5
    endloop
  endfacet
  facet normal 0 0 1
    outer loop
      vertex 136 75 2.5
      vertex 134.725 72.0204 2.5
      vertex 134.733 72.0182 2.5
    endloop
  endfacet
  facet normal 0 0 1
    outer loop
      vertex 136 75 2.5
      vertex 134.494 72.0664 2.5
      vertex 134.725 72.0204 2.5
    endloop
  endfacet
  facet normal 0 0 1
    outer loop
      vertex 136 75 2.5
      vertex 134.486 72.068 2.5
      vertex 134.494 72.0664 2.5
    endloop
  endfacet
  facet normal 0 0 1
    outer loop
      vertex 136 75 2.5
      vertex 134.478 72.069 2.5
      vertex 134.486 72.068 2.5
    endloop
  endfacet
  facet normal 0 0 1
    outer loop
      vertex 136 75 2.5
      vertex 134.244 72.0967 2.5
      vertex 134.478 72.069 2.5
    endloop
  endfacet
  facet normal 0 0 1
    outer loop
      vertex 136 75 2.5
      vertex 134.008 72.1059 2.5
      vertex 134.244 72.0967 2.5
    endloop
  endfacet
  facet normal 0 0 1
    outer loop
      vertex 136 75 2.5
      vertex 134 72.1062 2.5
      vertex 134.008 72.1059 2.5
    endloop
  endfacet
  facet normal 0 0 1
    outer loop
      vertex 136 75 2.5
      vertex 133.992 72.1059 2.5
      vertex 134 72.1062 2.5
    endloop
  endfacet
  facet normal 0 0 1
    outer loop
      vertex 136 75 2.5
      vertex 133.756 72.0967 2.5
      vertex 133.992 72.1059 2.5
    endloop
  endfacet
  facet normal 0 0 1
    outer loop
      vertex 136 75 2.5
      vertex 133.522 72.069 2.5
      vertex 133.756 72.0967 2.5
    endloop
  endfacet
  facet normal 0 0 1
    outer loop
      vertex 136 75 2.5
      vertex 133.514 72.068 2.5
      vertex 133.522 72.069 2.5
    endloop
  endfacet
  facet normal 0 0 1
    outer loop
      vertex 136 75 2.5
      vertex 133.506 72.0664 2.5
      vertex 133.514 72.068 2.5
    endloop
  endfacet
  facet normal 0 0 1
    outer loop
      vertex 136 75 2.5
      vertex 133.275 72.0204 2.5
      vertex 133.506 72.0664 2.5
    endloop
  endfacet
  facet normal 0 0 1
    outer loop
      vertex 136 75 2.5
      vertex 133.267 72.0182 2.5
      vertex 133.275 72.0204 2.5
    endloop
  endfacet
  facet normal 0 0 1
    outer loop
      vertex 136 75 2.5
      vertex 133.04 71.9542 2.5
      vertex 133.267 72.0182 2.5
    endloop
  endfacet
  facet normal 0 0 1
    outer loop
      vertex 136 75 2.5
      vertex 133.032 71.9513 2.5
      vertex 133.04 71.9542 2.5
    endloop
  endfacet
  facet normal 0 0 1
    outer loop
      vertex 136 75 2.5
      vertex 132.811 71.8698 2.5
      vertex 133.032 71.9513 2.5
    endloop
  endfacet
  facet normal 0 0 1
    outer loop
      vertex 136 75 2.5
      vertex 132.804 71.8663 2.5
      vertex 132.811 71.8698 2.5
    endloop
  endfacet
  facet normal 0 0 1
    outer loop
      vertex 136 75 2.5
      vertex 132.59 71.7677 2.5
      vertex 132.804 71.8663 2.5
    endloop
  endfacet
  facet normal 0 0 1
    outer loop
      vertex 136 75 2.5
      vertex 132.384 71.6526 2.5
      vertex 132.59 71.7677 2.5
    endloop
  endfacet
  facet normal 0 0 1
    outer loop
      vertex 136 75 2.5
      vertex 132.377 71.6485 2.5
      vertex 132.384 71.6526 2.5
    endloop
  endfacet
  facet normal 0 0 1
    outer loop
      vertex 136 75 2.5
      vertex 132.181 71.5176 2.5
      vertex 132.377 71.6485 2.5
    endloop
  endfacet
  facet normal 0 0 1
    outer loop
      vertex 136 75 2.5
      vertex 132.174 71.513 2.5
      vertex 132.181 71.5176 2.5
    endloop
  endfacet
  facet normal 0 0 1
    outer loop
      vertex 136 75 2.5
      vertex 131.989 71.3672 2.5
      vertex 132.174 71.513 2.5
    endloop
  endfacet
  facet normal 0 0 1
    outer loop
      vertex 136 75 2.5
      vertex 131.983 71.362 2.5
      vertex 131.989 71.3672 2.5
    endloop
  endfacet
  facet normal 0 0 1
    outer loop
      vertex 131.983 71.362 2.5
      vertex 131.804 71.1964 2.5
      vertex 131.977 71.3563 2.5
    endloop
  endfacet
  facet normal 0 0 1
    outer loop
      vertex 131.638 71.0173 2.5
      vertex 131.487 70.8258 2.5
      vertex 131.633 71.0108 2.5
    endloop
  endfacet
  facet normal 0 0 -1
    outer loop
      vertex 131.487 70.8258 2.5
      vertex 131.351 70.623 2.5
      vertex 131.482 70.8189 2.5
    endloop
  endfacet
  facet normal 0 0 1
    outer loop
      vertex 131.351 70.623 2.5
      vertex 131.232 70.4102 2.5
      vertex 131.347 70.6157 2.5
    endloop
  endfacet
  facet normal 0 0 1
    outer loop
      vertex 131.232 70.4102 2.5
      vertex 131.13 70.1887 2.5
      vertex 131.134 70.1963 2.5
    endloop
  endfacet
  facet normal 0 0 -1
    outer loop
      vertex 131.046 69.9599 2.5
      vertex 130.98 69.7251 2.5
      vertex 130.982 69.7332 2.5
    endloop
  endfacet
  facet normal 0 0 1
    outer loop
      vertex 130.98 69.7251 2.5
      vertex 130.932 69.4859 2.5
      vertex 130.934 69.4941 2.5
    endloop
  endfacet
  facet normal 0 0 -1
    outer loop
      vertex 130.932 69.4859 2.5
      vertex 130.903 69.2437 2.5
      vertex 130.931 69.4776 2.5
    endloop
  endfacet
  facet normal 0 0 1
    outer loop
      vertex 130.903 6.24371 2.5
      vertex 9.10625 6 2.5
      vertex 130.894 6.00834 2.5
    endloop
  endfacet
  facet normal 0 0 1
    outer loop
      vertex 130.894 69.0083 2.5
      vertex 9.10625 69 2.5
      vertex 130.894 69 2.5
    endloop
  endfacet
  facet normal 0 0 1
    outer loop
      vertex 130.903 69.2437 2.5
      vertex 9.10625 69 2.5
      vertex 130.894 69.0083 2.5
    endloop
  endfacet
  facet normal 0 0 1
    outer loop
      vertex 9.09667 69.2437 2.5
      vertex 130.903 69.2437 2.5
      vertex 130.932 69.4859 2.5
    endloop
  endfacet
  facet normal 0 0 1
    outer loop
      vertex 9.06801 69.4859 2.5
      vertex 130.932 69.4859 2.5
      vertex 130.98 69.7251 2.5
    endloop
  endfacet
  facet normal 0 0 1
    outer loop
      vertex 9.02042 69.7251 2.5
      vertex 130.98 69.7251 2.5
      vertex 131.046 69.9599 2.5
    endloop
  endfacet
  facet normal 0 0 1
    outer loop
      vertex 8.95422 69.9599 2.5
      vertex 131.046 69.9599 2.5
      vertex 131.049 69.9677 2.5
    endloop
  endfacet
  facet normal 0 0 1
    outer loop
      vertex 8.95422 69.9599 2.5
      vertex 131.049 69.9677 2.5
      vertex 131.13 70.1887 2.5
    endloop
  endfacet
  facet normal 0 0 1
    outer loop
      vertex 8.8698 70.1887 2.5
      vertex 131.13 70.1887 2.5
      vertex 131.232 70.4102 2.5
    endloop
  endfacet
  facet normal 0 0 1
    outer loop
      vertex 8.76769 70.4102 2.5
      vertex 131.232 70.4102 2.5
      vertex 131.351 70.623 2.5
    endloop
  endfacet
  facet normal 0 0 1
    outer loop
      vertex 8.64851 70.623 2.5
      vertex 131.351 70.623 2.5
      vertex 131.487 70.8258 2.5
    endloop
  endfacet
  facet normal 0 0 1
    outer loop
      vertex 8.51301 70.8258 2.5
      vertex 131.487 70.8258 2.5
      vertex 131.638 71.0173 2.5
    endloop
  endfacet
  facet normal 0 0 1
    outer loop
      vertex 8.36201 71.0173 2.5
      vertex 131.638 71.0173 2.5
      vertex 131.644 71.0235 2.5
    endloop
  endfacet
  facet normal 0 0 1
    outer loop
      vertex 8.36201 71.0173 2.5
      vertex 131.644 71.0235 2.5
      vertex 131.804 71.1964 2.5
    endloop
  endfacet
  facet normal 0 0 1
    outer loop
      vertex 8.19645 71.1964 2.5
      vertex 131.804 71.1964 2.5
      vertex 131.983 71.362 2.5
    endloop
  endfacet
  facet normal 0 0 1
    outer loop
      vertex 8.01735 71.362 2.5
      vertex 131.983 71.362 2.5
      vertex 136 75 2.5
    endloop
  endfacet
  facet normal 0 0 1
    outer loop
      vertex 130.903 69.2437 2.5
      vertex 9.10592 69.0083 2.5
      vertex 9.10625 69 2.5
    endloop
  endfacet
  facet normal 0 0 1
    outer loop
      vertex 130.903 69.2437 2.5
      vertex 9.09667 69.2437 2.5
      vertex 9.10592 69.0083 2.5
    endloop
  endfacet
  facet normal 0 0 1
    outer loop
      vertex 130.932 69.4859 2.5
      vertex 9.06899 69.4776 2.5
      vertex 9.09667 69.2437 2.5
    endloop
  endfacet
  facet normal 0 0 1
    outer loop
      vertex 130.932 69.4859 2.5
      vertex 9.06801 69.4859 2.5
      vertex 9.06899 69.4776 2.5
    endloop
  endfacet
  facet normal 0 0 1
    outer loop
      vertex 130.98 69.7251 2.5
      vertex 9.06638 69.4941 2.5
      vertex 9.06801 69.4859 2.5
    endloop
  endfacet
  facet normal 0 0 1
    outer loop
      vertex 130.98 69.7251 2.5
      vertex 9.02042 69.7251 2.5
      vertex 9.06638 69.4941 2.5
    endloop
  endfacet
  facet normal 0 0 1
    outer loop
      vertex 131.046 69.9599 2.5
      vertex 9.01816 69.7332 2.5
      vertex 9.02042 69.7251 2.5
    endloop
  endfacet
  facet normal 0 0 1
    outer loop
      vertex 131.046 69.9599 2.5
      vertex 8.95422 69.9599 2.5
      vertex 9.01816 69.7332 2.5
    endloop
  endfacet
  facet normal 0 0 1
    outer loop
      vertex 131.13 70.1887 2.5
      vertex 8.95133 69.9677 2.5
      vertex 8.95422 69.9599 2.5
    endloop
  endfacet
  facet normal 0 0 1
    outer loop
      vertex 131.13 70.1887 2.5
      vertex 8.8698 70.1887 2.5
      vertex 8.95133 69.9677 2.5
    endloop
  endfacet
  facet normal 0 0 1
    outer loop
      vertex 131.232 70.4102 2.5
      vertex 8.86631 70.1963 2.5
      vertex 8.8698 70.1887 2.5
    endloop
  endfacet
  facet normal 0 0 1
    outer loop
      vertex 131.232 70.4102 2.5
      vertex 8.76769 70.4102 2.5
      vertex 8.86631 70.1963 2.5
    endloop
  endfacet
  facet normal 0 0 1
    outer loop
      vertex 131.351 70.623 2.5
      vertex 8.65259 70.6157 2.5
      vertex 8.76769 70.4102 2.5
    endloop
  endfacet
  facet normal 0 0 1
    outer loop
      vertex 131.351 70.623 2.5
      vertex 8.64851 70.623 2.5
      vertex 8.65259 70.6157 2.5
    endloop
  endfacet
  facet normal 0 0 1
    outer loop
      vertex 131.487 70.8258 2.5
      vertex 8.51764 70.8189 2.5
      vertex 8.64851 70.623 2.5
    endloop
  endfacet
  facet normal 0 0 1
    outer loop
      vertex 131.487 70.8258 2.5
      vertex 8.51301 70.8258 2.5
      vertex 8.51764 70.8189 2.5
    endloop
  endfacet
  facet normal 0 0 1
    outer loop
      vertex 131.638 71.0173 2.5
      vertex 8.36718 71.0108 2.5
      vertex 8.51301 70.8258 2.5
    endloop
  endfacet
  facet normal 0 0 1
    outer loop
      vertex 131.638 71.0173 2.5
      vertex 8.36201 71.0173 2.5
      vertex 8.36718 71.0108 2.5
    endloop
  endfacet
  facet normal 0 0 1
    outer loop
      vertex 131.804 71.1964 2.5
      vertex 8.35635 71.0235 2.5
      vertex 8.36201 71.0173 2.5
    endloop
  endfacet
  facet normal 0 0 1
    outer loop
      vertex 131.804 71.1964 2.5
      vertex 8.19645 71.1964 2.5
      vertex 8.35635 71.0235 2.5
    endloop
  endfacet
  facet normal 0 0 1
    outer loop
      vertex 131.983 71.362 2.5
      vertex 8.02347 71.3563 2.5
      vertex 8.19645 71.1964 2.5
    endloop
  endfacet
  facet normal 0 0 1
    outer loop
      vertex 131.983 71.362 2.5
      vertex 8.01735 71.362 2.5
      vertex 8.02347 71.3563 2.5
    endloop
  endfacet
  facet normal -0 0 1
    outer loop
      vertex 4 75 2.5
      vertex 8.01735 71.362 2.5
      vertex 136 75 2.5
    endloop
  endfacet
  facet normal 0 0 1
    outer loop
      vertex 8.01735 71.362 2.5
      vertex 4 75 2.5
      vertex 8.0108 71.3672 2.5
    endloop
  endfacet
  facet normal 0 0 1
    outer loop
      vertex 8.0108 71.3672 2.5
      vertex 4 75 2.5
      vertex 7.82581 71.513 2.5
    endloop
  endfacet
  facet normal 0 0 1
    outer loop
      vertex 7.82581 71.513 2.5
      vertex 4 75 2.5
      vertex 7.81887 71.5176 2.5
    endloop
  endfacet
  facet normal 0 0 1
    outer loop
      vertex 7.81887 71.5176 2.5
      vertex 4 75 2.5
      vertex 7.62301 71.6485 2.5
    endloop
  endfacet
  facet normal 0 0 1
    outer loop
      vertex 7.62301 71.6485 2.5
      vertex 4 75 2.5
      vertex 7.61573 71.6526 2.5
    endloop
  endfacet
  facet normal 0 0 1
    outer loop
      vertex 7.61573 71.6526 2.5
      vertex 4 75 2.5
      vertex 7.41021 71.7677 2.5
    endloop
  endfacet
  facet normal 0 0 1
    outer loop
      vertex 7.41021 71.7677 2.5
      vertex 4 75 2.5
      vertex 7.19629 71.8663 2.5
    endloop
  endfacet
  facet normal 0 0 1
    outer loop
      vertex 7.19629 71.8663 2.5
      vertex 4 75 2.5
      vertex 7.18871 71.8698 2.5
    endloop
  endfacet
  facet normal 0 0 1
    outer loop
      vertex 7.18871 71.8698 2.5
      vertex 4 75 2.5
      vertex 6.96771 71.9513 2.5
    endloop
  endfacet
  facet normal 0 0 1
    outer loop
      vertex 6.96771 71.9513 2.5
      vertex 4 75 2.5
      vertex 6.95988 71.9542 2.5
    endloop
  endfacet
  facet normal 0 0 1
    outer loop
      vertex 6.95988 71.9542 2.5
      vertex 4 75 2.5
      vertex 6.73317 72.0182 2.5
    endloop
  endfacet
  facet normal 0 0 1
    outer loop
      vertex 6.73317 72.0182 2.5
      vertex 4 75 2.5
      vertex 6.72514 72.0204 2.5
    endloop
  endfacet
  facet normal 0 0 1
    outer loop
      vertex 6.72514 72.0204 2.5
      vertex 4 75 2.5
      vertex 6.49411 72.0664 2.5
    endloop
  endfacet
  facet normal 0 0 1
    outer loop
      vertex 6.49411 72.0664 2.5
      vertex 4 75 2.5
      vertex 6.48592 72.068 2.5
    endloop
  endfacet
  facet normal 0 0 1
    outer loop
      vertex 6.48592 72.068 2.5
      vertex 4 75 2.5
      vertex 6.47764 72.069 2.5
    endloop
  endfacet
  facet normal 0 0 1
    outer loop
      vertex 6.47764 72.069 2.5
      vertex 4 75 2.5
      vertex 6.24371 72.0967 2.5
    endloop
  endfacet
  facet normal 0 0 1
    outer loop
      vertex 6.24371 72.0967 2.5
      vertex 4 75 2.5
      vertex 6.00834 72.1059 2.5
    endloop
  endfacet
  facet normal 0 0 1
    outer loop
      vertex 4 75 2.5
      vertex 5.52236 72.069 2.5
      vertex 5.75629 72.0967 2.5
    endloop
  endfacet
  facet normal 0 0 1
    outer loop
      vertex 4 75 2.5
      vertex 5.26683 72.0182 2.5
      vertex 5.27486 72.0204 2.5
    endloop
  endfacet
  facet normal 0 0 1
    outer loop
      vertex 4 75 2.5
      vertex 4.80371 71.8663 2.5
      vertex 4.81129 71.8698 2.5
    endloop
  endfacet
  facet normal 0 0 1
    outer loop
      vertex 3.37426 74.9508 2.5
      vertex 4.38427 71.6526 2.5
      vertex 4.58979 71.7677 2.5
    endloop
  endfacet
  facet normal 0 0 1
    outer loop
      vertex 6.00834 72.1059 2.5
      vertex 4 75 2.5
      vertex 6 72.1062 2.5
    endloop
  endfacet
  facet normal 0 0 1
    outer loop
      vertex 4 75 2.5
      vertex 5.99166 72.1059 2.5
      vertex 6 72.1062 2.5
    endloop
  endfacet
  facet normal 0 0 1
    outer loop
      vertex 4 75 2.5
      vertex 5.75629 72.0967 2.5
      vertex 5.99166 72.1059 2.5
    endloop
  endfacet
  facet normal 0 0 1
    outer loop
      vertex 5.52236 72.069 2.5
      vertex 4 75 2.5
      vertex 5.51408 72.068 2.5
    endloop
  endfacet
  facet normal 0 0 1
    outer loop
      vertex 4 75 2.5
      vertex 5.50589 72.0664 2.5
      vertex 5.51408 72.068 2.5
    endloop
  endfacet
  facet normal 0 0 1
    outer loop
      vertex 4 75 2.5
      vertex 5.27486 72.0204 2.5
      vertex 5.50589 72.0664 2.5
    endloop
  endfacet
  facet normal 0 0 1
    outer loop
      vertex 5.26683 72.0182 2.5
      vertex 4 75 2.5
      vertex 5.04012 71.9542 2.5
    endloop
  endfacet
  facet normal 0 0 1
    outer loop
      vertex 4 75 2.5
      vertex 5.03229 71.9513 2.5
      vertex 5.04012 71.9542 2.5
    endloop
  endfacet
  facet normal 0 0 1
    outer loop
      vertex 4 75 2.5
      vertex 4.81129 71.8698 2.5
      vertex 5.03229 71.9513 2.5
    endloop
  endfacet
  facet normal 0 0 1
    outer loop
      vertex 4.80371 71.8663 2.5
      vertex 4 75 2.5
      vertex 4.58979 71.7677 2.5
    endloop
  endfacet
  facet normal -0 0 1
    outer loop
      vertex 3.68616 74.9877 2.5
      vertex 4.58979 71.7677 2.5
      vertex 4 75 2.5
    endloop
  endfacet
  facet normal -0 0 1
    outer loop
      vertex 3.37426 74.9508 2.5
      vertex 4.58979 71.7677 2.5
      vertex 3.68616 74.9877 2.5
    endloop
  endfacet
  facet normal -0 0 1
    outer loop
      vertex 3.06622 74.8895 2.5
      vertex 4.38427 71.6526 2.5
      vertex 3.37426 74.9508 2.5
    endloop
  endfacet
  facet normal 0 0 1
    outer loop
      vertex 4.38427 71.6526 2.5
      vertex 3.06622 74.8895 2.5
      vertex 4.37699 71.6485 2.5
    endloop
  endfacet
  facet normal -0 0 1
    outer loop
      vertex 2.76393 74.8042 2.5
      vertex 4.37699 71.6485 2.5
      vertex 3.06622 74.8895 2.5
    endloop
  endfacet
  facet normal 0 0 1
    outer loop
      vertex 4.37699 71.6485 2.5
      vertex 2.76393 74.8042 2.5
      vertex 4.18113 71.5176 2.5
    endloop
  endfacet
  facet normal -0 0 1
    outer loop
      vertex 2.46927 74.6955 2.5
      vertex 4.18113 71.5176 2.5
      vertex 2.76393 74.8042 2.5
    endloop
  endfacet
  facet normal 0 0 1
    outer loop
      vertex 4.18113 71.5176 2.5
      vertex 2.46927 74.6955 2.5
      vertex 4.17419 71.513 2.5
    endloop
  endfacet
  facet normal -0 0 1
    outer loop
      vertex 2.18404 74.564 2.5
      vertex 4.17419 71.513 2.5
      vertex 2.46927 74.6955 2.5
    endloop
  endfacet
  facet normal 0 0 1
    outer loop
      vertex 4.17419 71.513 2.5
      vertex 2.18404 74.564 2.5
      vertex 3.9892 71.3672 2.5
    endloop
  endfacet
  facet normal -0 0 1
    outer loop
      vertex 1.91001 74.4106 2.5
      vertex 3.9892 71.3672 2.5
      vertex 2.18404 74.564 2.5
    endloop
  endfacet
  facet normal 0 0 1
    outer loop
      vertex 3.9892 71.3672 2.5
      vertex 1.91001 74.4106 2.5
      vertex 3.98265 71.362 2.5
    endloop
  endfacet
  facet normal -0 0 1
    outer loop
      vertex 1.64886 74.2361 2.5
      vertex 3.98265 71.362 2.5
      vertex 1.91001 74.4106 2.5
    endloop
  endfacet
  facet normal 0 0 1
    outer loop
      vertex 3.98265 71.362 2.5
      vertex 1.64886 74.2361 2.5
      vertex 3.97652 71.3563 2.5
    endloop
  endfacet
  facet normal -0 0 1
    outer loop
      vertex 1.40221 74.0416 2.5
      vertex 3.97652 71.3563 2.5
      vertex 1.64886 74.2361 2.5
    endloop
  endfacet
  facet normal 0 0 1
    outer loop
      vertex 3.97652 71.3563 2.5
      vertex 1.40221 74.0416 2.5
      vertex 3.80355 71.1964 2.5
    endloop
  endfacet
  facet normal -0 0 1
    outer loop
      vertex 1.17157 73.8284 2.5
      vertex 3.80355 71.1964 2.5
      vertex 1.40221 74.0416 2.5
    endloop
  endfacet
  facet normal -0 0 1
    outer loop
      vertex 0.958376 73.5978 2.5
      vertex 3.80355 71.1964 2.5
      vertex 1.17157 73.8284 2.5
    endloop
  endfacet
  facet normal 0 0 1
    outer loop
      vertex 3.80355 71.1964 2.5
      vertex 0.958376 73.5978 2.5
      vertex 3.64365 71.0235 2.5
    endloop
  endfacet
  facet normal -0 0 1
    outer loop
      vertex 0.763931 73.3511 2.5
      vertex 3.64365 71.0235 2.5
      vertex 0.958376 73.5978 2.5
    endloop
  endfacet
  facet normal 0 0 1
    outer loop
      vertex 3.64365 71.0235 2.5
      vertex 0.763931 73.3511 2.5
      vertex 3.63799 71.0173 2.5
    endloop
  endfacet
  facet normal -0 0 1
    outer loop
      vertex 0.589438 73.09 2.5
      vertex 3.63799 71.0173 2.5
      vertex 0.763931 73.3511 2.5
    endloop
  endfacet
  facet normal 0 0 1
    outer loop
      vertex 3.63799 71.0173 2.5
      vertex 0.589438 73.09 2.5
      vertex 3.63282 71.0108 2.5
    endloop
  endfacet
  facet normal 0 0 1
    outer loop
      vertex 3.63282 71.0108 2.5
      vertex 0.589438 73.09 2.5
      vertex 3.48699 70.8258 2.5
    endloop
  endfacet
  facet normal -0 0 1
    outer loop
      vertex 0.435973 72.816 2.5
      vertex 3.48699 70.8258 2.5
      vertex 0.589438 73.09 2.5
    endloop
  endfacet
  facet normal -0 0 1
    outer loop
      vertex 0.304482 72.5307 2.5
      vertex 3.48699 70.8258 2.5
      vertex 0.435973 72.816 2.5
    endloop
  endfacet
  facet normal 0 0 1
    outer loop
      vertex 3.48699 70.8258 2.5
      vertex 0.304482 72.5307 2.5
      vertex 3.48236 70.8189 2.5
    endloop
  endfacet
  facet normal -0 0 1
    outer loop
      vertex 0.195773 72.2361 2.5
      vertex 3.48236 70.8189 2.5
      vertex 0.304482 72.5307 2.5
    endloop
  endfacet
  facet normal 0 0 1
    outer loop
      vertex 3.48236 70.8189 2.5
      vertex 0.195773 72.2361 2.5
      vertex 3.35149 70.623 2.5
    endloop
  endfacet
  facet normal -0 0 1
    outer loop
      vertex 0.110519 71.9338 2.5
      vertex 3.35149 70.623 2.5
      vertex 0.195773 72.2361 2.5
    endloop
  endfacet
  facet normal -0 0 1
    outer loop
      vertex 0.0492458 71.6257 2.5
      vertex 3.34741 70.6157 2.5
      vertex 0.110519 71.9338 2.5
    endloop
  endfacet
  facet normal 0 0 1
    outer loop
      vertex 3.35149 70.623 2.5
      vertex 0.110519 71.9338 2.5
      vertex 3.34741 70.6157 2.5
    endloop
  endfacet
  facet normal 0 0 1
    outer loop
      vertex 139.951 3.37426 2.5
      vertex 136.653 4.38427 2.5
      vertex 139.889 3.06622 2.5
    endloop
  endfacet
  facet normal -0 0 1
    outer loop
      vertex 136.649 4.37699 2.5
      vertex 139.889 3.06622 2.5
      vertex 136.653 4.38427 2.5
    endloop
  endfacet
  facet normal 0 0 1
    outer loop
      vertex 139.889 3.06622 2.5
      vertex 136.649 4.37699 2.5
      vertex 139.804 2.76393 2.5
    endloop
  endfacet
  facet normal -0 0 1
    outer loop
      vertex 136.518 4.18113 2.5
      vertex 139.804 2.76393 2.5
      vertex 136.649 4.37699 2.5
    endloop
  endfacet
  facet normal 0 0 1
    outer loop
      vertex 139.804 2.76393 2.5
      vertex 136.518 4.18113 2.5
      vertex 139.696 2.46927 2.5
    endloop
  endfacet
  facet normal -0 0 1
    outer loop
      vertex 136.513 4.17419 2.5
      vertex 139.696 2.46927 2.5
      vertex 136.518 4.18113 2.5
    endloop
  endfacet
  facet normal 0 0 1
    outer loop
      vertex 139.696 2.46927 2.5
      vertex 136.513 4.17419 2.5
      vertex 139.564 2.18404 2.5
    endloop
  endfacet
  facet normal 0 0 1
    outer loop
      vertex 139.564 2.18404 2.5
      vertex 136.513 4.17419 2.5
      vertex 139.411 1.91001 2.5
    endloop
  endfacet
  facet normal -0 0 1
    outer loop
      vertex 136.367 3.9892 2.5
      vertex 139.411 1.91001 2.5
      vertex 136.513 4.17419 2.5
    endloop
  endfacet
  facet normal -0 0 1
    outer loop
      vertex 136.362 3.98265 2.5
      vertex 139.411 1.91001 2.5
      vertex 136.367 3.9892 2.5
    endloop
  endfacet
  facet normal 0 0 1
    outer loop
      vertex 139.411 1.91001 2.5
      vertex 136.362 3.98265 2.5
      vertex 139.236 1.64886 2.5
    endloop
  endfacet
  facet normal -0 0 1
    outer loop
      vertex 136.356 3.97652 2.5
      vertex 139.236 1.64886 2.5
      vertex 136.362 3.98265 2.5
    endloop
  endfacet
  facet normal 0 0 1
    outer loop
      vertex 139.236 1.64886 2.5
      vertex 136.356 3.97652 2.5
      vertex 139.042 1.40221 2.5
    endloop
  endfacet
  facet normal -0 0 1
    outer loop
      vertex 136.196 3.80355 2.5
      vertex 139.042 1.40221 2.5
      vertex 136.356 3.97652 2.5
    endloop
  endfacet
  facet normal 0 0 1
    outer loop
      vertex 139.042 1.40221 2.5
      vertex 136.196 3.80355 2.5
      vertex 138.828 1.17157 2.5
    endloop
  endfacet
  facet normal 0 0 1
    outer loop
      vertex 138.828 1.17157 2.5
      vertex 136.196 3.80355 2.5
      vertex 138.598 0.958376 2.5
    endloop
  endfacet
  facet normal -0 0 1
    outer loop
      vertex 136.023 3.64365 2.5
      vertex 138.598 0.958376 2.5
      vertex 136.196 3.80355 2.5
    endloop
  endfacet
  facet normal 0 0 1
    outer loop
      vertex 138.598 0.958376 2.5
      vertex 136.023 3.64365 2.5
      vertex 138.351 0.763931 2.5
    endloop
  endfacet
  facet normal -0 0 1
    outer loop
      vertex 136.017 3.63799 2.5
      vertex 138.351 0.763931 2.5
      vertex 136.023 3.64365 2.5
    endloop
  endfacet
  facet normal 0 0 1
    outer loop
      vertex 138.351 0.763931 2.5
      vertex 136.017 3.63799 2.5
      vertex 138.09 0.589438 2.5
    endloop
  endfacet
  facet normal -0 0 1
    outer loop
      vertex 136.011 3.63282 2.5
      vertex 138.09 0.589438 2.5
      vertex 136.017 3.63799 2.5
    endloop
  endfacet
  facet normal 0 0 1
    outer loop
      vertex 138.09 0.589438 2.5
      vertex 136.011 3.63282 2.5
      vertex 137.816 0.435973 2.5
    endloop
  endfacet
  facet normal -0 0 1
    outer loop
      vertex 135.826 3.48699 2.5
      vertex 137.816 0.435973 2.5
      vertex 136.011 3.63282 2.5
    endloop
  endfacet
  facet normal 0 0 1
    outer loop
      vertex 137.816 0.435973 2.5
      vertex 135.826 3.48699 2.5
      vertex 137.531 0.304482 2.5
    endloop
  endfacet
  facet normal -0 0 1
    outer loop
      vertex 135.819 3.48236 2.5
      vertex 137.531 0.304482 2.5
      vertex 135.826 3.48699 2.5
    endloop
  endfacet
  facet normal 0 0 1
    outer loop
      vertex 137.531 0.304482 2.5
      vertex 135.819 3.48236 2.5
      vertex 137.236 0.195773 2.5
    endloop
  endfacet
  facet normal -0 0 1
    outer loop
      vertex 135.623 3.35149 2.5
      vertex 137.236 0.195773 2.5
      vertex 135.819 3.48236 2.5
    endloop
  endfacet
  facet normal 0 0 1
    outer loop
      vertex 137.236 0.195773 2.5
      vertex 135.623 3.35149 2.5
      vertex 136.934 0.110519 2.5
    endloop
  endfacet
  facet normal -0 0 1
    outer loop
      vertex 135.616 3.34741 2.5
      vertex 136.934 0.110519 2.5
      vertex 135.623 3.35149 2.5
    endloop
  endfacet
  facet normal 0 0 1
    outer loop
      vertex 136.934 0.110519 2.5
      vertex 135.616 3.34741 2.5
      vertex 136.626 0.0492458 2.5
    endloop
  endfacet
  facet normal -0 0 1
    outer loop
      vertex 135.41 3.23231 2.5
      vertex 136.626 0.0492458 2.5
      vertex 135.616 3.34741 2.5
    endloop
  endfacet
  facet normal 0 0 1
    outer loop
      vertex 136.626 0.0492458 2.5
      vertex 135.41 3.23231 2.5
      vertex 136.314 0.0123301 2.5
    endloop
  endfacet
  facet normal 0 0 1
    outer loop
      vertex 136.314 0.0123301 2.5
      vertex 135.41 3.23231 2.5
      vertex 136 0 2.5
    endloop
  endfacet
  facet normal -0 0 1
    outer loop
      vertex 135.196 3.13369 2.5
      vertex 136 0 2.5
      vertex 135.41 3.23231 2.5
    endloop
  endfacet
  facet normal -0 0 1
    outer loop
      vertex 135.189 3.1302 2.5
      vertex 136 0 2.5
      vertex 135.196 3.13369 2.5
    endloop
  endfacet
  facet normal -0 0 1
    outer loop
      vertex 134.968 3.04867 2.5
      vertex 136 0 2.5
      vertex 135.189 3.1302 2.5
    endloop
  endfacet
  facet normal -0 0 1
    outer loop
      vertex 134.96 3.04578 2.5
      vertex 136 0 2.5
      vertex 134.968 3.04867 2.5
    endloop
  endfacet
  facet normal -0 0 1
    outer loop
      vertex 134.733 2.98184 2.5
      vertex 136 0 2.5
      vertex 134.96 3.04578 2.5
    endloop
  endfacet
  facet normal -0 0 1
    outer loop
      vertex 134.725 2.97957 2.5
      vertex 136 0 2.5
      vertex 134.733 2.98184 2.5
    endloop
  endfacet
  facet normal -0 0 1
    outer loop
      vertex 134.494 2.93362 2.5
      vertex 136 0 2.5
      vertex 134.725 2.97957 2.5
    endloop
  endfacet
  facet normal -0 0 1
    outer loop
      vertex 134.486 2.93199 2.5
      vertex 136 0 2.5
      vertex 134.494 2.93362 2.5
    endloop
  endfacet
  facet normal -0 0 1
    outer loop
      vertex 134.478 2.93101 2.5
      vertex 136 0 2.5
      vertex 134.486 2.93199 2.5
    endloop
  endfacet
  facet normal -0 0 1
    outer loop
      vertex 134.244 2.90332 2.5
      vertex 136 0 2.5
      vertex 134.478 2.93101 2.5
    endloop
  endfacet
  facet normal -0 0 1
    outer loop
      vertex 134.008 2.89408 2.5
      vertex 136 0 2.5
      vertex 134.244 2.90332 2.5
    endloop
  endfacet
  facet normal -0 0 1
    outer loop
      vertex 134 2.89375 2.5
      vertex 136 0 2.5
      vertex 134.008 2.89408 2.5
    endloop
  endfacet
  facet normal 0 0 1
    outer loop
      vertex 133.992 2.89408 2.5
      vertex 136 0 2.5
      vertex 134 2.89375 2.5
    endloop
  endfacet
  facet normal 0 0 1
    outer loop
      vertex 133.756 2.90332 2.5
      vertex 136 0 2.5
      vertex 133.992 2.89408 2.5
    endloop
  endfacet
  facet normal 0 0 1
    outer loop
      vertex 133.522 2.93101 2.5
      vertex 136 0 2.5
      vertex 133.756 2.90332 2.5
    endloop
  endfacet
  facet normal 0 0 1
    outer loop
      vertex 133.514 2.93199 2.5
      vertex 136 0 2.5
      vertex 133.522 2.93101 2.5
    endloop
  endfacet
  facet normal 0 0 1
    outer loop
      vertex 133.506 2.93362 2.5
      vertex 136 0 2.5
      vertex 133.514 2.93199 2.5
    endloop
  endfacet
  facet normal 0 0 1
    outer loop
      vertex 133.275 2.97957 2.5
      vertex 136 0 2.5
      vertex 133.506 2.93362 2.5
    endloop
  endfacet
  facet normal 0 0 1
    outer loop
      vertex 133.267 2.98184 2.5
      vertex 136 0 2.5
      vertex 133.275 2.97957 2.5
    endloop
  endfacet
  facet normal 0 0 1
    outer loop
      vertex 133.04 3.04578 2.5
      vertex 136 0 2.5
      vertex 133.267 2.98184 2.5
    endloop
  endfacet
  facet normal 0 0 1
    outer loop
      vertex 133.032 3.04867 2.5
      vertex 136 0 2.5
      vertex 133.04 3.04578 2.5
    endloop
  endfacet
  facet normal 0 0 1
    outer loop
      vertex 132.811 3.1302 2.5
      vertex 136 0 2.5
      vertex 133.032 3.04867 2.5
    endloop
  endfacet
  facet normal 0 0 1
    outer loop
      vertex 132.804 3.13369 2.5
      vertex 136 0 2.5
      vertex 132.811 3.1302 2.5
    endloop
  endfacet
  facet normal 0 0 1
    outer loop
      vertex 132.59 3.23231 2.5
      vertex 136 0 2.5
      vertex 132.804 3.13369 2.5
    endloop
  endfacet
  facet normal 0 0 1
    outer loop
      vertex 132.384 3.34741 2.5
      vertex 136 0 2.5
      vertex 132.59 3.23231 2.5
    endloop
  endfacet
  facet normal 0 0 1
    outer loop
      vertex 132.377 3.35149 2.5
      vertex 136 0 2.5
      vertex 132.384 3.34741 2.5
    endloop
  endfacet
  facet normal 0 0 1
    outer loop
      vertex 132.181 3.48236 2.5
      vertex 136 0 2.5
      vertex 132.377 3.35149 2.5
    endloop
  endfacet
  facet normal 0 0 1
    outer loop
      vertex 132.174 3.48699 2.5
      vertex 136 0 2.5
      vertex 132.181 3.48236 2.5
    endloop
  endfacet
  facet normal 0 0 1
    outer loop
      vertex 131.989 3.63282 2.5
      vertex 136 0 2.5
      vertex 132.174 3.48699 2.5
    endloop
  endfacet
  facet normal 0 0 1
    outer loop
      vertex 131.983 3.63799 2.5
      vertex 136 0 2.5
      vertex 131.989 3.63282 2.5
    endloop
  endfacet
  facet normal 0 0 1
    outer loop
      vertex 131.804 3.80355 2.5
      vertex 131.983 3.63799 2.5
      vertex 131.977 3.64365 2.5
    endloop
  endfacet
  facet normal 0 0 1
    outer loop
      vertex 131.487 4.17419 2.5
      vertex 131.638 3.98265 2.5
      vertex 131.633 3.9892 2.5
    endloop
  endfacet
  facet normal 0 0 -1
    outer loop
      vertex 131.351 4.37699 2.5
      vertex 131.487 4.17419 2.5
      vertex 131.482 4.18113 2.5
    endloop
  endfacet
  facet normal 0 0 1
    outer loop
      vertex 131.232 4.58979 2.5
      vertex 131.351 4.37699 2.5
      vertex 131.347 4.38427 2.5
    endloop
  endfacet
  facet normal 0 0 1
    outer loop
      vertex 131.13 4.81129 2.5
      vertex 131.232 4.58979 2.5
      vertex 131.134 4.80371 2.5
    endloop
  endfacet
  facet normal 0 0 -1
    outer loop
      vertex 130.98 5.27486 2.5
      vertex 131.046 5.04012 2.5
      vertex 130.982 5.26683 2.5
    endloop
  endfacet
  facet normal 0 0 1
    outer loop
      vertex 130.932 5.51408 2.5
      vertex 130.98 5.27486 2.5
      vertex 130.934 5.50589 2.5
    endloop
  endfacet
  facet normal 0 0 -1
    outer loop
      vertex 130.903 5.75629 2.5
      vertex 130.932 5.51408 2.5
      vertex 130.931 5.52236 2.5
    endloop
  endfacet
  facet normal 0 0 1
    outer loop
      vertex 130.894 6.00834 2.5
      vertex 9.10625 6 2.5
      vertex 130.894 6 2.5
    endloop
  endfacet
  facet normal 0 0 1
    outer loop
      vertex 130.894 6 2.5
      vertex 9.10625 6 2.5
      vertex 130.894 5.99166 2.5
    endloop
  endfacet
  facet normal 0 0 1
    outer loop
      vertex 130.894 5.99166 2.5
      vertex 9.10625 6 2.5
      vertex 130.903 5.75629 2.5
    endloop
  endfacet
  facet normal -0 0 1
    outer loop
      vertex 9.10592 5.99166 2.5
      vertex 130.903 5.75629 2.5
      vertex 9.10625 6 2.5
    endloop
  endfacet
  facet normal 0 0 1
    outer loop
      vertex 9.09667 5.75629 2.5
      vertex 130.903 5.75629 2.5
      vertex 9.10592 5.99166 2.5
    endloop
  endfacet
  facet normal 0 0 1
    outer loop
      vertex 130.903 5.75629 2.5
      vertex 9.09667 5.75629 2.5
      vertex 130.932 5.51408 2.5
    endloop
  endfacet
  facet normal -0 0 1
    outer loop
      vertex 9.06899 5.52236 2.5
      vertex 130.932 5.51408 2.5
      vertex 9.09667 5.75629 2.5
    endloop
  endfacet
  facet normal 0 0 1
    outer loop
      vertex 9.06801 5.51408 2.5
      vertex 130.932 5.51408 2.5
      vertex 9.06899 5.52236 2.5
    endloop
  endfacet
  facet normal 0 0 1
    outer loop
      vertex 130.932 5.51408 2.5
      vertex 9.06801 5.51408 2.5
      vertex 130.98 5.27486 2.5
    endloop
  endfacet
  facet normal -0 0 1
    outer loop
      vertex 9.06638 5.50589 2.5
      vertex 130.98 5.27486 2.5
      vertex 9.06801 5.51408 2.5
    endloop
  endfacet
  facet normal 0 0 1
    outer loop
      vertex 9.02042 5.27486 2.5
      vertex 130.98 5.27486 2.5
      vertex 9.06638 5.50589 2.5
    endloop
  endfacet
  facet normal 0 0 1
    outer loop
      vertex 130.98 5.27486 2.5
      vertex 9.02042 5.27486 2.5
      vertex 131.046 5.04012 2.5
    endloop
  endfacet
  facet normal -0 0 1
    outer loop
      vertex 9.01816 5.26683 2.5
      vertex 131.046 5.04012 2.5
      vertex 9.02042 5.27486 2.5
    endloop
  endfacet
  facet normal 0 0 1
    outer loop
      vertex 8.95422 5.04012 2.5
      vertex 131.046 5.04012 2.5
      vertex 9.01816 5.26683 2.5
    endloop
  endfacet
  facet normal 0 0 1
    outer loop
      vertex 131.046 5.04012 2.5
      vertex 8.95422 5.04012 2.5
      vertex 131.049 5.03229 2.5
    endloop
  endfacet
  facet normal 0 0 1
    outer loop
      vertex 131.049 5.03229 2.5
      vertex 8.95422 5.04012 2.5
      vertex 131.13 4.81129 2.5
    endloop
  endfacet
  facet normal -0 0 1
    outer loop
      vertex 8.95133 5.03229 2.5
      vertex 131.13 4.81129 2.5
      vertex 8.95422 5.04012 2.5
    endloop
  endfacet
  facet normal 0 0 1
    outer loop
      vertex 8.8698 4.81129 2.5
      vertex 131.13 4.81129 2.5
      vertex 8.95133 5.03229 2.5
    endloop
  endfacet
  facet normal 0 0 1
    outer loop
      vertex 131.13 4.81129 2.5
      vertex 8.8698 4.81129 2.5
      vertex 131.232 4.58979 2.5
    endloop
  endfacet
  facet normal -0 0 1
    outer loop
      vertex 8.86631 4.80371 2.5
      vertex 131.232 4.58979 2.5
      vertex 8.8698 4.81129 2.5
    endloop
  endfacet
  facet normal 0 0 1
    outer loop
      vertex 8.76769 4.58979 2.5
      vertex 131.232 4.58979 2.5
      vertex 8.86631 4.80371 2.5
    endloop
  endfacet
  facet normal 0 0 1
    outer loop
      vertex 131.232 4.58979 2.5
      vertex 8.76769 4.58979 2.5
      vertex 131.351 4.37699 2.5
    endloop
  endfacet
  facet normal -0 0 1
    outer loop
      vertex 8.65259 4.38427 2.5
      vertex 131.351 4.37699 2.5
      vertex 8.76769 4.58979 2.5
    endloop
  endfacet
  facet normal 0 0 1
    outer loop
      vertex 8.64851 4.37699 2.5
      vertex 131.351 4.37699 2.5
      vertex 8.65259 4.38427 2.5
    endloop
  endfacet
  facet normal 0 0 1
    outer loop
      vertex 131.351 4.37699 2.5
      vertex 8.64851 4.37699 2.5
      vertex 131.487 4.17419 2.5
    endloop
  endfacet
  facet normal -0 0 1
    outer loop
      vertex 8.51764 4.18113 2.5
      vertex 131.487 4.17419 2.5
      vertex 8.64851 4.37699 2.5
    endloop
  endfacet
  facet normal 0 0 1
    outer loop
      vertex 8.51301 4.17419 2.5
      vertex 131.487 4.17419 2.5
      vertex 8.51764 4.18113 2.5
    endloop
  endfacet
  facet normal 0 0 1
    outer loop
      vertex 131.487 4.17419 2.5
      vertex 8.51301 4.17419 2.5
      vertex 131.638 3.98265 2.5
    endloop
  endfacet
  facet normal -0 0 1
    outer loop
      vertex 8.36718 3.9892 2.5
      vertex 131.638 3.98265 2.5
      vertex 8.51301 4.17419 2.5
    endloop
  endfacet
  facet normal 0 0 1
    outer loop
      vertex 8.36201 3.98265 2.5
      vertex 131.638 3.98265 2.5
      vertex 8.36718 3.9892 2.5
    endloop
  endfacet
  facet normal 0 0 1
    outer loop
      vertex 131.638 3.98265 2.5
      vertex 8.36201 3.98265 2.5
      vertex 131.644 3.97652 2.5
    endloop
  endfacet
  facet normal 0 0 1
    outer loop
      vertex 131.644 3.97652 2.5
      vertex 8.36201 3.98265 2.5
      vertex 131.804 3.80355 2.5
    endloop
  endfacet
  facet normal -0 0 1
    outer loop
      vertex 8.35635 3.97652 2.5
      vertex 131.804 3.80355 2.5
      vertex 8.36201 3.98265 2.5
    endloop
  endfacet
  facet normal 0 0 1
    outer loop
      vertex 8.19645 3.80355 2.5
      vertex 131.804 3.80355 2.5
      vertex 8.35635 3.97652 2.5
    endloop
  endfacet
  facet normal 0 0 1
    outer loop
      vertex 131.804 3.80355 2.5
      vertex 8.19645 3.80355 2.5
      vertex 131.983 3.63799 2.5
    endloop
  endfacet
  facet normal -0 0 1
    outer loop
      vertex 8.02347 3.64365 2.5
      vertex 131.983 3.63799 2.5
      vertex 8.19645 3.80355 2.5
    endloop
  endfacet
  facet normal 0 0 1
    outer loop
      vertex 8.01735 3.63799 2.5
      vertex 131.983 3.63799 2.5
      vertex 8.02347 3.64365 2.5
    endloop
  endfacet
  facet normal 0 0 1
    outer loop
      vertex 131.983 3.63799 2.5
      vertex 8.01735 3.63799 2.5
      vertex 136 0 2.5
    endloop
  endfacet
  facet normal 0 0 1
    outer loop
      vertex 4 0 2.5
      vertex 8.01735 3.63799 2.5
      vertex 8.0108 3.63282 2.5
    endloop
  endfacet
  facet normal 0 0 1
    outer loop
      vertex 4 0 2.5
      vertex 8.0108 3.63282 2.5
      vertex 7.82581 3.48699 2.5
    endloop
  endfacet
  facet normal 0 0 1
    outer loop
      vertex 4 0 2.5
      vertex 7.82581 3.48699 2.5
      vertex 7.81887 3.48236 2.5
    endloop
  endfacet
  facet normal 0 0 1
    outer loop
      vertex 4 0 2.5
      vertex 7.81887 3.48236 2.5
      vertex 7.62301 3.35149 2.5
    endloop
  endfacet
  facet normal 0 0 1
    outer loop
      vertex 4 0 2.5
      vertex 7.62301 3.35149 2.5
      vertex 7.61573 3.34741 2.5
    endloop
  endfacet
  facet normal 0 0 1
    outer loop
      vertex 4 0 2.5
      vertex 7.61573 3.34741 2.5
      vertex 7.41021 3.23231 2.5
    endloop
  endfacet
  facet normal 0 0 1
    outer loop
      vertex 4 0 2.5
      vertex 7.41021 3.23231 2.5
      vertex 7.19629 3.13369 2.5
    endloop
  endfacet
  facet normal 0 0 1
    outer loop
      vertex 4 0 2.5
      vertex 7.19629 3.13369 2.5
      vertex 7.18871 3.1302 2.5
    endloop
  endfacet
  facet normal 0 0 1
    outer loop
      vertex 4 0 2.5
      vertex 7.18871 3.1302 2.5
      vertex 6.96771 3.04867 2.5
    endloop
  endfacet
  facet normal 0 0 1
    outer loop
      vertex 4 0 2.5
      vertex 6.96771 3.04867 2.5
      vertex 6.95988 3.04578 2.5
    endloop
  endfacet
  facet normal 0 0 1
    outer loop
      vertex 4 0 2.5
      vertex 6.95988 3.04578 2.5
      vertex 6.73317 2.98184 2.5
    endloop
  endfacet
  facet normal 0 0 1
    outer loop
      vertex 4 0 2.5
      vertex 6.73317 2.98184 2.5
      vertex 6.72514 2.97957 2.5
    endloop
  endfacet
  facet normal 0 0 1
    outer loop
      vertex 4 0 2.5
      vertex 6.72514 2.97957 2.5
      vertex 6.49411 2.93362 2.5
    endloop
  endfacet
  facet normal 0 0 1
    outer loop
      vertex 4 0 2.5
      vertex 6.49411 2.93362 2.5
      vertex 6.48592 2.93199 2.5
    endloop
  endfacet
  facet normal 0 0 1
    outer loop
      vertex 4 0 2.5
      vertex 6.48592 2.93199 2.5
      vertex 6.47764 2.93101 2.5
    endloop
  endfacet
  facet normal 0 0 1
    outer loop
      vertex 4 0 2.5
      vertex 6.47764 2.93101 2.5
      vertex 6.24371 2.90332 2.5
    endloop
  endfacet
  facet normal 0 0 1
    outer loop
      vertex 4 0 2.5
      vertex 6.24371 2.90332 2.5
      vertex 6.00834 2.89408 2.5
    endloop
  endfacet
  facet normal 0 0 1
    outer loop
      vertex 4 0 2.5
      vertex 6.00834 2.89408 2.5
      vertex 6 2.89375 2.5
    endloop
  endfacet
  facet normal 0 0 1
    outer loop
      vertex 4 0 2.5
      vertex 5.99166 2.89408 2.5
      vertex 5.75629 2.90332 2.5
    endloop
  endfacet
  facet normal 0 0 1
    outer loop
      vertex 4 0 2.5
      vertex 5.26683 2.98184 2.5
      vertex 5.04012 3.04578 2.5
    endloop
  endfacet
  facet normal 0 0 1
    outer loop
      vertex 4 0 2.5
      vertex 4.80371 3.13369 2.5
      vertex 4.58979 3.23231 2.5
    endloop
  endfacet
  facet normal 0 0 1
    outer loop
      vertex 8.01735 3.63799 2.5
      vertex 4 0 2.5
      vertex 136 0 2.5
    endloop
  endfacet
  facet normal 0 0 1
    outer loop
      vertex 5.99166 2.89408 2.5
      vertex 4 0 2.5
      vertex 6 2.89375 2.5
    endloop
  endfacet
  facet normal 0 0 1
    outer loop
      vertex 5.52236 2.93101 2.5
      vertex 4 0 2.5
      vertex 5.75629 2.90332 2.5
    endloop
  endfacet
  facet normal 0 0 1
    outer loop
      vertex 5.51408 2.93199 2.5
      vertex 4 0 2.5
      vertex 5.52236 2.93101 2.5
    endloop
  endfacet
  facet normal 0 0 1
    outer loop
      vertex 5.50589 2.93362 2.5
      vertex 4 0 2.5
      vertex 5.51408 2.93199 2.5
    endloop
  endfacet
  facet normal 0 0 1
    outer loop
      vertex 5.27486 2.97957 2.5
      vertex 4 0 2.5
      vertex 5.50589 2.93362 2.5
    endloop
  endfacet
  facet normal 0 0 1
    outer loop
      vertex 5.26683 2.98184 2.5
      vertex 4 0 2.5
      vertex 5.27486 2.97957 2.5
    endloop
  endfacet
  facet normal 0 0 1
    outer loop
      vertex 5.03229 3.04867 2.5
      vertex 4 0 2.5
      vertex 5.04012 3.04578 2.5
    endloop
  endfacet
  facet normal 0 0 1
    outer loop
      vertex 4.81129 3.1302 2.5
      vertex 4 0 2.5
      vertex 5.03229 3.04867 2.5
    endloop
  endfacet
  facet normal 0 0 1
    outer loop
      vertex 4.80371 3.13369 2.5
      vertex 4 0 2.5
      vertex 4.81129 3.1302 2.5
    endloop
  endfacet
  facet normal 0 0 1
    outer loop
      vertex 3.37426 0.0492458 2.5
      vertex 4.58979 3.23231 2.5
      vertex 4.38427 3.34741 2.5
    endloop
  endfacet
  facet normal 0 0 1
    outer loop
      vertex 3.06622 0.110519 2.5
      vertex 4.38427 3.34741 2.5
      vertex 4.37699 3.35149 2.5
    endloop
  endfacet
  facet normal 0 0 1
    outer loop
      vertex 2.76393 0.195773 2.5
      vertex 4.37699 3.35149 2.5
      vertex 4.18113 3.48236 2.5
    endloop
  endfacet
  facet normal 0 0 1
    outer loop
      vertex 2.46927 0.304482 2.5
      vertex 4.18113 3.48236 2.5
      vertex 4.17419 3.48699 2.5
    endloop
  endfacet
  facet normal 0 0 1
    outer loop
      vertex 2.18404 0.435973 2.5
      vertex 4.17419 3.48699 2.5
      vertex 3.9892 3.63282 2.5
    endloop
  endfacet
  facet normal 0 0 1
    outer loop
      vertex 1.91001 0.589438 2.5
      vertex 3.9892 3.63282 2.5
      vertex 3.98265 3.63799 2.5
    endloop
  endfacet
  facet normal 0 0 1
    outer loop
      vertex 1.64886 0.763931 2.5
      vertex 3.98265 3.63799 2.5
      vertex 3.97652 3.64365 2.5
    endloop
  endfacet
  facet normal 0 0 1
    outer loop
      vertex 1.40221 0.958376 2.5
      vertex 3.97652 3.64365 2.5
      vertex 3.80355 3.80355 2.5
    endloop
  endfacet
  facet normal 0 0 1
    outer loop
      vertex 4.58979 3.23231 2.5
      vertex 3.68616 0.0123301 2.5
      vertex 4 0 2.5
    endloop
  endfacet
  facet normal 0 0 1
    outer loop
      vertex 0.958376 1.40221 2.5
      vertex 3.80355 3.80355 2.5
      vertex 3.64365 3.97652 2.5
    endloop
  endfacet
  facet normal 0 0 1
    outer loop
      vertex 0.763931 1.64886 2.5
      vertex 3.64365 3.97652 2.5
      vertex 3.63799 3.98265 2.5
    endloop
  endfacet
  facet normal 0 0 1
    outer loop
      vertex 0.589438 1.91001 2.5
      vertex 3.63799 3.98265 2.5
      vertex 3.63282 3.9892 2.5
    endloop
  endfacet
  facet normal 0 0 1
    outer loop
      vertex 0.589438 1.91001 2.5
      vertex 3.63282 3.9892 2.5
      vertex 3.48699 4.17419 2.5
    endloop
  endfacet
  facet normal 0 0 1
    outer loop
      vertex 0.304482 2.46927 2.5
      vertex 3.48699 4.17419 2.5
      vertex 3.48236 4.18113 2.5
    endloop
  endfacet
  facet normal 0 0 1
    outer loop
      vertex 4.58979 3.23231 2.5
      vertex 3.37426 0.0492458 2.5
      vertex 3.68616 0.0123301 2.5
    endloop
  endfacet
  facet normal 0 0 1
    outer loop
      vertex 0.195773 2.76393 2.5
      vertex 3.48236 4.18113 2.5
      vertex 3.35149 4.37699 2.5
    endloop
  endfacet
  facet normal 0 0 1
    outer loop
      vertex 0.110519 3.06622 2.5
      vertex 3.35149 4.37699 2.5
      vertex 3.34741 4.38427 2.5
    endloop
  endfacet
  facet normal 0 0 1
    outer loop
      vertex 0.0492458 3.37426 2.5
      vertex 3.34741 4.38427 2.5
      vertex 3.23231 4.58979 2.5
    endloop
  endfacet
  facet normal 0 0 1
    outer loop
      vertex 0 4 2.5
      vertex 3.23231 4.58979 2.5
      vertex 3.13369 4.80371 2.5
    endloop
  endfacet
  facet normal 0 0 1
    outer loop
      vertex 0 4 2.5
      vertex 3.13369 4.80371 2.5
      vertex 3.1302 4.81129 2.5
    endloop
  endfacet
  facet normal 0 0 1
    outer loop
      vertex 4.38427 3.34741 2.5
      vertex 3.06622 0.110519 2.5
      vertex 3.37426 0.0492458 2.5
    endloop
  endfacet
  facet normal 0 0 1
    outer loop
      vertex 0 4 2.5
      vertex 3.1302 4.81129 2.5
      vertex 3.04867 5.03229 2.5
    endloop
  endfacet
  facet normal 0 0 1
    outer loop
      vertex 0 4 2.5
      vertex 3.04867 5.03229 2.5
      vertex 3.04578 5.04012 2.5
    endloop
  endfacet
  facet normal 0 0 1
    outer loop
      vertex 0 4 2.5
      vertex 3.04578 5.04012 2.5
      vertex 2.98184 5.26683 2.5
    endloop
  endfacet
  facet normal 0 0 1
    outer loop
      vertex 0 4 2.5
      vertex 2.98184 5.26683 2.5
      vertex 2.97957 5.27486 2.5
    endloop
  endfacet
  facet normal 0 0 1
    outer loop
      vertex 0 4 2.5
      vertex 2.97957 5.27486 2.5
      vertex 2.93362 5.50589 2.5
    endloop
  endfacet
  facet normal 0 0 1
    outer loop
      vertex 0 4 2.5
      vertex 2.93362 5.50589 2.5
      vertex 2.93199 5.51408 2.5
    endloop
  endfacet
  facet normal 0 0 1
    outer loop
      vertex 0 4 2.5
      vertex 2.93199 5.51408 2.5
      vertex 2.93101 5.52236 2.5
    endloop
  endfacet
  facet normal 0 0 1
    outer loop
      vertex 0 4 2.5
      vertex 2.93101 5.52236 2.5
      vertex 2.90332 5.75629 2.5
    endloop
  endfacet
  facet normal 0 0 1
    outer loop
      vertex 0 4 2.5
      vertex 2.90332 5.75629 2.5
      vertex 2.89408 5.99166 2.5
    endloop
  endfacet
  facet normal 0 0 1
    outer loop
      vertex 0 4 2.5
      vertex 2.89408 5.99166 2.5
      vertex 2.89375 6 2.5
    endloop
  endfacet
  facet normal 0 0 1
    outer loop
      vertex 4.37699 3.35149 2.5
      vertex 2.76393 0.195773 2.5
      vertex 3.06622 0.110519 2.5
    endloop
  endfacet
  facet normal 0 0 1
    outer loop
      vertex 2.90332 6.24371 2.5
      vertex 0 4 2.5
      vertex 2.89408 6.00834 2.5
    endloop
  endfacet
  facet normal 0 0 1
    outer loop
      vertex 3.34741 70.6157 2.5
      vertex 0.0492458 71.6257 2.5
      vertex 3.23231 70.4102 2.5
    endloop
  endfacet
  facet normal 0 0 1
    outer loop
      vertex 2.89408 6.00834 2.5
      vertex 0 4 2.5
      vertex 2.89375 6 2.5
    endloop
  endfacet
  facet normal -0 0 1
    outer loop
      vertex 0.0123301 71.3138 2.5
      vertex 3.23231 70.4102 2.5
      vertex 0.0492458 71.6257 2.5
    endloop
  endfacet
  facet normal 0 0 1
    outer loop
      vertex 3.23231 4.58979 2.5
      vertex 0 4 2.5
      vertex 0.0123301 3.68616 2.5
    endloop
  endfacet
  facet normal -0 0 1
    outer loop
      vertex 0 71 2.5
      vertex 3.23231 70.4102 2.5
      vertex 0.0123301 71.3138 2.5
    endloop
  endfacet
  facet normal 0 0 1
    outer loop
      vertex 4.18113 3.48236 2.5
      vertex 2.46927 0.304482 2.5
      vertex 2.76393 0.195773 2.5
    endloop
  endfacet
  facet normal 0 0 1
    outer loop
      vertex 3.23231 70.4102 2.5
      vertex 0 71 2.5
      vertex 3.13369 70.1963 2.5
    endloop
  endfacet
  facet normal 0 0 1
    outer loop
      vertex 4.17419 3.48699 2.5
      vertex 2.18404 0.435973 2.5
      vertex 2.46927 0.304482 2.5
    endloop
  endfacet
  facet normal 0 0 1
    outer loop
      vertex 3.13369 70.1963 2.5
      vertex 0 71 2.5
      vertex 3.1302 70.1887 2.5
    endloop
  endfacet
  facet normal 0 0 1
    outer loop
      vertex 3.9892 3.63282 2.5
      vertex 1.91001 0.589438 2.5
      vertex 2.18404 0.435973 2.5
    endloop
  endfacet
  facet normal 0 0 1
    outer loop
      vertex 3.1302 70.1887 2.5
      vertex 0 71 2.5
      vertex 3.04867 69.9677 2.5
    endloop
  endfacet
  facet normal 0 0 1
    outer loop
      vertex 3.98265 3.63799 2.5
      vertex 1.64886 0.763931 2.5
      vertex 1.91001 0.589438 2.5
    endloop
  endfacet
  facet normal 0 0 1
    outer loop
      vertex 3.04867 69.9677 2.5
      vertex 0 71 2.5
      vertex 3.04578 69.9599 2.5
    endloop
  endfacet
  facet normal 0 0 1
    outer loop
      vertex 3.97652 3.64365 2.5
      vertex 1.40221 0.958376 2.5
      vertex 1.64886 0.763931 2.5
    endloop
  endfacet
  facet normal 0 0 1
    outer loop
      vertex 3.04578 69.9599 2.5
      vertex 0 71 2.5
      vertex 2.98184 69.7332 2.5
    endloop
  endfacet
  facet normal 0 0 1
    outer loop
      vertex 3.80355 3.80355 2.5
      vertex 1.17157 1.17157 2.5
      vertex 1.40221 0.958376 2.5
    endloop
  endfacet
  facet normal 0 0 1
    outer loop
      vertex 2.98184 69.7332 2.5
      vertex 0 71 2.5
      vertex 2.97957 69.7251 2.5
    endloop
  endfacet
  facet normal 0 0 1
    outer loop
      vertex 3.80355 3.80355 2.5
      vertex 0.958376 1.40221 2.5
      vertex 1.17157 1.17157 2.5
    endloop
  endfacet
  facet normal 0 0 1
    outer loop
      vertex 2.97957 69.7251 2.5
      vertex 0 71 2.5
      vertex 2.93362 69.4941 2.5
    endloop
  endfacet
  facet normal 0 0 1
    outer loop
      vertex 3.64365 3.97652 2.5
      vertex 0.763931 1.64886 2.5
      vertex 0.958376 1.40221 2.5
    endloop
  endfacet
  facet normal 0 0 1
    outer loop
      vertex 2.93362 69.4941 2.5
      vertex 0 71 2.5
      vertex 2.93199 69.4859 2.5
    endloop
  endfacet
  facet normal 0 0 1
    outer loop
      vertex 3.63799 3.98265 2.5
      vertex 0.589438 1.91001 2.5
      vertex 0.763931 1.64886 2.5
    endloop
  endfacet
  facet normal 0 0 1
    outer loop
      vertex 2.93199 69.4859 2.5
      vertex 0 71 2.5
      vertex 2.93101 69.4776 2.5
    endloop
  endfacet
  facet normal 0 0 1
    outer loop
      vertex 3.48699 4.17419 2.5
      vertex 0.435973 2.18404 2.5
      vertex 0.589438 1.91001 2.5
    endloop
  endfacet
  facet normal 0 0 1
    outer loop
      vertex 2.93101 69.4776 2.5
      vertex 0 71 2.5
      vertex 2.90332 69.2437 2.5
    endloop
  endfacet
  facet normal 0 0 1
    outer loop
      vertex 3.48699 4.17419 2.5
      vertex 0.304482 2.46927 2.5
      vertex 0.435973 2.18404 2.5
    endloop
  endfacet
  facet normal 0 0 1
    outer loop
      vertex 2.90332 69.2437 2.5
      vertex 0 71 2.5
      vertex 2.89408 69.0083 2.5
    endloop
  endfacet
  facet normal 0 0 1
    outer loop
      vertex 3.48236 4.18113 2.5
      vertex 0.195773 2.76393 2.5
      vertex 0.304482 2.46927 2.5
    endloop
  endfacet
  facet normal 0 0 1
    outer loop
      vertex 2.89408 69.0083 2.5
      vertex 0 71 2.5
      vertex 2.89375 69 2.5
    endloop
  endfacet
  facet normal 0 0 1
    outer loop
      vertex 3.35149 4.37699 2.5
      vertex 0.110519 3.06622 2.5
      vertex 0.195773 2.76393 2.5
    endloop
  endfacet
  facet normal 0 0 1
    outer loop
      vertex 3.34741 4.38427 2.5
      vertex 0.0492458 3.37426 2.5
      vertex 0.110519 3.06622 2.5
    endloop
  endfacet
  facet normal 0 0 1
    outer loop
      vertex 3.23231 4.58979 2.5
      vertex 0.0123301 3.68616 2.5
      vertex 0.0492458 3.37426 2.5
    endloop
  endfacet
endsolid OpenSCAD_Model
